public_entity_id;official_name;official_name_norm;source_system;source_code;is_public_entity;is_public_service_strict;public_entity_type;dipres_reference_match;rut;entity_id;sii_legal_name;sii_match_method;sii_match_confidence;source_url;source_api_url;strict_reference_url
PUB-CL-AAD5DB8414F8DE7197A4;DIRECCION DE ABASTECIMIENTO DE LA ARMADA;DIRECCION DE ABASTECIMIENTO DE LA ARMADA;CHILECOMPRA_MERCADO_PUBLICO;111875;true;false;DEFENCE_OR_PUBLIC_SECURITY;false;61102004-K;ENT-RUT-61102004-K;DIRECCION DE ABASTECIMIENTO DE LA ARMADA;EXACT_NORMALIZED_NAME_UNIQUE;HIGH;https://datos-abiertos.chilecompra.cl/organismos-compradores;https://api.mercadopublico.cl/servicios/v1/Publico/Empresas/BuscarComprador?ticket=F8537A18-6766-4DEF-9E59-426B4FEE2844;https://www.dipres.gob.cl/597/w3-multipropertyvalues-15145-37782.html
PUB-CL-8BD36DA19A6EB3EB84E2;DIRECCION DE LOGISTICA DE CARABINEROS;DIRECCION DE LOGISTICA DE CARABINEROS;CHILECOMPRA_MERCADO_PUBLICO;113812;true;false;DEFENCE_OR_PUBLIC_SECURITY;false;61938500-4;ENT-RUT-61938500-4;DIRECCION DE LOGISTICA DE CARABINEROS;EXACT_NORMALIZED_NAME_UNIQUE;HIGH;https://datos-abiertos.chilecompra.cl/organismos-compradores;https://api.mercadopublico.cl/servicios/v1/Publico/Empresas/BuscarComprador?ticket=F8537A18-6766-4DEF-9E59-426B4FEE2844;https://www.dipres.gob.cl/597/w3-multipropertyvalues-15145-37782.html
PUB-CL-F28D287CE6993E604E33;DIRECCION GENERAL DE GENDARMERIA DE CHIL;DIRECCION GENERAL DE GENDARMERIA DE CHIL;CHILECOMPRA_MERCADO_PUBLICO;6925;true;false;DEFENCE_OR_PUBLIC_SECURITY;false;;;;NO_RUT_MATCH;UNMATCHED;https://datos-abiertos.chilecompra.cl/organismos-compradores;https://api.mercadopublico.cl/servicios/v1/Publico/Empresas/BuscarComprador?ticket=F8537A18-6766-4DEF-9E59-426B4FEE2844;https://www.dipres.gob.cl/597/w3-multipropertyvalues-15145-37782.html
PUB-CL-9CEDF0A7903C531AF227;DIRECCION PREVISION DE CARABINEROS DE CHILE;DIRECCION PREVISION DE CARABINEROS DE CHILE;CHILECOMPRA_MERCADO_PUBLICO;6927;true;false;DEFENCE_OR_PUBLIC_SECURITY;false;61513000-1;ENT-RUT-61513000-1;DIRECCION PREVISION DE CARABINEROS DE CHILE;EXACT_NORMALIZED_NAME_UNIQUE;HIGH;https://datos-abiertos.chilecompra.cl/organismos-compradores;https://api.mercadopublico.cl/servicios/v1/Publico/Empresas/BuscarComprador?ticket=F8537A18-6766-4DEF-9E59-426B4FEE2844;https://www.dipres.gob.cl/597/w3-multipropertyvalues-15145-37782.html
PUB-CL-E7D3936A0F48FF06EA45;DIVISION LOGISTICA DEL EJERCITO;DIVISION LOGISTICA DEL EJERCITO;CHILECOMPRA_MERCADO_PUBLICO;111870;true;false;DEFENCE_OR_PUBLIC_SECURITY;false;61101078-8;ENT-RUT-61101078-8;DIVISION LOGISTICA DEL EJERCITO;EXACT_NORMALIZED_NAME_UNIQUE;HIGH;https://datos-abiertos.chilecompra.cl/organismos-compradores;https://api.mercadopublico.cl/servicios/v1/Publico/Empresas/BuscarComprador?ticket=F8537A18-6766-4DEF-9E59-426B4FEE2844;https://www.dipres.gob.cl/597/w3-multipropertyvalues-15145-37782.html
PUB-CL-9F4611BF51AA5FE1012A;FUERZA AEREA DE CHILE COMANDO LOGISTICO;FUERZA AEREA DE CHILE COMANDO LOGISTICO;CHILECOMPRA_MERCADO_PUBLICO;6946;true;false;DEFENCE_OR_PUBLIC_SECURITY;false;61103035-5;ENT-RUT-61103035-5;FUERZA AEREA DE CHILE COMANDO LOGISTICO;EXACT_NORMALIZED_NAME_UNIQUE;HIGH;https://datos-abiertos.chilecompra.cl/organismos-compradores;https://api.mercadopublico.cl/servicios/v1/Publico/Empresas/BuscarComprador?ticket=F8537A18-6766-4DEF-9E59-426B4FEE2844;https://www.dipres.gob.cl/597/w3-multipropertyvalues-15145-37782.html
PUB-CL-EFD2E0A75E27F87A5D64;POLICIA DE INVESTIGACIONES DE CHILE;POLICIA DE INVESTIGACIONES DE CHILE;CHILECOMPRA_MERCADO_PUBLICO;111880;true;false;DEFENCE_OR_PUBLIC_SECURITY;false;60506000-5;ENT-RUT-60506000-5;POLICIA DE INVESTIGACIONES DE CHILE;EXACT_NORMALIZED_NAME_UNIQUE;HIGH;https://datos-abiertos.chilecompra.cl/organismos-compradores;https://api.mercadopublico.cl/servicios/v1/Publico/Empresas/BuscarComprador?ticket=F8537A18-6766-4DEF-9E59-426B4FEE2844;https://www.dipres.gob.cl/597/w3-multipropertyvalues-15145-37782.html
PUB-CL-00C374CCA50D56EF80A2;MINISTERIO DE BIENES NACIONALES;MINISTERIO DE BIENES NACIONALES;CHILECOMPRA_MERCADO_PUBLICO;6941;true;true;MINISTRY_OR_SUBSECRETARIAT;true;61402000-8;ENT-RUT-61402000-8;MINISTERIO DE BIENES NACIONALES;EXACT_NORMALIZED_NAME_UNIQUE;HIGH;https://datos-abiertos.chilecompra.cl/organismos-compradores;https://api.mercadopublico.cl/servicios/v1/Publico/Empresas/BuscarComprador?ticket=F8537A18-6766-4DEF-9E59-426B4FEE2844;https://www.dipres.gob.cl/597/w3-multipropertyvalues-15145-37782.html
PUB-CL-CD5E64EA2FE1DD72D19B;MINISTERIO DE OBRAS PUBLICAS DIREC CION GRAL DE OO PP DCYF;MINISTERIO DE OBRAS PUBLICAS DIREC CION GRAL DE OO PP DCYF;CHILECOMPRA_MERCADO_PUBLICO;7067;true;false;MINISTRY_OR_SUBSECRETARIAT;false;61202000-0;ENT-RUT-61202000-0;MINISTERIO DE OBRAS PUBLICAS DIREC CION GRAL DE OO PP DCYF;EXACT_NORMALIZED_NAME_UNIQUE;HIGH;https://datos-abiertos.chilecompra.cl/organismos-compradores;https://api.mercadopublico.cl/servicios/v1/Publico/Empresas/BuscarComprador?ticket=F8537A18-6766-4DEF-9E59-426B4FEE2844;https://www.dipres.gob.cl/597/w3-multipropertyvalues-15145-37782.html
PUB-CL-A75420460DA31AB7E3DD;MINISTERIO DE OBRAS PUBLICAS DIREC CION GRAL DE OO PP DCYF;MINISTERIO DE OBRAS PUBLICAS DIREC CION GRAL DE OO PP DCYF;CHILECOMPRA_MERCADO_PUBLICO;7068;true;false;MINISTRY_OR_SUBSECRETARIAT;false;61202000-0;ENT-RUT-61202000-0;MINISTERIO DE OBRAS PUBLICAS DIREC CION GRAL DE OO PP DCYF;EXACT_NORMALIZED_NAME_UNIQUE;HIGH;https://datos-abiertos.chilecompra.cl/organismos-compradores;https://api.mercadopublico.cl/servicios/v1/Publico/Empresas/BuscarComprador?ticket=F8537A18-6766-4DEF-9E59-426B4FEE2844;https://www.dipres.gob.cl/597/w3-multipropertyvalues-15145-37782.html
PUB-CL-F581CB0655B057D01443;MINISTERIO DE OBRAS PUBLICAS DIREC CION GRAL DE OO PP DCYF;MINISTERIO DE OBRAS PUBLICAS DIREC CION GRAL DE OO PP DCYF;CHILECOMPRA_MERCADO_PUBLICO;7242;true;false;MINISTRY_OR_SUBSECRETARIAT;false;61202000-0;ENT-RUT-61202000-0;MINISTERIO DE OBRAS PUBLICAS DIREC CION GRAL DE OO PP DCYF;EXACT_NORMALIZED_NAME_UNIQUE;HIGH;https://datos-abiertos.chilecompra.cl/organismos-compradores;https://api.mercadopublico.cl/servicios/v1/Publico/Empresas/BuscarComprador?ticket=F8537A18-6766-4DEF-9E59-426B4FEE2844;https://www.dipres.gob.cl/597/w3-multipropertyvalues-15145-37782.html
PUB-CL-4CAA43BC8CCC45C46308;MINISTERIO DE OBRAS PUBLICAS DIREC CION GRAL DE OO PP DCYF;MINISTERIO DE OBRAS PUBLICAS DIREC CION GRAL DE OO PP DCYF;CHILECOMPRA_MERCADO_PUBLICO;7243;true;false;MINISTRY_OR_SUBSECRETARIAT;false;61202000-0;ENT-RUT-61202000-0;MINISTERIO DE OBRAS PUBLICAS DIREC CION GRAL DE OO PP DCYF;EXACT_NORMALIZED_NAME_UNIQUE;HIGH;https://datos-abiertos.chilecompra.cl/organismos-compradores;https://api.mercadopublico.cl/servicios/v1/Publico/Empresas/BuscarComprador?ticket=F8537A18-6766-4DEF-9E59-426B4FEE2844;https://www.dipres.gob.cl/597/w3-multipropertyvalues-15145-37782.html
PUB-CL-0784A67C7EFCD8957961;MINISTERIO DE OBRAS PUBLICAS DIREC CION GRAL DE OO PP DCYF;MINISTERIO DE OBRAS PUBLICAS DIREC CION GRAL DE OO PP DCYF;CHILECOMPRA_MERCADO_PUBLICO;7244;true;false;MINISTRY_OR_SUBSECRETARIAT;false;61202000-0;ENT-RUT-61202000-0;MINISTERIO DE OBRAS PUBLICAS DIREC CION GRAL DE OO PP DCYF;EXACT_NORMALIZED_NAME_UNIQUE;HIGH;https://datos-abiertos.chilecompra.cl/organismos-compradores;https://api.mercadopublico.cl/servicios/v1/Publico/Empresas/BuscarComprador?ticket=F8537A18-6766-4DEF-9E59-426B4FEE2844;https://www.dipres.gob.cl/597/w3-multipropertyvalues-15145-37782.html
PUB-CL-466DADEEB232E6E4DB23;MINISTERIO DE OBRAS PUBLICAS DIREC CION GRAL DE OO PP DCYF;MINISTERIO DE OBRAS PUBLICAS DIREC CION GRAL DE OO PP DCYF;CHILECOMPRA_MERCADO_PUBLICO;7245;true;false;MINISTRY_OR_SUBSECRETARIAT;false;61202000-0;ENT-RUT-61202000-0;MINISTERIO DE OBRAS PUBLICAS DIREC CION GRAL DE OO PP DCYF;EXACT_NORMALIZED_NAME_UNIQUE;HIGH;https://datos-abiertos.chilecompra.cl/organismos-compradores;https://api.mercadopublico.cl/servicios/v1/Publico/Empresas/BuscarComprador?ticket=F8537A18-6766-4DEF-9E59-426B4FEE2844;https://www.dipres.gob.cl/597/w3-multipropertyvalues-15145-37782.html
PUB-CL-544945CEDDEC4C2C7A38;MINISTERIO DE OBRAS PUBLICAS DIREC CION GRAL DE OO PP DCYF;MINISTERIO DE OBRAS PUBLICAS DIREC CION GRAL DE OO PP DCYF;CHILECOMPRA_MERCADO_PUBLICO;7246;true;false;MINISTRY_OR_SUBSECRETARIAT;false;61202000-0;ENT-RUT-61202000-0;MINISTERIO DE OBRAS PUBLICAS DIREC CION GRAL DE OO PP DCYF;EXACT_NORMALIZED_NAME_UNIQUE;HIGH;https://datos-abiertos.chilecompra.cl/organismos-compradores;https://api.mercadopublico.cl/servicios/v1/Publico/Empresas/BuscarComprador?ticket=F8537A18-6766-4DEF-9E59-426B4FEE2844;https://www.dipres.gob.cl/597/w3-multipropertyvalues-15145-37782.html
PUB-CL-1C65C91B91113A7AA378;MINISTERIO DE OBRAS PUBLICAS DIREC CION GRAL DE OO PP DCYF;MINISTERIO DE OBRAS PUBLICAS DIREC CION GRAL DE OO PP DCYF;CHILECOMPRA_MERCADO_PUBLICO;7247;true;false;MINISTRY_OR_SUBSECRETARIAT;false;61202000-0;ENT-RUT-61202000-0;MINISTERIO DE OBRAS PUBLICAS DIREC CION GRAL DE OO PP DCYF;EXACT_NORMALIZED_NAME_UNIQUE;HIGH;https://datos-abiertos.chilecompra.cl/organismos-compradores;https://api.mercadopublico.cl/servicios/v1/Publico/Empresas/BuscarComprador?ticket=F8537A18-6766-4DEF-9E59-426B4FEE2844;https://www.dipres.gob.cl/597/w3-multipropertyvalues-15145-37782.html
PUB-CL-B80484848012B008058D;MINISTERIO DE OBRAS PUBLICAS DIREC CION GRAL DE OO PP DCYF;MINISTERIO DE OBRAS PUBLICAS DIREC CION GRAL DE OO PP DCYF;CHILECOMPRA_MERCADO_PUBLICO;7248;true;false;MINISTRY_OR_SUBSECRETARIAT;false;61202000-0;ENT-RUT-61202000-0;MINISTERIO DE OBRAS PUBLICAS DIREC CION GRAL DE OO PP DCYF;EXACT_NORMALIZED_NAME_UNIQUE;HIGH;https://datos-abiertos.chilecompra.cl/organismos-compradores;https://api.mercadopublico.cl/servicios/v1/Publico/Empresas/BuscarComprador?ticket=F8537A18-6766-4DEF-9E59-426B4FEE2844;https://www.dipres.gob.cl/597/w3-multipropertyvalues-15145-37782.html
PUB-CL-E83A499E022133A4F40B;MINISTERIO DE OBRAS PUBLICAS DIREC CION GRAL DE OO PP DCYF;MINISTERIO DE OBRAS PUBLICAS DIREC CION GRAL DE OO PP DCYF;CHILECOMPRA_MERCADO_PUBLICO;7249;true;false;MINISTRY_OR_SUBSECRETARIAT;false;61202000-0;ENT-RUT-61202000-0;MINISTERIO DE OBRAS PUBLICAS DIREC CION GRAL DE OO PP DCYF;EXACT_NORMALIZED_NAME_UNIQUE;HIGH;https://datos-abiertos.chilecompra.cl/organismos-compradores;https://api.mercadopublico.cl/servicios/v1/Publico/Empresas/BuscarComprador?ticket=F8537A18-6766-4DEF-9E59-426B4FEE2844;https://www.dipres.gob.cl/597/w3-multipropertyvalues-15145-37782.html
PUB-CL-0AEC264719038C36AC89;MINISTERIO DE OBRAS PUBLICAS DIREC CION GRAL DE OO PP DCYF;MINISTERIO DE OBRAS PUBLICAS DIREC CION GRAL DE OO PP DCYF;CHILECOMPRA_MERCADO_PUBLICO;7250;true;false;MINISTRY_OR_SUBSECRETARIAT;false;61202000-0;ENT-RUT-61202000-0;MINISTERIO DE OBRAS PUBLICAS DIREC CION GRAL DE OO PP DCYF;EXACT_NORMALIZED_NAME_UNIQUE;HIGH;https://datos-abiertos.chilecompra.cl/organismos-compradores;https://api.mercadopublico.cl/servicios/v1/Publico/Empresas/BuscarComprador?ticket=F8537A18-6766-4DEF-9E59-426B4FEE2844;https://www.dipres.gob.cl/597/w3-multipropertyvalues-15145-37782.html
PUB-CL-C6D945316EB95868ED7B;MINISTERIO PUBLICO;MINISTERIO PUBLICO;CHILECOMPRA_MERCADO_PUBLICO;224060;true;false;MINISTRY_OR_SUBSECRETARIAT;false;61935400-1;ENT-RUT-61935400-1;MINISTERIO PUBLICO;EXACT_NORMALIZED_NAME_UNIQUE;HIGH;https://datos-abiertos.chilecompra.cl/organismos-compradores;https://api.mercadopublico.cl/servicios/v1/Publico/Empresas/BuscarComprador?ticket=F8537A18-6766-4DEF-9E59-426B4FEE2844;https://www.dipres.gob.cl/597/w3-multipropertyvalues-15145-37782.html
PUB-CL-DC80B74396A6009305E6;MINISTERIO SECRETARIA GENERAL DE LA PRESIDENCIA DE LA REPUBLICA;MINISTERIO SECRETARIA GENERAL DE LA PRESIDENCIA DE LA REPUBLICA;CHILECOMPRA_MERCADO_PUBLICO;6949;true;false;MINISTRY_OR_SUBSECRETARIAT;false;60100003-2;ENT-RUT-60100003-2;MINISTERIO SECRETARIA GENERAL DE LA PRESIDENCIA DE LA REPUBLICA;EXACT_NORMALIZED_NAME_UNIQUE;HIGH;https://datos-abiertos.chilecompra.cl/organismos-compradores;https://api.mercadopublico.cl/servicios/v1/Publico/Empresas/BuscarComprador?ticket=F8537A18-6766-4DEF-9E59-426B4FEE2844;https://www.dipres.gob.cl/597/w3-multipropertyvalues-15145-37782.html
PUB-CL-A1E002712D85544E784D;SUBSECRETARIA DE CIENCIA, TECNOLOGIA, CONOCIMIENTO E INNOVACION;SUBSECRETARIA DE CIENCIA TECNOLOGIA CONOCIMIENTO E INNOVACION;CHILECOMPRA_MERCADO_PUBLICO;1689493;true;false;MINISTRY_OR_SUBSECRETARIAT;false;62000740-4;ENT-RUT-62000740-4;SUBSECRETARIA DE CIENCIA, TECNOLOGIA, CONOCIMIENTO E INNOVACION;EXACT_NORMALIZED_NAME_UNIQUE;HIGH;https://datos-abiertos.chilecompra.cl/organismos-compradores;https://api.mercadopublico.cl/servicios/v1/Publico/Empresas/BuscarComprador?ticket=F8537A18-6766-4DEF-9E59-426B4FEE2844;https://www.dipres.gob.cl/597/w3-multipropertyvalues-15145-37782.html
PUB-CL-37E2BB32D8F1F57A1F2F;SUBSECRETARIA DE DESARROLLO REGIONAL Y ADMINISTRATIVO;SUBSECRETARIA DE DESARROLLO REGIONAL Y ADMINISTRATIVO;CHILECOMPRA_MERCADO_PUBLICO;7081;true;false;MINISTRY_OR_SUBSECRETARIAT;false;60515000-4;ENT-RUT-60515000-4;SUBSECRETARIA DE DESARROLLO REGIONAL Y ADMINISTRATIVO;EXACT_NORMALIZED_NAME_UNIQUE;HIGH;https://datos-abiertos.chilecompra.cl/organismos-compradores;https://api.mercadopublico.cl/servicios/v1/Publico/Empresas/BuscarComprador?ticket=F8537A18-6766-4DEF-9E59-426B4FEE2844;https://www.dipres.gob.cl/597/w3-multipropertyvalues-15145-37782.html
PUB-CL-CCD77CCC89ED505AEE04;SUBSECRETARIA DE ECONOMIA Y EMPRESAS DE MENOR TAMANO;SUBSECRETARIA DE ECONOMIA Y EMPRESAS DE MENOR TAMANO;CHILECOMPRA_MERCADO_PUBLICO;7078;true;false;MINISTRY_OR_SUBSECRETARIAT;false;60701000-5;ENT-RUT-60701000-5;SUBSECRETARIA DE ECONOMIA Y EMPRESAS DE MENOR TAMANO;EXACT_NORMALIZED_NAME_UNIQUE;HIGH;https://datos-abiertos.chilecompra.cl/organismos-compradores;https://api.mercadopublico.cl/servicios/v1/Publico/Empresas/BuscarComprador?ticket=F8537A18-6766-4DEF-9E59-426B4FEE2844;https://www.dipres.gob.cl/597/w3-multipropertyvalues-15145-37782.html
PUB-CL-B5F2A81AF3C8545C96AF;SUBSECRETARIA DE ENERGIA;SUBSECRETARIA DE ENERGIA;CHILECOMPRA_MERCADO_PUBLICO;1155673;true;false;MINISTRY_OR_SUBSECRETARIAT;false;61979830-9;ENT-RUT-61979830-9;SUBSECRETARIA DE ENERGIA;EXACT_NORMALIZED_NAME_UNIQUE;HIGH;https://datos-abiertos.chilecompra.cl/organismos-compradores;https://api.mercadopublico.cl/servicios/v1/Publico/Empresas/BuscarComprador?ticket=F8537A18-6766-4DEF-9E59-426B4FEE2844;https://www.dipres.gob.cl/597/w3-multipropertyvalues-15145-37782.html
PUB-CL-505064A5247B16A7DB72;SUBSECRETARIA DE PESCA Y ACUICULTURA;SUBSECRETARIA DE PESCA Y ACUICULTURA;CHILECOMPRA_MERCADO_PUBLICO;7211;true;false;MINISTRY_OR_SUBSECRETARIAT;false;60719000-3;ENT-RUT-60719000-3;SUBSECRETARIA DE PESCA Y ACUICULTURA;EXACT_NORMALIZED_NAME_UNIQUE;HIGH;https://datos-abiertos.chilecompra.cl/organismos-compradores;https://api.mercadopublico.cl/servicios/v1/Publico/Empresas/BuscarComprador?ticket=F8537A18-6766-4DEF-9E59-426B4FEE2844;https://www.dipres.gob.cl/597/w3-multipropertyvalues-15145-37782.html
PUB-CL-F06294D811A153B36AF8;SUBSECRETARIA DE PREVISION SOCIAL;SUBSECRETARIA DE PREVISION SOCIAL;CHILECOMPRA_MERCADO_PUBLICO;7191;true;false;MINISTRY_OR_SUBSECRETARIAT;false;61503000-7;ENT-RUT-61503000-7;SUBSECRETARIA DE PREVISION SOCIAL;EXACT_NORMALIZED_NAME_UNIQUE;HIGH;https://datos-abiertos.chilecompra.cl/organismos-compradores;https://api.mercadopublico.cl/servicios/v1/Publico/Empresas/BuscarComprador?ticket=F8537A18-6766-4DEF-9E59-426B4FEE2844;https://www.dipres.gob.cl/597/w3-multipropertyvalues-15145-37782.html
PUB-CL-200C8C525083F54A9507;SUBSECRETARIA DE RELACIONES ECONOMICAS INTERNACIONALES;SUBSECRETARIA DE RELACIONES ECONOMICAS INTERNACIONALES;CHILECOMPRA_MERCADO_PUBLICO;1674041;true;false;MINISTRY_OR_SUBSECRETARIAT;false;62000670-K;ENT-RUT-62000670-K;SUBSECRETARIA DE RELACIONES ECONOMICAS INTERNACIONALES;EXACT_NORMALIZED_NAME_UNIQUE;HIGH;https://datos-abiertos.chilecompra.cl/organismos-compradores;https://api.mercadopublico.cl/servicios/v1/Publico/Empresas/BuscarComprador?ticket=F8537A18-6766-4DEF-9E59-426B4FEE2844;https://www.dipres.gob.cl/597/w3-multipropertyvalues-15145-37782.html
PUB-CL-57C9B191AB952AD4C5C7;SUBSECRETARIA DE RELACIONES EXTERIORES;SUBSECRETARIA DE RELACIONES EXTERIORES;CHILECOMPRA_MERCADO_PUBLICO;7227;true;false;MINISTRY_OR_SUBSECRETARIAT;false;60601000-1;ENT-RUT-60601000-1;SUBSECRETARIA DE RELACIONES EXTERIORES;EXACT_NORMALIZED_NAME_UNIQUE;HIGH;https://datos-abiertos.chilecompra.cl/organismos-compradores;https://api.mercadopublico.cl/servicios/v1/Publico/Empresas/BuscarComprador?ticket=F8537A18-6766-4DEF-9E59-426B4FEE2844;https://www.dipres.gob.cl/597/w3-multipropertyvalues-15145-37782.html
PUB-CL-DB46C8D801655B698933;SUBSECRETARIA DE SALUD PUBLICA;SUBSECRETARIA DE SALUD PUBLICA;CHILECOMPRA_MERCADO_PUBLICO;7079;true;false;MINISTRY_OR_SUBSECRETARIAT;false;61601000-K;ENT-RUT-61601000-K;SUBSECRETARIA DE SALUD PUBLICA;EXACT_NORMALIZED_NAME_UNIQUE;HIGH;https://datos-abiertos.chilecompra.cl/organismos-compradores;https://api.mercadopublico.cl/servicios/v1/Publico/Empresas/BuscarComprador?ticket=F8537A18-6766-4DEF-9E59-426B4FEE2844;https://www.dipres.gob.cl/597/w3-multipropertyvalues-15145-37782.html
PUB-CL-5C681BD3886425784D2A;SUBSECRETARIA DE SERVICIOS SOCIALES;SUBSECRETARIA DE SERVICIOS SOCIALES;CHILECOMPRA_MERCADO_PUBLICO;6947;true;false;MINISTRY_OR_SUBSECRETARIAT;false;60103000-4;ENT-RUT-60103000-4;SUBSECRETARIA DE SERVICIOS SOCIALES;EXACT_NORMALIZED_NAME_UNIQUE;HIGH;https://datos-abiertos.chilecompra.cl/organismos-compradores;https://api.mercadopublico.cl/servicios/v1/Publico/Empresas/BuscarComprador?ticket=F8537A18-6766-4DEF-9E59-426B4FEE2844;https://www.dipres.gob.cl/597/w3-multipropertyvalues-15145-37782.html
PUB-CL-325B4F8EA3C346B11AE3;SUBSECRETARIA DE TELECOMUNICACIONES;SUBSECRETARIA DE TELECOMUNICACIONES;CHILECOMPRA_MERCADO_PUBLICO;6934;true;false;MINISTRY_OR_SUBSECRETARIAT;false;60513000-3;ENT-RUT-60513000-3;SUBSECRETARIA DE TELECOMUNICACIONES;EXACT_NORMALIZED_NAME_UNIQUE;HIGH;https://datos-abiertos.chilecompra.cl/organismos-compradores;https://api.mercadopublico.cl/servicios/v1/Publico/Empresas/BuscarComprador?ticket=F8537A18-6766-4DEF-9E59-426B4FEE2844;https://www.dipres.gob.cl/597/w3-multipropertyvalues-15145-37782.html
PUB-CL-29A9B274B095CFF507CF;SUBSECRETARIA DE TRANSPORTES;SUBSECRETARIA DE TRANSPORTES;CHILECOMPRA_MERCADO_PUBLICO;7007;true;false;MINISTRY_OR_SUBSECRETARIAT;false;61212000-5;ENT-RUT-61212000-5;SUBSECRETARIA DE TRANSPORTES;EXACT_NORMALIZED_NAME_UNIQUE;HIGH;https://datos-abiertos.chilecompra.cl/organismos-compradores;https://api.mercadopublico.cl/servicios/v1/Publico/Empresas/BuscarComprador?ticket=F8537A18-6766-4DEF-9E59-426B4FEE2844;https://www.dipres.gob.cl/597/w3-multipropertyvalues-15145-37782.html
PUB-CL-6EFBAD85DEE018B5772D;SUBSECRETARIA DEL INTERIOR;SUBSECRETARIA DEL INTERIOR;CHILECOMPRA_MERCADO_PUBLICO;6944;true;false;MINISTRY_OR_SUBSECRETARIAT;false;60501000-8;ENT-RUT-60501000-8;SUBSECRETARIA DEL INTERIOR;EXACT_NORMALIZED_NAME_UNIQUE;HIGH;https://datos-abiertos.chilecompra.cl/organismos-compradores;https://api.mercadopublico.cl/servicios/v1/Publico/Empresas/BuscarComprador?ticket=F8537A18-6766-4DEF-9E59-426B4FEE2844;https://www.dipres.gob.cl/597/w3-multipropertyvalues-15145-37782.html
PUB-CL-FE385967EFA5AC88A113;SUBSECRETARIA DEL MEDIO AMBIENTE;SUBSECRETARIA DEL MEDIO AMBIENTE;CHILECOMPRA_MERCADO_PUBLICO;1198788;true;false;MINISTRY_OR_SUBSECRETARIAT;false;61979930-5;ENT-RUT-61979930-5;SUBSECRETARIA DEL MEDIO AMBIENTE;EXACT_NORMALIZED_NAME_UNIQUE;HIGH;https://datos-abiertos.chilecompra.cl/organismos-compradores;https://api.mercadopublico.cl/servicios/v1/Publico/Empresas/BuscarComprador?ticket=F8537A18-6766-4DEF-9E59-426B4FEE2844;https://www.dipres.gob.cl/597/w3-multipropertyvalues-15145-37782.html
PUB-CL-C7E552AA77D0745FC4B5;SUBSECRETARIA DEL MINISTERIO DE AGRICULT;SUBSECRETARIA DEL MINISTERIO DE AGRICULT;CHILECOMPRA_MERCADO_PUBLICO;7189;true;false;MINISTRY_OR_SUBSECRETARIAT;false;61301000-9;ENT-RUT-61301000-9;SUBSECRETARIA DEL MINISTERIO DE AGRICULT;EXACT_NORMALIZED_NAME_UNIQUE;HIGH;https://datos-abiertos.chilecompra.cl/organismos-compradores;https://api.mercadopublico.cl/servicios/v1/Publico/Empresas/BuscarComprador?ticket=F8537A18-6766-4DEF-9E59-426B4FEE2844;https://www.dipres.gob.cl/597/w3-multipropertyvalues-15145-37782.html
PUB-CL-0134871A9C37D24A664C;SUBSECRETARIA DEL MINISTERIO DE EDUCACION PUBLICA;SUBSECRETARIA DEL MINISTERIO DE EDUCACION PUBLICA;CHILECOMPRA_MERCADO_PUBLICO;6958;true;false;MINISTRY_OR_SUBSECRETARIAT;false;60901000-2;ENT-RUT-60901000-2;SUBSECRETARIA DEL MINISTERIO DE EDUCACION PUBLICA;EXACT_NORMALIZED_NAME_UNIQUE;HIGH;https://datos-abiertos.chilecompra.cl/organismos-compradores;https://api.mercadopublico.cl/servicios/v1/Publico/Empresas/BuscarComprador?ticket=F8537A18-6766-4DEF-9E59-426B4FEE2844;https://www.dipres.gob.cl/597/w3-multipropertyvalues-15145-37782.html
PUB-CL-5363B05FF51213610719;SUBSECRETARIA DEL MINISTERIO DE HACIENDA;SUBSECRETARIA DEL MINISTERIO DE HACIENDA;CHILECOMPRA_MERCADO_PUBLICO;6943;true;false;MINISTRY_OR_SUBSECRETARIAT;false;60801000-9;ENT-RUT-60801000-9;SUBSECRETARIA DEL MINISTERIO DE HACIENDA;EXACT_NORMALIZED_NAME_UNIQUE;HIGH;https://datos-abiertos.chilecompra.cl/organismos-compradores;https://api.mercadopublico.cl/servicios/v1/Publico/Empresas/BuscarComprador?ticket=F8537A18-6766-4DEF-9E59-426B4FEE2844;https://www.dipres.gob.cl/597/w3-multipropertyvalues-15145-37782.html
PUB-CL-D57AD8B1231196C453D7;SUBSECRETARIA DEL MINISTERIO DE JUSTICIA;SUBSECRETARIA DEL MINISTERIO DE JUSTICIA;CHILECOMPRA_MERCADO_PUBLICO;7080;true;false;MINISTRY_OR_SUBSECRETARIAT;false;61001000-8;ENT-RUT-61001000-8;SUBSECRETARIA DEL MINISTERIO DE JUSTICIA;EXACT_NORMALIZED_NAME_UNIQUE;HIGH;https://datos-abiertos.chilecompra.cl/organismos-compradores;https://api.mercadopublico.cl/servicios/v1/Publico/Empresas/BuscarComprador?ticket=F8537A18-6766-4DEF-9E59-426B4FEE2844;https://www.dipres.gob.cl/597/w3-multipropertyvalues-15145-37782.html
PUB-CL-81FB3C1EF077D54B0CDB;SUBSECRETARIA DEL MINISTERIO DE LA VIVIENDA Y URBANISMO;SUBSECRETARIA DEL MINISTERIO DE LA VIVIENDA Y URBANISMO;CHILECOMPRA_MERCADO_PUBLICO;6951;true;false;MINISTRY_OR_SUBSECRETARIAT;false;61801000-7;ENT-RUT-61801000-7;SUBSECRETARIA DEL MINISTERIO DE LA VIVIENDA Y URBANISMO;EXACT_NORMALIZED_NAME_UNIQUE;HIGH;https://datos-abiertos.chilecompra.cl/organismos-compradores;https://api.mercadopublico.cl/servicios/v1/Publico/Empresas/BuscarComprador?ticket=F8537A18-6766-4DEF-9E59-426B4FEE2844;https://www.dipres.gob.cl/597/w3-multipropertyvalues-15145-37782.html
PUB-CL-B037ECEF3BA867FA3E9F;SUBSECRETARIA DEL MINISTERIO DE MINERIA;SUBSECRETARIA DEL MINISTERIO DE MINERIA;CHILECOMPRA_MERCADO_PUBLICO;7018;true;false;MINISTRY_OR_SUBSECRETARIAT;false;;;;NO_RUT_MATCH;UNMATCHED;https://datos-abiertos.chilecompra.cl/organismos-compradores;https://api.mercadopublico.cl/servicios/v1/Publico/Empresas/BuscarComprador?ticket=F8537A18-6766-4DEF-9E59-426B4FEE2844;https://www.dipres.gob.cl/597/w3-multipropertyvalues-15145-37782.html
PUB-CL-DB4D9A5495C751DC06F2;SUBSECRETARIA DEL TRABAJO;SUBSECRETARIA DEL TRABAJO;CHILECOMPRA_MERCADO_PUBLICO;6939;true;false;MINISTRY_OR_SUBSECRETARIAT;false;61501000-6;ENT-RUT-61501000-6;SUBSECRETARIA DEL TRABAJO;EXACT_NORMALIZED_NAME_UNIQUE;HIGH;https://datos-abiertos.chilecompra.cl/organismos-compradores;https://api.mercadopublico.cl/servicios/v1/Publico/Empresas/BuscarComprador?ticket=F8537A18-6766-4DEF-9E59-426B4FEE2844;https://www.dipres.gob.cl/597/w3-multipropertyvalues-15145-37782.html
PUB-CL-CF21FD556FCB3EFFF2DF;SUBSECRETARÍA DE LAS CULTURAS Y LAS ARTES;SUBSECRETARIA DE LAS CULTURAS Y LAS ARTES;CHILECOMPRA_MERCADO_PUBLICO;7359;true;false;MINISTRY_OR_SUBSECRETARIAT;false;60901002-9;ENT-RUT-60901002-9;SUBSECRETARÍA DE LAS CULTURAS Y LAS ARTES;EXACT_NORMALIZED_NAME_UNIQUE;HIGH;https://datos-abiertos.chilecompra.cl/organismos-compradores;https://api.mercadopublico.cl/servicios/v1/Publico/Empresas/BuscarComprador?ticket=F8537A18-6766-4DEF-9E59-426B4FEE2844;https://www.dipres.gob.cl/597/w3-multipropertyvalues-15145-37782.html
PUB-CL-7D895021DDDC53B0B0B7;Subsecretaría de Aviación;SUBSECRETARIA DE AVIACION;CHILECOMPRA_MERCADO_PUBLICO;7065;true;false;MINISTRY_OR_SUBSECRETARIAT;false;61103000-2;ENT-RUT-61103000-2;SUBSECRETARIA DE AVIACION;EXACT_NORMALIZED_NAME_UNIQUE;HIGH;https://datos-abiertos.chilecompra.cl/organismos-compradores;https://api.mercadopublico.cl/servicios/v1/Publico/Empresas/BuscarComprador?ticket=F8537A18-6766-4DEF-9E59-426B4FEE2844;https://www.dipres.gob.cl/597/w3-multipropertyvalues-15145-37782.html
PUB-CL-D9ABB65A6D942E135CB2;Subsecretaría de Carabineros;SUBSECRETARIA DE CARABINEROS;CHILECOMPRA_MERCADO_PUBLICO;7036;true;false;MINISTRY_OR_SUBSECRETARIAT;false;61938800-3;ENT-RUT-61938800-3;SUBSECRETARIA DE CARABINEROS;EXACT_NORMALIZED_NAME_UNIQUE;HIGH;https://datos-abiertos.chilecompra.cl/organismos-compradores;https://api.mercadopublico.cl/servicios/v1/Publico/Empresas/BuscarComprador?ticket=F8537A18-6766-4DEF-9E59-426B4FEE2844;https://www.dipres.gob.cl/597/w3-multipropertyvalues-15145-37782.html
PUB-CL-BDA5DDA895D6CFB7FE97;Subsecretaría de Investigaciones;SUBSECRETARIA DE INVESTIGACIONES;CHILECOMPRA_MERCADO_PUBLICO;7217;true;false;MINISTRY_OR_SUBSECRETARIAT;false;;;;NO_RUT_MATCH;UNMATCHED;https://datos-abiertos.chilecompra.cl/organismos-compradores;https://api.mercadopublico.cl/servicios/v1/Publico/Empresas/BuscarComprador?ticket=F8537A18-6766-4DEF-9E59-426B4FEE2844;https://www.dipres.gob.cl/597/w3-multipropertyvalues-15145-37782.html
PUB-CL-7E9AAE677F1FE0AEE1D1;Subsecretaría de Marina;SUBSECRETARIA DE MARINA;CHILECOMPRA_MERCADO_PUBLICO;7221;true;false;MINISTRY_OR_SUBSECRETARIAT;false;61102000-7;ENT-RUT-61102000-7;SUBSECRETARIA DE MARINA;EXACT_NORMALIZED_NAME_UNIQUE;HIGH;https://datos-abiertos.chilecompra.cl/organismos-compradores;https://api.mercadopublico.cl/servicios/v1/Publico/Empresas/BuscarComprador?ticket=F8537A18-6766-4DEF-9E59-426B4FEE2844;https://www.dipres.gob.cl/597/w3-multipropertyvalues-15145-37782.html
PUB-CL-33B3488343D5D276D630;CORPORACION DE DESARROLLO E INNOVACION DE LA ILUSTRE MUNICIPALIDAD DE;CORPORACION DE DESARROLLO E INNOVACION DE LA MUNICIPALIDAD DE;CHILECOMPRA_MERCADO_PUBLICO;1765161;true;false;MUNICIPALITY;false;;;;NO_RUT_MATCH;UNMATCHED;https://datos-abiertos.chilecompra.cl/organismos-compradores;https://api.mercadopublico.cl/servicios/v1/Publico/Empresas/BuscarComprador?ticket=F8537A18-6766-4DEF-9E59-426B4FEE2844;https://www.dipres.gob.cl/597/w3-multipropertyvalues-15145-37782.html
PUB-CL-6DCCCBABA7086B316CC5;Corporación Cultural Municipalidad del Maule;CORPORACION CULTURAL MUNICIPALIDAD DEL MAULE;CHILECOMPRA_MERCADO_PUBLICO;1812451;true;false;MUNICIPALITY;false;;;;NO_RUT_MATCH;UNMATCHED;https://datos-abiertos.chilecompra.cl/organismos-compradores;https://api.mercadopublico.cl/servicios/v1/Publico/Empresas/BuscarComprador?ticket=F8537A18-6766-4DEF-9E59-426B4FEE2844;https://www.dipres.gob.cl/597/w3-multipropertyvalues-15145-37782.html
PUB-CL-23A47BCD5DB9AE77FC82;I MUNICIPALIDAD DE ALGARROBO;MUNICIPALIDAD DE ALGARROBO;CHILECOMPRA_MERCADO_PUBLICO;7294;true;false;MUNICIPALITY;false;69061600-9;ENT-RUT-69061600-9;I MUNICIPALIDAD DE ALGARROBO;EXACT_NORMALIZED_NAME_UNIQUE;HIGH;https://datos-abiertos.chilecompra.cl/organismos-compradores;https://api.mercadopublico.cl/servicios/v1/Publico/Empresas/BuscarComprador?ticket=F8537A18-6766-4DEF-9E59-426B4FEE2844;https://www.dipres.gob.cl/597/w3-multipropertyvalues-15145-37782.html
PUB-CL-3B6FE1A7D4523E9D6DBB;I MUNICIPALIDAD DE ALHUE;MUNICIPALIDAD DE ALHUE;CHILECOMPRA_MERCADO_PUBLICO;111124;true;false;MUNICIPALITY;false;69073200-9;ENT-RUT-69073200-9;I MUNICIPALIDAD DE ALHUE;EXACT_NORMALIZED_NAME_UNIQUE;HIGH;https://datos-abiertos.chilecompra.cl/organismos-compradores;https://api.mercadopublico.cl/servicios/v1/Publico/Empresas/BuscarComprador?ticket=F8537A18-6766-4DEF-9E59-426B4FEE2844;https://www.dipres.gob.cl/597/w3-multipropertyvalues-15145-37782.html
PUB-CL-DB2C0EB6767E515B7602;I MUNICIPALIDAD DE ANCUD;MUNICIPALIDAD DE ANCUD;CHILECOMPRA_MERCADO_PUBLICO;98452;true;false;MUNICIPALITY;false;69230100-5;ENT-RUT-69230100-5;I MUNICIPALIDAD DE ANCUD;EXACT_NORMALIZED_NAME_UNIQUE;HIGH;https://datos-abiertos.chilecompra.cl/organismos-compradores;https://api.mercadopublico.cl/servicios/v1/Publico/Empresas/BuscarComprador?ticket=F8537A18-6766-4DEF-9E59-426B4FEE2844;https://www.dipres.gob.cl/597/w3-multipropertyvalues-15145-37782.html
PUB-CL-866776BCAD427EA462F0;I MUNICIPALIDAD DE ANDACOLLO;MUNICIPALIDAD DE ANDACOLLO;CHILECOMPRA_MERCADO_PUBLICO;119639;true;false;MUNICIPALITY;false;69040400-1;ENT-RUT-69040400-1;I MUNICIPALIDAD DE ANDACOLLO;EXACT_NORMALIZED_NAME_UNIQUE;HIGH;https://datos-abiertos.chilecompra.cl/organismos-compradores;https://api.mercadopublico.cl/servicios/v1/Publico/Empresas/BuscarComprador?ticket=F8537A18-6766-4DEF-9E59-426B4FEE2844;https://www.dipres.gob.cl/597/w3-multipropertyvalues-15145-37782.html
PUB-CL-0E33915661F7419BE04B;I MUNICIPALIDAD DE ANGOL;MUNICIPALIDAD DE ANGOL;CHILECOMPRA_MERCADO_PUBLICO;100156;true;false;MUNICIPALITY;false;69180100-4;ENT-RUT-69180100-4;I MUNICIPALIDAD DE ANGOL;EXACT_NORMALIZED_NAME_UNIQUE;HIGH;https://datos-abiertos.chilecompra.cl/organismos-compradores;https://api.mercadopublico.cl/servicios/v1/Publico/Empresas/BuscarComprador?ticket=F8537A18-6766-4DEF-9E59-426B4FEE2844;https://www.dipres.gob.cl/597/w3-multipropertyvalues-15145-37782.html
PUB-CL-03525990BC8E6D341750;I MUNICIPALIDAD DE ANTOFAGASTA;MUNICIPALIDAD DE ANTOFAGASTA;CHILECOMPRA_MERCADO_PUBLICO;87653;true;false;MUNICIPALITY;false;69020300-6;ENT-RUT-69020300-6;I MUNICIPALIDAD DE ANTOFAGASTA;EXACT_NORMALIZED_NAME_UNIQUE;HIGH;https://datos-abiertos.chilecompra.cl/organismos-compradores;https://api.mercadopublico.cl/servicios/v1/Publico/Empresas/BuscarComprador?ticket=F8537A18-6766-4DEF-9E59-426B4FEE2844;https://www.dipres.gob.cl/597/w3-multipropertyvalues-15145-37782.html
PUB-CL-1ED1B1BDDF4ACCFADA21;I MUNICIPALIDAD DE ANTUCO;MUNICIPALIDAD DE ANTUCO;CHILECOMPRA_MERCADO_PUBLICO;119484;true;false;MUNICIPALITY;false;69250900-5;ENT-RUT-69250900-5;I MUNICIPALIDAD DE ANTUCO;EXACT_NORMALIZED_NAME_UNIQUE;HIGH;https://datos-abiertos.chilecompra.cl/organismos-compradores;https://api.mercadopublico.cl/servicios/v1/Publico/Empresas/BuscarComprador?ticket=F8537A18-6766-4DEF-9E59-426B4FEE2844;https://www.dipres.gob.cl/597/w3-multipropertyvalues-15145-37782.html
PUB-CL-5E4BE058201688B74B60;I MUNICIPALIDAD DE ARAUCO;MUNICIPALIDAD DE ARAUCO;CHILECOMPRA_MERCADO_PUBLICO;7050;true;false;MUNICIPALITY;false;69160100-5;ENT-RUT-69160100-5;I MUNICIPALIDAD DE ARAUCO;EXACT_NORMALIZED_NAME_UNIQUE;HIGH;https://datos-abiertos.chilecompra.cl/organismos-compradores;https://api.mercadopublico.cl/servicios/v1/Publico/Empresas/BuscarComprador?ticket=F8537A18-6766-4DEF-9E59-426B4FEE2844;https://www.dipres.gob.cl/597/w3-multipropertyvalues-15145-37782.html
PUB-CL-ADF1A43E9ADF41DA4430;I MUNICIPALIDAD DE ARICA;MUNICIPALIDAD DE ARICA;CHILECOMPRA_MERCADO_PUBLICO;86624;true;false;MUNICIPALITY;false;69010100-9;ENT-RUT-69010100-9;I MUNICIPALIDAD DE ARICA;EXACT_NORMALIZED_NAME_UNIQUE;HIGH;https://datos-abiertos.chilecompra.cl/organismos-compradores;https://api.mercadopublico.cl/servicios/v1/Publico/Empresas/BuscarComprador?ticket=F8537A18-6766-4DEF-9E59-426B4FEE2844;https://www.dipres.gob.cl/597/w3-multipropertyvalues-15145-37782.html
PUB-CL-29CA6F539D0AEDA5FF46;I MUNICIPALIDAD DE AYSEN;MUNICIPALIDAD DE AYSEN;CHILECOMPRA_MERCADO_PUBLICO;100049;true;false;MUNICIPALITY;false;69240100-K;ENT-RUT-69240100-K;I MUNICIPALIDAD DE AYSEN;EXACT_NORMALIZED_NAME_UNIQUE;HIGH;https://datos-abiertos.chilecompra.cl/organismos-compradores;https://api.mercadopublico.cl/servicios/v1/Publico/Empresas/BuscarComprador?ticket=F8537A18-6766-4DEF-9E59-426B4FEE2844;https://www.dipres.gob.cl/597/w3-multipropertyvalues-15145-37782.html
PUB-CL-45D2180D1DDAED315DC2;I MUNICIPALIDAD DE BUIN;MUNICIPALIDAD DE BUIN;CHILECOMPRA_MERCADO_PUBLICO;100090;true;false;MUNICIPALITY;false;69072500-2;ENT-RUT-69072500-2;I MUNICIPALIDAD DE BUIN;EXACT_NORMALIZED_NAME_UNIQUE;HIGH;https://datos-abiertos.chilecompra.cl/organismos-compradores;https://api.mercadopublico.cl/servicios/v1/Publico/Empresas/BuscarComprador?ticket=F8537A18-6766-4DEF-9E59-426B4FEE2844;https://www.dipres.gob.cl/597/w3-multipropertyvalues-15145-37782.html
PUB-CL-9044130ED50159376D38;I MUNICIPALIDAD DE BULNES;MUNICIPALIDAD DE BULNES;CHILECOMPRA_MERCADO_PUBLICO;118069;true;false;MUNICIPALITY;false;69141200-8;ENT-RUT-69141200-8;I MUNICIPALIDAD DE BULNES;EXACT_NORMALIZED_NAME_UNIQUE;HIGH;https://datos-abiertos.chilecompra.cl/organismos-compradores;https://api.mercadopublico.cl/servicios/v1/Publico/Empresas/BuscarComprador?ticket=F8537A18-6766-4DEF-9E59-426B4FEE2844;https://www.dipres.gob.cl/597/w3-multipropertyvalues-15145-37782.html
PUB-CL-0A60D434620AC0C12B7D;I MUNICIPALIDAD DE CABILDO;MUNICIPALIDAD DE CABILDO;CHILECOMPRA_MERCADO_PUBLICO;115459;true;false;MUNICIPALITY;false;69050200-3;ENT-RUT-69050200-3;I MUNICIPALIDAD DE CABILDO;EXACT_NORMALIZED_NAME_UNIQUE;HIGH;https://datos-abiertos.chilecompra.cl/organismos-compradores;https://api.mercadopublico.cl/servicios/v1/Publico/Empresas/BuscarComprador?ticket=F8537A18-6766-4DEF-9E59-426B4FEE2844;https://www.dipres.gob.cl/597/w3-multipropertyvalues-15145-37782.html
PUB-CL-62748ABABFD0799642D0;I MUNICIPALIDAD DE CABRERO;MUNICIPALIDAD DE CABRERO;CHILECOMPRA_MERCADO_PUBLICO;120186;true;false;MUNICIPALITY;false;69151000-K;ENT-RUT-69151000-K;I MUNICIPALIDAD DE CABRERO;EXACT_NORMALIZED_NAME_UNIQUE;HIGH;https://datos-abiertos.chilecompra.cl/organismos-compradores;https://api.mercadopublico.cl/servicios/v1/Publico/Empresas/BuscarComprador?ticket=F8537A18-6766-4DEF-9E59-426B4FEE2844;https://www.dipres.gob.cl/597/w3-multipropertyvalues-15145-37782.html
PUB-CL-B181873D579CA295BC5C;I MUNICIPALIDAD DE CALAMA;MUNICIPALIDAD DE CALAMA;CHILECOMPRA_MERCADO_PUBLICO;86917;true;false;MUNICIPALITY;false;69020200-K;ENT-RUT-69020200-K;I MUNICIPALIDAD DE CALAMA;EXACT_NORMALIZED_NAME_UNIQUE;HIGH;https://datos-abiertos.chilecompra.cl/organismos-compradores;https://api.mercadopublico.cl/servicios/v1/Publico/Empresas/BuscarComprador?ticket=F8537A18-6766-4DEF-9E59-426B4FEE2844;https://www.dipres.gob.cl/597/w3-multipropertyvalues-15145-37782.html
PUB-CL-E4B2208C130DCC5AD1DC;I MUNICIPALIDAD DE CALBUCO;MUNICIPALIDAD DE CALBUCO;CHILECOMPRA_MERCADO_PUBLICO;115011;true;false;MUNICIPALITY;false;69220600-2;ENT-RUT-69220600-2;I MUNICIPALIDAD DE CALBUCO;EXACT_NORMALIZED_NAME_UNIQUE;HIGH;https://datos-abiertos.chilecompra.cl/organismos-compradores;https://api.mercadopublico.cl/servicios/v1/Publico/Empresas/BuscarComprador?ticket=F8537A18-6766-4DEF-9E59-426B4FEE2844;https://www.dipres.gob.cl/597/w3-multipropertyvalues-15145-37782.html
PUB-CL-B95EFCDFF47647E21F14;I MUNICIPALIDAD DE CALDERA;MUNICIPALIDAD DE CALDERA;CHILECOMPRA_MERCADO_PUBLICO;7364;true;false;MUNICIPALITY;false;69030300-0;ENT-RUT-69030300-0;I MUNICIPALIDAD DE CALDERA;EXACT_NORMALIZED_NAME_UNIQUE;HIGH;https://datos-abiertos.chilecompra.cl/organismos-compradores;https://api.mercadopublico.cl/servicios/v1/Publico/Empresas/BuscarComprador?ticket=F8537A18-6766-4DEF-9E59-426B4FEE2844;https://www.dipres.gob.cl/597/w3-multipropertyvalues-15145-37782.html
PUB-CL-F2DFF9891CC79F720CAE;I MUNICIPALIDAD DE CALERA DE TANGO;MUNICIPALIDAD DE CALERA DE TANGO;CHILECOMPRA_MERCADO_PUBLICO;116219;true;false;MUNICIPALITY;false;69072800-1;ENT-RUT-69072800-1;I MUNICIPALIDAD DE CALERA DE TANGO;EXACT_NORMALIZED_NAME_UNIQUE;HIGH;https://datos-abiertos.chilecompra.cl/organismos-compradores;https://api.mercadopublico.cl/servicios/v1/Publico/Empresas/BuscarComprador?ticket=F8537A18-6766-4DEF-9E59-426B4FEE2844;https://www.dipres.gob.cl/597/w3-multipropertyvalues-15145-37782.html
PUB-CL-3C28C3A0ED66759EECF9;I MUNICIPALIDAD DE CALLE LARGA;MUNICIPALIDAD DE CALLE LARGA;CHILECOMPRA_MERCADO_PUBLICO;121539;true;false;MUNICIPALITY;false;69051200-9;ENT-RUT-69051200-9;I MUNICIPALIDAD DE CALLE LARGA;EXACT_NORMALIZED_NAME_UNIQUE;HIGH;https://datos-abiertos.chilecompra.cl/organismos-compradores;https://api.mercadopublico.cl/servicios/v1/Publico/Empresas/BuscarComprador?ticket=F8537A18-6766-4DEF-9E59-426B4FEE2844;https://www.dipres.gob.cl/597/w3-multipropertyvalues-15145-37782.html
PUB-CL-CD260294F18DDE01A30C;I MUNICIPALIDAD DE CANELA;MUNICIPALIDAD DE CANELA;CHILECOMPRA_MERCADO_PUBLICO;84473;true;false;MUNICIPALITY;false;69041300-0;ENT-RUT-69041300-0;I MUNICIPALIDAD DE CANELA;EXACT_NORMALIZED_NAME_UNIQUE;HIGH;https://datos-abiertos.chilecompra.cl/organismos-compradores;https://api.mercadopublico.cl/servicios/v1/Publico/Empresas/BuscarComprador?ticket=F8537A18-6766-4DEF-9E59-426B4FEE2844;https://www.dipres.gob.cl/597/w3-multipropertyvalues-15145-37782.html
PUB-CL-5072954DB8E1CCDB4A7C;I MUNICIPALIDAD DE CANETE;MUNICIPALIDAD DE CANETE;CHILECOMPRA_MERCADO_PUBLICO;119488;true;false;MUNICIPALITY;false;69160500-0;ENT-RUT-69160500-0;I MUNICIPALIDAD DE CANETE;EXACT_NORMALIZED_NAME_UNIQUE;HIGH;https://datos-abiertos.chilecompra.cl/organismos-compradores;https://api.mercadopublico.cl/servicios/v1/Publico/Empresas/BuscarComprador?ticket=F8537A18-6766-4DEF-9E59-426B4FEE2844;https://www.dipres.gob.cl/597/w3-multipropertyvalues-15145-37782.html
PUB-CL-9A4F749E42F7EA03BED6;I MUNICIPALIDAD DE CARAHUE;MUNICIPALIDAD DE CARAHUE;CHILECOMPRA_MERCADO_PUBLICO;115186;true;false;MUNICIPALITY;false;69190500-4;ENT-RUT-69190500-4;I MUNICIPALIDAD DE CARAHUE;EXACT_NORMALIZED_NAME_UNIQUE;HIGH;https://datos-abiertos.chilecompra.cl/organismos-compradores;https://api.mercadopublico.cl/servicios/v1/Publico/Empresas/BuscarComprador?ticket=F8537A18-6766-4DEF-9E59-426B4FEE2844;https://www.dipres.gob.cl/597/w3-multipropertyvalues-15145-37782.html
PUB-CL-1AB03D2263E6D51FB15A;I MUNICIPALIDAD DE CARTAGENA;MUNICIPALIDAD DE CARTAGENA;CHILECOMPRA_MERCADO_PUBLICO;99569;true;false;MUNICIPALITY;false;69073600-4;ENT-RUT-69073600-4;I MUNICIPALIDAD DE CARTAGENA;EXACT_NORMALIZED_NAME_UNIQUE;HIGH;https://datos-abiertos.chilecompra.cl/organismos-compradores;https://api.mercadopublico.cl/servicios/v1/Publico/Empresas/BuscarComprador?ticket=F8537A18-6766-4DEF-9E59-426B4FEE2844;https://www.dipres.gob.cl/597/w3-multipropertyvalues-15145-37782.html
PUB-CL-5B0A6C84A73497F4A7DA;I MUNICIPALIDAD DE CASABLANCA;MUNICIPALIDAD DE CASABLANCA;CHILECOMPRA_MERCADO_PUBLICO;113614;true;false;MUNICIPALITY;false;69061400-6;ENT-RUT-69061400-6;I MUNICIPALIDAD DE CASABLANCA;EXACT_NORMALIZED_NAME_UNIQUE;HIGH;https://datos-abiertos.chilecompra.cl/organismos-compradores;https://api.mercadopublico.cl/servicios/v1/Publico/Empresas/BuscarComprador?ticket=F8537A18-6766-4DEF-9E59-426B4FEE2844;https://www.dipres.gob.cl/597/w3-multipropertyvalues-15145-37782.html
PUB-CL-6B65566784BADC004037;I MUNICIPALIDAD DE CASTRO;MUNICIPALIDAD DE CASTRO;CHILECOMPRA_MERCADO_PUBLICO;100127;true;false;MUNICIPALITY;false;69230400-4;ENT-RUT-69230400-4;I MUNICIPALIDAD DE CASTRO;EXACT_NORMALIZED_NAME_UNIQUE;HIGH;https://datos-abiertos.chilecompra.cl/organismos-compradores;https://api.mercadopublico.cl/servicios/v1/Publico/Empresas/BuscarComprador?ticket=F8537A18-6766-4DEF-9E59-426B4FEE2844;https://www.dipres.gob.cl/597/w3-multipropertyvalues-15145-37782.html
PUB-CL-C35C3A99B73C5D9638E9;I MUNICIPALIDAD DE CATEMU;MUNICIPALIDAD DE CATEMU;CHILECOMPRA_MERCADO_PUBLICO;129737;true;false;MUNICIPALITY;false;69050900-8;ENT-RUT-69050900-8;I MUNICIPALIDAD DE CATEMU;EXACT_NORMALIZED_NAME_UNIQUE;HIGH;https://datos-abiertos.chilecompra.cl/organismos-compradores;https://api.mercadopublico.cl/servicios/v1/Publico/Empresas/BuscarComprador?ticket=F8537A18-6766-4DEF-9E59-426B4FEE2844;https://www.dipres.gob.cl/597/w3-multipropertyvalues-15145-37782.html
PUB-CL-36F956E92E366B6FCC2B;I MUNICIPALIDAD DE CAUQUENES;MUNICIPALIDAD DE CAUQUENES;CHILECOMPRA_MERCADO_PUBLICO;7351;true;false;MUNICIPALITY;false;69120400-6;ENT-RUT-69120400-6;I MUNICIPALIDAD DE CAUQUENES;EXACT_NORMALIZED_NAME_UNIQUE;HIGH;https://datos-abiertos.chilecompra.cl/organismos-compradores;https://api.mercadopublico.cl/servicios/v1/Publico/Empresas/BuscarComprador?ticket=F8537A18-6766-4DEF-9E59-426B4FEE2844;https://www.dipres.gob.cl/597/w3-multipropertyvalues-15145-37782.html
PUB-CL-042C209AADA97EA4D274;I MUNICIPALIDAD DE CERRILLOS;MUNICIPALIDAD DE CERRILLOS;CHILECOMPRA_MERCADO_PUBLICO;7241;true;false;MUNICIPALITY;false;69255000-5;ENT-RUT-69255000-5;I MUNICIPALIDAD DE CERRILLOS;EXACT_NORMALIZED_NAME_UNIQUE;HIGH;https://datos-abiertos.chilecompra.cl/organismos-compradores;https://api.mercadopublico.cl/servicios/v1/Publico/Empresas/BuscarComprador?ticket=F8537A18-6766-4DEF-9E59-426B4FEE2844;https://www.dipres.gob.cl/597/w3-multipropertyvalues-15145-37782.html
PUB-CL-A45EE83F355D3A8266AA;I MUNICIPALIDAD DE CHAITEN;MUNICIPALIDAD DE CHAITEN;CHILECOMPRA_MERCADO_PUBLICO;114392;true;false;MUNICIPALITY;false;69231100-0;ENT-RUT-69231100-0;I MUNICIPALIDAD DE CHAITEN;EXACT_NORMALIZED_NAME_UNIQUE;HIGH;https://datos-abiertos.chilecompra.cl/organismos-compradores;https://api.mercadopublico.cl/servicios/v1/Publico/Empresas/BuscarComprador?ticket=F8537A18-6766-4DEF-9E59-426B4FEE2844;https://www.dipres.gob.cl/597/w3-multipropertyvalues-15145-37782.html
PUB-CL-4358A6EA94A5EE98F8C9;I MUNICIPALIDAD DE CHANARAL;MUNICIPALIDAD DE CHANARAL;CHILECOMPRA_MERCADO_PUBLICO;109196;true;false;MUNICIPALITY;false;69030100-8;ENT-RUT-69030100-8;I MUNICIPALIDAD DE CHANARAL;EXACT_NORMALIZED_NAME_UNIQUE;HIGH;https://datos-abiertos.chilecompra.cl/organismos-compradores;https://api.mercadopublico.cl/servicios/v1/Publico/Empresas/BuscarComprador?ticket=F8537A18-6766-4DEF-9E59-426B4FEE2844;https://www.dipres.gob.cl/597/w3-multipropertyvalues-15145-37782.html
PUB-CL-3910D70F8C84D12C1111;I MUNICIPALIDAD DE CHANCO;MUNICIPALIDAD DE CHANCO;CHILECOMPRA_MERCADO_PUBLICO;7501;true;false;MUNICIPALITY;false;69120300-K;ENT-RUT-69120300-K;I MUNICIPALIDAD DE CHANCO;EXACT_NORMALIZED_NAME_UNIQUE;HIGH;https://datos-abiertos.chilecompra.cl/organismos-compradores;https://api.mercadopublico.cl/servicios/v1/Publico/Empresas/BuscarComprador?ticket=F8537A18-6766-4DEF-9E59-426B4FEE2844;https://www.dipres.gob.cl/597/w3-multipropertyvalues-15145-37782.html
PUB-CL-6081D31B73B419D43641;I MUNICIPALIDAD DE CHEPICA;MUNICIPALIDAD DE CHEPICA;CHILECOMPRA_MERCADO_PUBLICO;92414;true;false;MUNICIPALITY;false;69090700-3;ENT-RUT-69090700-3;I MUNICIPALIDAD DE CHEPICA;EXACT_NORMALIZED_NAME_UNIQUE;HIGH;https://datos-abiertos.chilecompra.cl/organismos-compradores;https://api.mercadopublico.cl/servicios/v1/Publico/Empresas/BuscarComprador?ticket=F8537A18-6766-4DEF-9E59-426B4FEE2844;https://www.dipres.gob.cl/597/w3-multipropertyvalues-15145-37782.html
PUB-CL-3B0EBE13B99B67228B5A;I MUNICIPALIDAD DE CHIGUAYANTE;MUNICIPALIDAD DE CHIGUAYANTE;CHILECOMPRA_MERCADO_PUBLICO;100523;true;false;MUNICIPALITY;false;69264700-9;ENT-RUT-69264700-9;I MUNICIPALIDAD DE CHIGUAYANTE;EXACT_NORMALIZED_NAME_UNIQUE;HIGH;https://datos-abiertos.chilecompra.cl/organismos-compradores;https://api.mercadopublico.cl/servicios/v1/Publico/Empresas/BuscarComprador?ticket=F8537A18-6766-4DEF-9E59-426B4FEE2844;https://www.dipres.gob.cl/597/w3-multipropertyvalues-15145-37782.html
PUB-CL-791F900102D9CC9B3CA9;I MUNICIPALIDAD DE CHILE CHICO;MUNICIPALIDAD DE CHILE CHICO;CHILECOMPRA_MERCADO_PUBLICO;154782;true;false;MUNICIPALITY;false;69240400-9;ENT-RUT-69240400-9;I MUNICIPALIDAD DE CHILE CHICO;EXACT_NORMALIZED_NAME_UNIQUE;HIGH;https://datos-abiertos.chilecompra.cl/organismos-compradores;https://api.mercadopublico.cl/servicios/v1/Publico/Empresas/BuscarComprador?ticket=F8537A18-6766-4DEF-9E59-426B4FEE2844;https://www.dipres.gob.cl/597/w3-multipropertyvalues-15145-37782.html
PUB-CL-36F21D95D9863C9D4945;I MUNICIPALIDAD DE CHILLAN;MUNICIPALIDAD DE CHILLAN;CHILECOMPRA_MERCADO_PUBLICO;88254;true;false;MUNICIPALITY;false;69140900-7;ENT-RUT-69140900-7;I MUNICIPALIDAD DE CHILLAN;EXACT_NORMALIZED_NAME_UNIQUE;HIGH;https://datos-abiertos.chilecompra.cl/organismos-compradores;https://api.mercadopublico.cl/servicios/v1/Publico/Empresas/BuscarComprador?ticket=F8537A18-6766-4DEF-9E59-426B4FEE2844;https://www.dipres.gob.cl/597/w3-multipropertyvalues-15145-37782.html
PUB-CL-045DA35084A9A71663FF;I MUNICIPALIDAD DE CHIMBARONGO;MUNICIPALIDAD DE CHIMBARONGO;CHILECOMPRA_MERCADO_PUBLICO;116404;true;false;MUNICIPALITY;false;69090300-8;ENT-RUT-69090300-8;I MUNICIPALIDAD DE CHIMBARONGO;EXACT_NORMALIZED_NAME_UNIQUE;HIGH;https://datos-abiertos.chilecompra.cl/organismos-compradores;https://api.mercadopublico.cl/servicios/v1/Publico/Empresas/BuscarComprador?ticket=F8537A18-6766-4DEF-9E59-426B4FEE2844;https://www.dipres.gob.cl/597/w3-multipropertyvalues-15145-37782.html
PUB-CL-D0A9673A83B11823F4ED;I MUNICIPALIDAD DE CHONCHI;MUNICIPALIDAD DE CHONCHI;CHILECOMPRA_MERCADO_PUBLICO;115168;true;false;MUNICIPALITY;false;69230500-0;ENT-RUT-69230500-0;I MUNICIPALIDAD DE CHONCHI;EXACT_NORMALIZED_NAME_UNIQUE;HIGH;https://datos-abiertos.chilecompra.cl/organismos-compradores;https://api.mercadopublico.cl/servicios/v1/Publico/Empresas/BuscarComprador?ticket=F8537A18-6766-4DEF-9E59-426B4FEE2844;https://www.dipres.gob.cl/597/w3-multipropertyvalues-15145-37782.html
PUB-CL-77BA20D0D1CF5C846E00;I MUNICIPALIDAD DE CISNES;MUNICIPALIDAD DE CISNES;CHILECOMPRA_MERCADO_PUBLICO;116747;true;false;MUNICIPALITY;false;69240200-6;ENT-RUT-69240200-6;I MUNICIPALIDAD DE CISNES;EXACT_NORMALIZED_NAME_UNIQUE;HIGH;https://datos-abiertos.chilecompra.cl/organismos-compradores;https://api.mercadopublico.cl/servicios/v1/Publico/Empresas/BuscarComprador?ticket=F8537A18-6766-4DEF-9E59-426B4FEE2844;https://www.dipres.gob.cl/597/w3-multipropertyvalues-15145-37782.html
PUB-CL-412C5656BDF7EC598B1F;I MUNICIPALIDAD DE COBQUECURA;MUNICIPALIDAD DE COBQUECURA;CHILECOMPRA_MERCADO_PUBLICO;114925;true;false;MUNICIPALITY;false;69140400-5;ENT-RUT-69140400-5;I MUNICIPALIDAD DE COBQUECURA;EXACT_NORMALIZED_NAME_UNIQUE;HIGH;https://datos-abiertos.chilecompra.cl/organismos-compradores;https://api.mercadopublico.cl/servicios/v1/Publico/Empresas/BuscarComprador?ticket=F8537A18-6766-4DEF-9E59-426B4FEE2844;https://www.dipres.gob.cl/597/w3-multipropertyvalues-15145-37782.html
PUB-CL-BD82D5CDCA62E23BB324;I MUNICIPALIDAD DE COCHRANE;MUNICIPALIDAD DE COCHRANE;CHILECOMPRA_MERCADO_PUBLICO;116942;true;false;MUNICIPALITY;false;69254500-1;ENT-RUT-69254500-1;I MUNICIPALIDAD DE COCHRANE;EXACT_NORMALIZED_NAME_UNIQUE;HIGH;https://datos-abiertos.chilecompra.cl/organismos-compradores;https://api.mercadopublico.cl/servicios/v1/Publico/Empresas/BuscarComprador?ticket=F8537A18-6766-4DEF-9E59-426B4FEE2844;https://www.dipres.gob.cl/597/w3-multipropertyvalues-15145-37782.html
PUB-CL-9F9521657021FA5BBCDC;I MUNICIPALIDAD DE CODEGUA;MUNICIPALIDAD DE CODEGUA;CHILECOMPRA_MERCADO_PUBLICO;165106;true;false;MUNICIPALITY;false;69080400-K;ENT-RUT-69080400-K;I MUNICIPALIDAD DE CODEGUA;EXACT_NORMALIZED_NAME_UNIQUE;HIGH;https://datos-abiertos.chilecompra.cl/organismos-compradores;https://api.mercadopublico.cl/servicios/v1/Publico/Empresas/BuscarComprador?ticket=F8537A18-6766-4DEF-9E59-426B4FEE2844;https://www.dipres.gob.cl/597/w3-multipropertyvalues-15145-37782.html
PUB-CL-27DEB56BA45D3D934E6B;I MUNICIPALIDAD DE COELEMU;MUNICIPALIDAD DE COELEMU;CHILECOMPRA_MERCADO_PUBLICO;116742;true;false;MUNICIPALITY;false;69150200-7;ENT-RUT-69150200-7;I MUNICIPALIDAD DE COELEMU;EXACT_NORMALIZED_NAME_UNIQUE;HIGH;https://datos-abiertos.chilecompra.cl/organismos-compradores;https://api.mercadopublico.cl/servicios/v1/Publico/Empresas/BuscarComprador?ticket=F8537A18-6766-4DEF-9E59-426B4FEE2844;https://www.dipres.gob.cl/597/w3-multipropertyvalues-15145-37782.html
PUB-CL-4654F035C86C88B11139;I MUNICIPALIDAD DE COIHUECO;MUNICIPALIDAD DE COIHUECO;CHILECOMPRA_MERCADO_PUBLICO;7146;true;false;MUNICIPALITY;false;69141100-1;ENT-RUT-69141100-1;I MUNICIPALIDAD DE COIHUECO;EXACT_NORMALIZED_NAME_UNIQUE;HIGH;https://datos-abiertos.chilecompra.cl/organismos-compradores;https://api.mercadopublico.cl/servicios/v1/Publico/Empresas/BuscarComprador?ticket=F8537A18-6766-4DEF-9E59-426B4FEE2844;https://www.dipres.gob.cl/597/w3-multipropertyvalues-15145-37782.html
PUB-CL-630A8EB657BD630C6344;I MUNICIPALIDAD DE COINCO;MUNICIPALIDAD DE COINCO;CHILECOMPRA_MERCADO_PUBLICO;113254;true;false;MUNICIPALITY;false;69081600-8;ENT-RUT-69081600-8;I MUNICIPALIDAD DE COINCO;EXACT_NORMALIZED_NAME_UNIQUE;HIGH;https://datos-abiertos.chilecompra.cl/organismos-compradores;https://api.mercadopublico.cl/servicios/v1/Publico/Empresas/BuscarComprador?ticket=F8537A18-6766-4DEF-9E59-426B4FEE2844;https://www.dipres.gob.cl/597/w3-multipropertyvalues-15145-37782.html
PUB-CL-F991CA1839B4CE140139;I MUNICIPALIDAD DE COLCHANE;MUNICIPALIDAD DE COLCHANE;CHILECOMPRA_MERCADO_PUBLICO;1053458;true;false;MUNICIPALITY;false;69250400-3;ENT-RUT-69250400-3;I MUNICIPALIDAD DE COLCHANE;EXACT_NORMALIZED_NAME_UNIQUE;HIGH;https://datos-abiertos.chilecompra.cl/organismos-compradores;https://api.mercadopublico.cl/servicios/v1/Publico/Empresas/BuscarComprador?ticket=F8537A18-6766-4DEF-9E59-426B4FEE2844;https://www.dipres.gob.cl/597/w3-multipropertyvalues-15145-37782.html
PUB-CL-BD529FDC260DA8C31149;I MUNICIPALIDAD DE COLINA;MUNICIPALIDAD DE COLINA;CHILECOMPRA_MERCADO_PUBLICO;99322;true;false;MUNICIPALITY;false;69071500-7;ENT-RUT-69071500-7;I MUNICIPALIDAD DE COLINA;EXACT_NORMALIZED_NAME_UNIQUE;HIGH;https://datos-abiertos.chilecompra.cl/organismos-compradores;https://api.mercadopublico.cl/servicios/v1/Publico/Empresas/BuscarComprador?ticket=F8537A18-6766-4DEF-9E59-426B4FEE2844;https://www.dipres.gob.cl/597/w3-multipropertyvalues-15145-37782.html
PUB-CL-0DE712E0C8CDBE6AE9B2;I MUNICIPALIDAD DE COLLIPULLI;MUNICIPALIDAD DE COLLIPULLI;CHILECOMPRA_MERCADO_PUBLICO;113853;true;false;MUNICIPALITY;false;69180500-K;ENT-RUT-69180500-K;I MUNICIPALIDAD DE COLLIPULLI;EXACT_NORMALIZED_NAME_UNIQUE;HIGH;https://datos-abiertos.chilecompra.cl/organismos-compradores;https://api.mercadopublico.cl/servicios/v1/Publico/Empresas/BuscarComprador?ticket=F8537A18-6766-4DEF-9E59-426B4FEE2844;https://www.dipres.gob.cl/597/w3-multipropertyvalues-15145-37782.html
PUB-CL-4540235F4D7C1E94F260;I MUNICIPALIDAD DE COLTAUCO;MUNICIPALIDAD DE COLTAUCO;CHILECOMPRA_MERCADO_PUBLICO;119266;true;false;MUNICIPALITY;false;69080700-9;ENT-RUT-69080700-9;I MUNICIPALIDAD DE COLTAUCO;EXACT_NORMALIZED_NAME_UNIQUE;HIGH;https://datos-abiertos.chilecompra.cl/organismos-compradores;https://api.mercadopublico.cl/servicios/v1/Publico/Empresas/BuscarComprador?ticket=F8537A18-6766-4DEF-9E59-426B4FEE2844;https://www.dipres.gob.cl/597/w3-multipropertyvalues-15145-37782.html
PUB-CL-0D23D5D7C8B564EF8E20;I MUNICIPALIDAD DE CONCEPCION;MUNICIPALIDAD DE CONCEPCION;CHILECOMPRA_MERCADO_PUBLICO;87382;true;false;MUNICIPALITY;false;69150400-K;ENT-RUT-69150400-K;I MUNICIPALIDAD DE CONCEPCION;EXACT_NORMALIZED_NAME_UNIQUE;HIGH;https://datos-abiertos.chilecompra.cl/organismos-compradores;https://api.mercadopublico.cl/servicios/v1/Publico/Empresas/BuscarComprador?ticket=F8537A18-6766-4DEF-9E59-426B4FEE2844;https://www.dipres.gob.cl/597/w3-multipropertyvalues-15145-37782.html
PUB-CL-425593CB428B88AC6447;I MUNICIPALIDAD DE CONCHALI;MUNICIPALIDAD DE CONCHALI;CHILECOMPRA_MERCADO_PUBLICO;84958;true;false;MUNICIPALITY;false;69070200-2;ENT-RUT-69070200-2;I MUNICIPALIDAD DE CONCHALI;EXACT_NORMALIZED_NAME_UNIQUE;HIGH;https://datos-abiertos.chilecompra.cl/organismos-compradores;https://api.mercadopublico.cl/servicios/v1/Publico/Empresas/BuscarComprador?ticket=F8537A18-6766-4DEF-9E59-426B4FEE2844;https://www.dipres.gob.cl/597/w3-multipropertyvalues-15145-37782.html
PUB-CL-3BA9981401FDE2C507B0;I MUNICIPALIDAD DE CONCON;MUNICIPALIDAD DE CONCON;CHILECOMPRA_MERCADO_PUBLICO;94458;true;false;MUNICIPALITY;false;73568600-3;ENT-RUT-73568600-3;I MUNICIPALIDAD DE CONCON;EXACT_NORMALIZED_NAME_UNIQUE;HIGH;https://datos-abiertos.chilecompra.cl/organismos-compradores;https://api.mercadopublico.cl/servicios/v1/Publico/Empresas/BuscarComprador?ticket=F8537A18-6766-4DEF-9E59-426B4FEE2844;https://www.dipres.gob.cl/597/w3-multipropertyvalues-15145-37782.html
PUB-CL-B9E9F693185EDEA10E2A;I MUNICIPALIDAD DE CONSTITUCION;MUNICIPALIDAD DE CONSTITUCION;CHILECOMPRA_MERCADO_PUBLICO;102316;true;false;MUNICIPALITY;false;69120100-7;ENT-RUT-69120100-7;I MUNICIPALIDAD DE CONSTITUCION;EXACT_NORMALIZED_NAME_UNIQUE;HIGH;https://datos-abiertos.chilecompra.cl/organismos-compradores;https://api.mercadopublico.cl/servicios/v1/Publico/Empresas/BuscarComprador?ticket=F8537A18-6766-4DEF-9E59-426B4FEE2844;https://www.dipres.gob.cl/597/w3-multipropertyvalues-15145-37782.html
PUB-CL-0A3B4861DC2E0DD32419;I MUNICIPALIDAD DE COPIAPO;MUNICIPALIDAD DE COPIAPO;CHILECOMPRA_MERCADO_PUBLICO;86872;true;false;MUNICIPALITY;false;;;;NO_RUT_MATCH;UNMATCHED;https://datos-abiertos.chilecompra.cl/organismos-compradores;https://api.mercadopublico.cl/servicios/v1/Publico/Empresas/BuscarComprador?ticket=F8537A18-6766-4DEF-9E59-426B4FEE2844;https://www.dipres.gob.cl/597/w3-multipropertyvalues-15145-37782.html
PUB-CL-0A635DB02166632BD054;I MUNICIPALIDAD DE COQUIMBO;MUNICIPALIDAD DE COQUIMBO;CHILECOMPRA_MERCADO_PUBLICO;87901;true;false;MUNICIPALITY;false;69040300-5;ENT-RUT-69040300-5;I MUNICIPALIDAD DE COQUIMBO;EXACT_NORMALIZED_NAME_UNIQUE;HIGH;https://datos-abiertos.chilecompra.cl/organismos-compradores;https://api.mercadopublico.cl/servicios/v1/Publico/Empresas/BuscarComprador?ticket=F8537A18-6766-4DEF-9E59-426B4FEE2844;https://www.dipres.gob.cl/597/w3-multipropertyvalues-15145-37782.html
PUB-CL-9EC805CCE7B1548F9A98;I MUNICIPALIDAD DE CORONEL;MUNICIPALIDAD DE CORONEL;CHILECOMPRA_MERCADO_PUBLICO;100448;true;false;MUNICIPALITY;false;69151200-2;ENT-RUT-69151200-2;I MUNICIPALIDAD DE CORONEL;EXACT_NORMALIZED_NAME_UNIQUE;HIGH;https://datos-abiertos.chilecompra.cl/organismos-compradores;https://api.mercadopublico.cl/servicios/v1/Publico/Empresas/BuscarComprador?ticket=F8537A18-6766-4DEF-9E59-426B4FEE2844;https://www.dipres.gob.cl/597/w3-multipropertyvalues-15145-37782.html
PUB-CL-73A08A4B1EF824B133F4;I MUNICIPALIDAD DE COYHAIQUE;MUNICIPALIDAD DE COYHAIQUE;CHILECOMPRA_MERCADO_PUBLICO;7071;true;false;MUNICIPALITY;false;69240300-2;ENT-RUT-69240300-2;I MUNICIPALIDAD DE COYHAIQUE;EXACT_NORMALIZED_NAME_UNIQUE;HIGH;https://datos-abiertos.chilecompra.cl/organismos-compradores;https://api.mercadopublico.cl/servicios/v1/Publico/Empresas/BuscarComprador?ticket=F8537A18-6766-4DEF-9E59-426B4FEE2844;https://www.dipres.gob.cl/597/w3-multipropertyvalues-15145-37782.html
PUB-CL-20B5325CA9A905932326;I MUNICIPALIDAD DE CUNCO;MUNICIPALIDAD DE CUNCO;CHILECOMPRA_MERCADO_PUBLICO;129738;true;false;MUNICIPALITY;false;69191000-8;ENT-RUT-69191000-8;I MUNICIPALIDAD DE CUNCO;EXACT_NORMALIZED_NAME_UNIQUE;HIGH;https://datos-abiertos.chilecompra.cl/organismos-compradores;https://api.mercadopublico.cl/servicios/v1/Publico/Empresas/BuscarComprador?ticket=F8537A18-6766-4DEF-9E59-426B4FEE2844;https://www.dipres.gob.cl/597/w3-multipropertyvalues-15145-37782.html
PUB-CL-550BFCAFD538A31521A3;I MUNICIPALIDAD DE CURACAUTIN;MUNICIPALIDAD DE CURACAUTIN;CHILECOMPRA_MERCADO_PUBLICO;121613;true;false;MUNICIPALITY;false;69181000-3;ENT-RUT-69181000-3;I MUNICIPALIDAD DE CURACAUTIN;EXACT_NORMALIZED_NAME_UNIQUE;HIGH;https://datos-abiertos.chilecompra.cl/organismos-compradores;https://api.mercadopublico.cl/servicios/v1/Publico/Empresas/BuscarComprador?ticket=F8537A18-6766-4DEF-9E59-426B4FEE2844;https://www.dipres.gob.cl/597/w3-multipropertyvalues-15145-37782.html
PUB-CL-D4B0E66016F66CD8D282;I MUNICIPALIDAD DE CURACAVI;MUNICIPALIDAD DE CURACAVI;CHILECOMPRA_MERCADO_PUBLICO;125602;true;false;MUNICIPALITY;false;69073900-3;ENT-RUT-69073900-3;I MUNICIPALIDAD DE CURACAVI;EXACT_NORMALIZED_NAME_UNIQUE;HIGH;https://datos-abiertos.chilecompra.cl/organismos-compradores;https://api.mercadopublico.cl/servicios/v1/Publico/Empresas/BuscarComprador?ticket=F8537A18-6766-4DEF-9E59-426B4FEE2844;https://www.dipres.gob.cl/597/w3-multipropertyvalues-15145-37782.html
PUB-CL-7ACEBDC02735ABDA40C2;I MUNICIPALIDAD DE CURACO DE VELEZ;MUNICIPALIDAD DE CURACO DE VELEZ;CHILECOMPRA_MERCADO_PUBLICO;114393;true;false;MUNICIPALITY;false;69231000-4;ENT-RUT-69231000-4;I MUNICIPALIDAD DE CURACO DE VELEZ;EXACT_NORMALIZED_NAME_UNIQUE;HIGH;https://datos-abiertos.chilecompra.cl/organismos-compradores;https://api.mercadopublico.cl/servicios/v1/Publico/Empresas/BuscarComprador?ticket=F8537A18-6766-4DEF-9E59-426B4FEE2844;https://www.dipres.gob.cl/597/w3-multipropertyvalues-15145-37782.html
PUB-CL-39521DB94C4F925891D4;I MUNICIPALIDAD DE CURANILAHUE;MUNICIPALIDAD DE CURANILAHUE;CHILECOMPRA_MERCADO_PUBLICO;127036;true;false;MUNICIPALITY;false;69160200-1;ENT-RUT-69160200-1;I MUNICIPALIDAD DE CURANILAHUE;EXACT_NORMALIZED_NAME_UNIQUE;HIGH;https://datos-abiertos.chilecompra.cl/organismos-compradores;https://api.mercadopublico.cl/servicios/v1/Publico/Empresas/BuscarComprador?ticket=F8537A18-6766-4DEF-9E59-426B4FEE2844;https://www.dipres.gob.cl/597/w3-multipropertyvalues-15145-37782.html
PUB-CL-D8C5F59F016AF50A6E20;I MUNICIPALIDAD DE CURICO;MUNICIPALIDAD DE CURICO;CHILECOMPRA_MERCADO_PUBLICO;87838;true;false;MUNICIPALITY;false;69100100-8;ENT-RUT-69100100-8;I MUNICIPALIDAD DE CURICO;EXACT_NORMALIZED_NAME_UNIQUE;HIGH;https://datos-abiertos.chilecompra.cl/organismos-compradores;https://api.mercadopublico.cl/servicios/v1/Publico/Empresas/BuscarComprador?ticket=F8537A18-6766-4DEF-9E59-426B4FEE2844;https://www.dipres.gob.cl/597/w3-multipropertyvalues-15145-37782.html
PUB-CL-97A756E332EE15BFD4BC;I MUNICIPALIDAD DE DALCAHUE;MUNICIPALIDAD DE DALCAHUE;CHILECOMPRA_MERCADO_PUBLICO;115165;true;false;MUNICIPALITY;false;69230300-8;ENT-RUT-69230300-8;I MUNICIPALIDAD DE DALCAHUE;EXACT_NORMALIZED_NAME_UNIQUE;HIGH;https://datos-abiertos.chilecompra.cl/organismos-compradores;https://api.mercadopublico.cl/servicios/v1/Publico/Empresas/BuscarComprador?ticket=F8537A18-6766-4DEF-9E59-426B4FEE2844;https://www.dipres.gob.cl/597/w3-multipropertyvalues-15145-37782.html
PUB-CL-18FEDFB0E4B312EE2EC1;I MUNICIPALIDAD DE DONIHUE;MUNICIPALIDAD DE DONIHUE;CHILECOMPRA_MERCADO_PUBLICO;123788;true;false;MUNICIPALITY;false;69080600-2;ENT-RUT-69080600-2;I MUNICIPALIDAD DE DONIHUE;EXACT_NORMALIZED_NAME_UNIQUE;HIGH;https://datos-abiertos.chilecompra.cl/organismos-compradores;https://api.mercadopublico.cl/servicios/v1/Publico/Empresas/BuscarComprador?ticket=F8537A18-6766-4DEF-9E59-426B4FEE2844;https://www.dipres.gob.cl/597/w3-multipropertyvalues-15145-37782.html
PUB-CL-17A309119D19CC112823;I MUNICIPALIDAD DE EL MONTE;MUNICIPALIDAD DE EL MONTE;CHILECOMPRA_MERCADO_PUBLICO;116741;true;false;MUNICIPALITY;false;69073000-6;ENT-RUT-69073000-6;I MUNICIPALIDAD DE EL MONTE;EXACT_NORMALIZED_NAME_UNIQUE;HIGH;https://datos-abiertos.chilecompra.cl/organismos-compradores;https://api.mercadopublico.cl/servicios/v1/Publico/Empresas/BuscarComprador?ticket=F8537A18-6766-4DEF-9E59-426B4FEE2844;https://www.dipres.gob.cl/597/w3-multipropertyvalues-15145-37782.html
PUB-CL-845E16604C30EB054687;I MUNICIPALIDAD DE EL QUISCO;MUNICIPALIDAD DE EL QUISCO;CHILECOMPRA_MERCADO_PUBLICO;116298;true;false;MUNICIPALITY;false;69061700-5;ENT-RUT-69061700-5;I MUNICIPALIDAD DE EL QUISCO;EXACT_NORMALIZED_NAME_UNIQUE;HIGH;https://datos-abiertos.chilecompra.cl/organismos-compradores;https://api.mercadopublico.cl/servicios/v1/Publico/Empresas/BuscarComprador?ticket=F8537A18-6766-4DEF-9E59-426B4FEE2844;https://www.dipres.gob.cl/597/w3-multipropertyvalues-15145-37782.html
PUB-CL-5890014DA5A3880649B2;I MUNICIPALIDAD DE EL TABO;MUNICIPALIDAD DE EL TABO;CHILECOMPRA_MERCADO_PUBLICO;7066;true;false;MUNICIPALITY;false;69073700-0;ENT-RUT-69073700-0;I MUNICIPALIDAD DE EL TABO;EXACT_NORMALIZED_NAME_UNIQUE;HIGH;https://datos-abiertos.chilecompra.cl/organismos-compradores;https://api.mercadopublico.cl/servicios/v1/Publico/Empresas/BuscarComprador?ticket=F8537A18-6766-4DEF-9E59-426B4FEE2844;https://www.dipres.gob.cl/597/w3-multipropertyvalues-15145-37782.html
PUB-CL-3DA7E0BD0F74E6DE60EE;I MUNICIPALIDAD DE EMPEDRADO;MUNICIPALIDAD DE EMPEDRADO;CHILECOMPRA_MERCADO_PUBLICO;116944;true;false;MUNICIPALITY;false;69120200-3;ENT-RUT-69120200-3;I MUNICIPALIDAD DE EMPEDRADO;EXACT_NORMALIZED_NAME_UNIQUE;HIGH;https://datos-abiertos.chilecompra.cl/organismos-compradores;https://api.mercadopublico.cl/servicios/v1/Publico/Empresas/BuscarComprador?ticket=F8537A18-6766-4DEF-9E59-426B4FEE2844;https://www.dipres.gob.cl/597/w3-multipropertyvalues-15145-37782.html
PUB-CL-53DC3232762B38032159;I MUNICIPALIDAD DE ERCILLA;MUNICIPALIDAD DE ERCILLA;CHILECOMPRA_MERCADO_PUBLICO;132741;true;false;MUNICIPALITY;false;69180600-6;ENT-RUT-69180600-6;I MUNICIPALIDAD DE ERCILLA;EXACT_NORMALIZED_NAME_UNIQUE;HIGH;https://datos-abiertos.chilecompra.cl/organismos-compradores;https://api.mercadopublico.cl/servicios/v1/Publico/Empresas/BuscarComprador?ticket=F8537A18-6766-4DEF-9E59-426B4FEE2844;https://www.dipres.gob.cl/597/w3-multipropertyvalues-15145-37782.html
PUB-CL-AEB78DD51A76EA895552;I MUNICIPALIDAD DE FLORIDA;MUNICIPALIDAD DE FLORIDA;CHILECOMPRA_MERCADO_PUBLICO;115285;true;false;MUNICIPALITY;false;69150700-9;ENT-RUT-69150700-9;I MUNICIPALIDAD DE FLORIDA;EXACT_NORMALIZED_NAME_UNIQUE;HIGH;https://datos-abiertos.chilecompra.cl/organismos-compradores;https://api.mercadopublico.cl/servicios/v1/Publico/Empresas/BuscarComprador?ticket=F8537A18-6766-4DEF-9E59-426B4FEE2844;https://www.dipres.gob.cl/597/w3-multipropertyvalues-15145-37782.html
PUB-CL-49B81A335A86A292675C;I MUNICIPALIDAD DE FREIRE;MUNICIPALIDAD DE FREIRE;CHILECOMPRA_MERCADO_PUBLICO;118089;true;false;MUNICIPALITY;false;69190900-K;ENT-RUT-69190900-K;I MUNICIPALIDAD DE FREIRE;EXACT_NORMALIZED_NAME_UNIQUE;HIGH;https://datos-abiertos.chilecompra.cl/organismos-compradores;https://api.mercadopublico.cl/servicios/v1/Publico/Empresas/BuscarComprador?ticket=F8537A18-6766-4DEF-9E59-426B4FEE2844;https://www.dipres.gob.cl/597/w3-multipropertyvalues-15145-37782.html
PUB-CL-D827A50B0470F99345B0;I MUNICIPALIDAD DE FREIRINA;MUNICIPALIDAD DE FREIRINA;CHILECOMPRA_MERCADO_PUBLICO;135567;true;false;MUNICIPALITY;false;69030600-K;ENT-RUT-69030600-K;I MUNICIPALIDAD DE FREIRINA;EXACT_NORMALIZED_NAME_UNIQUE;HIGH;https://datos-abiertos.chilecompra.cl/organismos-compradores;https://api.mercadopublico.cl/servicios/v1/Publico/Empresas/BuscarComprador?ticket=F8537A18-6766-4DEF-9E59-426B4FEE2844;https://www.dipres.gob.cl/597/w3-multipropertyvalues-15145-37782.html
PUB-CL-4134FEAB21203049B892;I MUNICIPALIDAD DE FRESIA;MUNICIPALIDAD DE FRESIA;CHILECOMPRA_MERCADO_PUBLICO;119651;true;false;MUNICIPALITY;false;69220400-K;ENT-RUT-69220400-K;I MUNICIPALIDAD DE FRESIA;EXACT_NORMALIZED_NAME_UNIQUE;HIGH;https://datos-abiertos.chilecompra.cl/organismos-compradores;https://api.mercadopublico.cl/servicios/v1/Publico/Empresas/BuscarComprador?ticket=F8537A18-6766-4DEF-9E59-426B4FEE2844;https://www.dipres.gob.cl/597/w3-multipropertyvalues-15145-37782.html
PUB-CL-0BC02F33B5618DB2B8D2;I MUNICIPALIDAD DE FRUTILLAR;MUNICIPALIDAD DE FRUTILLAR;CHILECOMPRA_MERCADO_PUBLICO;84478;true;false;MUNICIPALITY;false;69220700-9;ENT-RUT-69220700-9;I MUNICIPALIDAD DE FRUTILLAR;EXACT_NORMALIZED_NAME_UNIQUE;HIGH;https://datos-abiertos.chilecompra.cl/organismos-compradores;https://api.mercadopublico.cl/servicios/v1/Publico/Empresas/BuscarComprador?ticket=F8537A18-6766-4DEF-9E59-426B4FEE2844;https://www.dipres.gob.cl/597/w3-multipropertyvalues-15145-37782.html
PUB-CL-8D4A989937D722143B96;I MUNICIPALIDAD DE FUTALEUFU;MUNICIPALIDAD DE FUTALEUFU;CHILECOMPRA_MERCADO_PUBLICO;118068;true;false;MUNICIPALITY;false;69231200-7;ENT-RUT-69231200-7;I MUNICIPALIDAD DE FUTALEUFU;EXACT_NORMALIZED_NAME_UNIQUE;HIGH;https://datos-abiertos.chilecompra.cl/organismos-compradores;https://api.mercadopublico.cl/servicios/v1/Publico/Empresas/BuscarComprador?ticket=F8537A18-6766-4DEF-9E59-426B4FEE2844;https://www.dipres.gob.cl/597/w3-multipropertyvalues-15145-37782.html
PUB-CL-82AA13641AC3B565819F;I MUNICIPALIDAD DE FUTRONO;MUNICIPALIDAD DE FUTRONO;CHILECOMPRA_MERCADO_PUBLICO;106880;true;false;MUNICIPALITY;false;69200700-K;ENT-RUT-69200700-K;I MUNICIPALIDAD DE FUTRONO;EXACT_NORMALIZED_NAME_UNIQUE;HIGH;https://datos-abiertos.chilecompra.cl/organismos-compradores;https://api.mercadopublico.cl/servicios/v1/Publico/Empresas/BuscarComprador?ticket=F8537A18-6766-4DEF-9E59-426B4FEE2844;https://www.dipres.gob.cl/597/w3-multipropertyvalues-15145-37782.html
PUB-CL-5701EB68B1BB39421730;I MUNICIPALIDAD DE GRANEROS;MUNICIPALIDAD DE GRANEROS;CHILECOMPRA_MERCADO_PUBLICO;148507;true;false;MUNICIPALITY;false;69080300-3;ENT-RUT-69080300-3;I MUNICIPALIDAD DE GRANEROS;EXACT_NORMALIZED_NAME_UNIQUE;HIGH;https://datos-abiertos.chilecompra.cl/organismos-compradores;https://api.mercadopublico.cl/servicios/v1/Publico/Empresas/BuscarComprador?ticket=F8537A18-6766-4DEF-9E59-426B4FEE2844;https://www.dipres.gob.cl/597/w3-multipropertyvalues-15145-37782.html
PUB-CL-DD4E0891C47683A94B0D;I MUNICIPALIDAD DE HIJUELAS;MUNICIPALIDAD DE HIJUELAS;CHILECOMPRA_MERCADO_PUBLICO;116733;true;false;MUNICIPALITY;false;69060500-7;ENT-RUT-69060500-7;I MUNICIPALIDAD DE HIJUELAS;EXACT_NORMALIZED_NAME_UNIQUE;HIGH;https://datos-abiertos.chilecompra.cl/organismos-compradores;https://api.mercadopublico.cl/servicios/v1/Publico/Empresas/BuscarComprador?ticket=F8537A18-6766-4DEF-9E59-426B4FEE2844;https://www.dipres.gob.cl/597/w3-multipropertyvalues-15145-37782.html
PUB-CL-67066E0F3992B8CCBCE2;I MUNICIPALIDAD DE HUALAIHUE;MUNICIPALIDAD DE HUALAIHUE;CHILECOMPRA_MERCADO_PUBLICO;106170;true;false;MUNICIPALITY;false;69252200-1;ENT-RUT-69252200-1;I MUNICIPALIDAD DE HUALAIHUE;EXACT_NORMALIZED_NAME_UNIQUE;HIGH;https://datos-abiertos.chilecompra.cl/organismos-compradores;https://api.mercadopublico.cl/servicios/v1/Publico/Empresas/BuscarComprador?ticket=F8537A18-6766-4DEF-9E59-426B4FEE2844;https://www.dipres.gob.cl/597/w3-multipropertyvalues-15145-37782.html
PUB-CL-D8BF548EA005C1B99CFC;I MUNICIPALIDAD DE HUALANE;MUNICIPALIDAD DE HUALANE;CHILECOMPRA_MERCADO_PUBLICO;118855;true;false;MUNICIPALITY;false;69100600-K;ENT-RUT-69100600-K;I MUNICIPALIDAD DE HUALANE;EXACT_NORMALIZED_NAME_UNIQUE;HIGH;https://datos-abiertos.chilecompra.cl/organismos-compradores;https://api.mercadopublico.cl/servicios/v1/Publico/Empresas/BuscarComprador?ticket=F8537A18-6766-4DEF-9E59-426B4FEE2844;https://www.dipres.gob.cl/597/w3-multipropertyvalues-15145-37782.html
PUB-CL-D454B80F04EFB72F9A69;I MUNICIPALIDAD DE HUALQUI;MUNICIPALIDAD DE HUALQUI;CHILECOMPRA_MERCADO_PUBLICO;140867;true;false;MUNICIPALITY;false;69150600-2;ENT-RUT-69150600-2;I MUNICIPALIDAD DE HUALQUI;EXACT_NORMALIZED_NAME_UNIQUE;HIGH;https://datos-abiertos.chilecompra.cl/organismos-compradores;https://api.mercadopublico.cl/servicios/v1/Publico/Empresas/BuscarComprador?ticket=F8537A18-6766-4DEF-9E59-426B4FEE2844;https://www.dipres.gob.cl/597/w3-multipropertyvalues-15145-37782.html
PUB-CL-7D18AE76791BDF08B4E3;I MUNICIPALIDAD DE HUASCO;MUNICIPALIDAD DE HUASCO;CHILECOMPRA_MERCADO_PUBLICO;116406;true;false;MUNICIPALITY;false;69030700-6;ENT-RUT-69030700-6;I MUNICIPALIDAD DE HUASCO;EXACT_NORMALIZED_NAME_UNIQUE;HIGH;https://datos-abiertos.chilecompra.cl/organismos-compradores;https://api.mercadopublico.cl/servicios/v1/Publico/Empresas/BuscarComprador?ticket=F8537A18-6766-4DEF-9E59-426B4FEE2844;https://www.dipres.gob.cl/597/w3-multipropertyvalues-15145-37782.html
PUB-CL-92BD53678CD2E0FB8AD5;I MUNICIPALIDAD DE ILLAPEL;MUNICIPALIDAD DE ILLAPEL;CHILECOMPRA_MERCADO_PUBLICO;115164;true;false;MUNICIPALITY;false;69041200-4;ENT-RUT-69041200-4;I MUNICIPALIDAD DE ILLAPEL;EXACT_NORMALIZED_NAME_UNIQUE;HIGH;https://datos-abiertos.chilecompra.cl/organismos-compradores;https://api.mercadopublico.cl/servicios/v1/Publico/Empresas/BuscarComprador?ticket=F8537A18-6766-4DEF-9E59-426B4FEE2844;https://www.dipres.gob.cl/597/w3-multipropertyvalues-15145-37782.html
PUB-CL-DD6370437A71C9AFE501;I MUNICIPALIDAD DE INDEPENDENCIA;MUNICIPALIDAD DE INDEPENDENCIA;CHILECOMPRA_MERCADO_PUBLICO;99105;true;false;MUNICIPALITY;false;69255500-7;ENT-RUT-69255500-7;I MUNICIPALIDAD DE INDEPENDENCIA;EXACT_NORMALIZED_NAME_UNIQUE;HIGH;https://datos-abiertos.chilecompra.cl/organismos-compradores;https://api.mercadopublico.cl/servicios/v1/Publico/Empresas/BuscarComprador?ticket=F8537A18-6766-4DEF-9E59-426B4FEE2844;https://www.dipres.gob.cl/597/w3-multipropertyvalues-15145-37782.html
PUB-CL-75452D272A1D276C11A7;I MUNICIPALIDAD DE IQUIQUE;MUNICIPALIDAD DE IQUIQUE;CHILECOMPRA_MERCADO_PUBLICO;87175;true;false;MUNICIPALITY;false;69010300-1;ENT-RUT-69010300-1;I MUNICIPALIDAD DE IQUIQUE;EXACT_NORMALIZED_NAME_UNIQUE;HIGH;https://datos-abiertos.chilecompra.cl/organismos-compradores;https://api.mercadopublico.cl/servicios/v1/Publico/Empresas/BuscarComprador?ticket=F8537A18-6766-4DEF-9E59-426B4FEE2844;https://www.dipres.gob.cl/597/w3-multipropertyvalues-15145-37782.html
PUB-CL-F9BFD2D439902343C687;I MUNICIPALIDAD DE ISLA DE MAIPO;MUNICIPALIDAD DE ISLA DE MAIPO;CHILECOMPRA_MERCADO_PUBLICO;117181;true;false;MUNICIPALITY;false;69071900-2;ENT-RUT-69071900-2;I MUNICIPALIDAD DE ISLA DE MAIPO;EXACT_NORMALIZED_NAME_UNIQUE;HIGH;https://datos-abiertos.chilecompra.cl/organismos-compradores;https://api.mercadopublico.cl/servicios/v1/Publico/Empresas/BuscarComprador?ticket=F8537A18-6766-4DEF-9E59-426B4FEE2844;https://www.dipres.gob.cl/597/w3-multipropertyvalues-15145-37782.html
PUB-CL-EFE1FA0BE7357C7F616E;I MUNICIPALIDAD DE ISLA DE PASCUA;MUNICIPALIDAD DE ISLA DE PASCUA;CHILECOMPRA_MERCADO_PUBLICO;119852;true;false;MUNICIPALITY;false;69061800-1;ENT-RUT-69061800-1;I MUNICIPALIDAD DE ISLA DE PASCUA;EXACT_NORMALIZED_NAME_UNIQUE;HIGH;https://datos-abiertos.chilecompra.cl/organismos-compradores;https://api.mercadopublico.cl/servicios/v1/Publico/Empresas/BuscarComprador?ticket=F8537A18-6766-4DEF-9E59-426B4FEE2844;https://www.dipres.gob.cl/597/w3-multipropertyvalues-15145-37782.html
PUB-CL-CF8D83110CB7722D46D5;I MUNICIPALIDAD DE JUAN FERNANDEZ;MUNICIPALIDAD DE JUAN FERNANDEZ;CHILECOMPRA_MERCADO_PUBLICO;108932;true;false;MUNICIPALITY;false;69252300-8;ENT-RUT-69252300-8;I MUNICIPALIDAD DE JUAN FERNANDEZ;EXACT_NORMALIZED_NAME_UNIQUE;HIGH;https://datos-abiertos.chilecompra.cl/organismos-compradores;https://api.mercadopublico.cl/servicios/v1/Publico/Empresas/BuscarComprador?ticket=F8537A18-6766-4DEF-9E59-426B4FEE2844;https://www.dipres.gob.cl/597/w3-multipropertyvalues-15145-37782.html
PUB-CL-2A645EC45494C5A44BE1;I MUNICIPALIDAD DE LA CALERA;MUNICIPALIDAD DE LA CALERA;CHILECOMPRA_MERCADO_PUBLICO;115185;true;false;MUNICIPALITY;false;69060300-4;ENT-RUT-69060300-4;I MUNICIPALIDAD DE LA CALERA;EXACT_NORMALIZED_NAME_UNIQUE;HIGH;https://datos-abiertos.chilecompra.cl/organismos-compradores;https://api.mercadopublico.cl/servicios/v1/Publico/Empresas/BuscarComprador?ticket=F8537A18-6766-4DEF-9E59-426B4FEE2844;https://www.dipres.gob.cl/597/w3-multipropertyvalues-15145-37782.html
PUB-CL-C3540EAC6FF0787B3937;I MUNICIPALIDAD DE LA CISTERNA;MUNICIPALIDAD DE LA CISTERNA;CHILECOMPRA_MERCADO_PUBLICO;100488;true;false;MUNICIPALITY;false;69072000-0;ENT-RUT-69072000-0;I MUNICIPALIDAD DE LA CISTERNA;EXACT_NORMALIZED_NAME_UNIQUE;HIGH;https://datos-abiertos.chilecompra.cl/organismos-compradores;https://api.mercadopublico.cl/servicios/v1/Publico/Empresas/BuscarComprador?ticket=F8537A18-6766-4DEF-9E59-426B4FEE2844;https://www.dipres.gob.cl/597/w3-multipropertyvalues-15145-37782.html
PUB-CL-8D4964D034E5DA6167BE;I MUNICIPALIDAD DE LA COMUNA DE EL BOSQUE;MUNICIPALIDAD DE LA COMUNA DE EL BOSQUE;CHILECOMPRA_MERCADO_PUBLICO;7496;true;false;MUNICIPALITY;false;69255300-4;ENT-RUT-69255300-4;I MUNICIPALIDAD DE LA COMUNA DE EL BOSQUE;EXACT_NORMALIZED_NAME_UNIQUE;HIGH;https://datos-abiertos.chilecompra.cl/organismos-compradores;https://api.mercadopublico.cl/servicios/v1/Publico/Empresas/BuscarComprador?ticket=F8537A18-6766-4DEF-9E59-426B4FEE2844;https://www.dipres.gob.cl/597/w3-multipropertyvalues-15145-37782.html
PUB-CL-05A0D43F63E58F2D5180;I MUNICIPALIDAD DE LA CRUZ;MUNICIPALIDAD DE LA CRUZ;CHILECOMPRA_MERCADO_PUBLICO;113255;true;false;MUNICIPALITY;false;69060200-8;ENT-RUT-69060200-8;I MUNICIPALIDAD DE LA CRUZ;EXACT_NORMALIZED_NAME_UNIQUE;HIGH;https://datos-abiertos.chilecompra.cl/organismos-compradores;https://api.mercadopublico.cl/servicios/v1/Publico/Empresas/BuscarComprador?ticket=F8537A18-6766-4DEF-9E59-426B4FEE2844;https://www.dipres.gob.cl/597/w3-multipropertyvalues-15145-37782.html
PUB-CL-A13044290F527738BA1D;I MUNICIPALIDAD DE LA ESTRELLA;MUNICIPALIDAD DE LA ESTRELLA;CHILECOMPRA_MERCADO_PUBLICO;165285;true;false;MUNICIPALITY;false;69091400-K;ENT-RUT-69091400-K;I MUNICIPALIDAD DE LA ESTRELLA;EXACT_NORMALIZED_NAME_UNIQUE;HIGH;https://datos-abiertos.chilecompra.cl/organismos-compradores;https://api.mercadopublico.cl/servicios/v1/Publico/Empresas/BuscarComprador?ticket=F8537A18-6766-4DEF-9E59-426B4FEE2844;https://www.dipres.gob.cl/597/w3-multipropertyvalues-15145-37782.html
PUB-CL-57A766A6CE2C644F4E9F;I MUNICIPALIDAD DE LA FLORIDA;MUNICIPALIDAD DE LA FLORIDA;CHILECOMPRA_MERCADO_PUBLICO;86766;true;false;MUNICIPALITY;false;69070700-4;ENT-RUT-69070700-4;I MUNICIPALIDAD DE LA FLORIDA;EXACT_NORMALIZED_NAME_UNIQUE;HIGH;https://datos-abiertos.chilecompra.cl/organismos-compradores;https://api.mercadopublico.cl/servicios/v1/Publico/Empresas/BuscarComprador?ticket=F8537A18-6766-4DEF-9E59-426B4FEE2844;https://www.dipres.gob.cl/597/w3-multipropertyvalues-15145-37782.html
PUB-CL-40EFACC18887BD82AF43;I MUNICIPALIDAD DE LA GRANJA;MUNICIPALIDAD DE LA GRANJA;CHILECOMPRA_MERCADO_PUBLICO;112097;true;false;MUNICIPALITY;false;69072400-6;ENT-RUT-69072400-6;I MUNICIPALIDAD DE LA GRANJA;EXACT_NORMALIZED_NAME_UNIQUE;HIGH;https://datos-abiertos.chilecompra.cl/organismos-compradores;https://api.mercadopublico.cl/servicios/v1/Publico/Empresas/BuscarComprador?ticket=F8537A18-6766-4DEF-9E59-426B4FEE2844;https://www.dipres.gob.cl/597/w3-multipropertyvalues-15145-37782.html
PUB-CL-B64CB4C31F9F88F20515;I MUNICIPALIDAD DE LA HIGUERA;MUNICIPALIDAD DE LA HIGUERA;CHILECOMPRA_MERCADO_PUBLICO;116410;true;false;MUNICIPALITY;false;69040200-9;ENT-RUT-69040200-9;I MUNICIPALIDAD DE LA HIGUERA;EXACT_NORMALIZED_NAME_UNIQUE;HIGH;https://datos-abiertos.chilecompra.cl/organismos-compradores;https://api.mercadopublico.cl/servicios/v1/Publico/Empresas/BuscarComprador?ticket=F8537A18-6766-4DEF-9E59-426B4FEE2844;https://www.dipres.gob.cl/597/w3-multipropertyvalues-15145-37782.html
PUB-CL-D5DFB0F9AD1592F86E0E;I MUNICIPALIDAD DE LA LIGUA;MUNICIPALIDAD DE LA LIGUA;CHILECOMPRA_MERCADO_PUBLICO;100648;true;false;MUNICIPALITY;false;69050100-7;ENT-RUT-69050100-7;I MUNICIPALIDAD DE LA LIGUA;EXACT_NORMALIZED_NAME_UNIQUE;HIGH;https://datos-abiertos.chilecompra.cl/organismos-compradores;https://api.mercadopublico.cl/servicios/v1/Publico/Empresas/BuscarComprador?ticket=F8537A18-6766-4DEF-9E59-426B4FEE2844;https://www.dipres.gob.cl/597/w3-multipropertyvalues-15145-37782.html
PUB-CL-A5A4500C5C48BEE7B09D;I MUNICIPALIDAD DE LA PINTANA;MUNICIPALIDAD DE LA PINTANA;CHILECOMPRA_MERCADO_PUBLICO;83825;true;false;MUNICIPALITY;false;69253800-5;ENT-RUT-69253800-5;I MUNICIPALIDAD DE LA PINTANA;EXACT_NORMALIZED_NAME_UNIQUE;HIGH;https://datos-abiertos.chilecompra.cl/organismos-compradores;https://api.mercadopublico.cl/servicios/v1/Publico/Empresas/BuscarComprador?ticket=F8537A18-6766-4DEF-9E59-426B4FEE2844;https://www.dipres.gob.cl/597/w3-multipropertyvalues-15145-37782.html
PUB-CL-31394192CDBA90229FD8;I MUNICIPALIDAD DE LA REINA;MUNICIPALIDAD DE LA REINA;CHILECOMPRA_MERCADO_PUBLICO;7366;true;false;MUNICIPALITY;false;69070600-8;ENT-RUT-69070600-8;I MUNICIPALIDAD DE LA REINA;EXACT_NORMALIZED_NAME_UNIQUE;HIGH;https://datos-abiertos.chilecompra.cl/organismos-compradores;https://api.mercadopublico.cl/servicios/v1/Publico/Empresas/BuscarComprador?ticket=F8537A18-6766-4DEF-9E59-426B4FEE2844;https://www.dipres.gob.cl/597/w3-multipropertyvalues-15145-37782.html
PUB-CL-CBA91BAEC23FE9799A74;I MUNICIPALIDAD DE LA UNION;MUNICIPALIDAD DE LA UNION;CHILECOMPRA_MERCADO_PUBLICO;114725;true;false;MUNICIPALITY;false;69200800-6;ENT-RUT-69200800-6;I MUNICIPALIDAD DE LA UNION;EXACT_NORMALIZED_NAME_UNIQUE;HIGH;https://datos-abiertos.chilecompra.cl/organismos-compradores;https://api.mercadopublico.cl/servicios/v1/Publico/Empresas/BuscarComprador?ticket=F8537A18-6766-4DEF-9E59-426B4FEE2844;https://www.dipres.gob.cl/597/w3-multipropertyvalues-15145-37782.html
PUB-CL-F453E0A0D88377057136;I MUNICIPALIDAD DE LAGO RANCO;MUNICIPALIDAD DE LAGO RANCO;CHILECOMPRA_MERCADO_PUBLICO;113735;true;false;MUNICIPALITY;false;69201100-7;ENT-RUT-69201100-7;I MUNICIPALIDAD DE LAGO RANCO;EXACT_NORMALIZED_NAME_UNIQUE;HIGH;https://datos-abiertos.chilecompra.cl/organismos-compradores;https://api.mercadopublico.cl/servicios/v1/Publico/Empresas/BuscarComprador?ticket=F8537A18-6766-4DEF-9E59-426B4FEE2844;https://www.dipres.gob.cl/597/w3-multipropertyvalues-15145-37782.html
PUB-CL-182CA27E5EF4CD509308;I MUNICIPALIDAD DE LAGO VERDE;MUNICIPALIDAD DE LAGO VERDE;CHILECOMPRA_MERCADO_PUBLICO;123529;true;false;MUNICIPALITY;false;69253000-4;ENT-RUT-69253000-4;I MUNICIPALIDAD DE LAGO VERDE;EXACT_NORMALIZED_NAME_UNIQUE;HIGH;https://datos-abiertos.chilecompra.cl/organismos-compradores;https://api.mercadopublico.cl/servicios/v1/Publico/Empresas/BuscarComprador?ticket=F8537A18-6766-4DEF-9E59-426B4FEE2844;https://www.dipres.gob.cl/597/w3-multipropertyvalues-15145-37782.html
PUB-CL-A81E41CB9264B03C4D7B;I MUNICIPALIDAD DE LAGUNA BLANCA;MUNICIPALIDAD DE LAGUNA BLANCA;CHILECOMPRA_MERCADO_PUBLICO;119999;true;false;MUNICIPALITY;false;69251200-6;ENT-RUT-69251200-6;I MUNICIPALIDAD DE LAGUNA BLANCA;EXACT_NORMALIZED_NAME_UNIQUE;HIGH;https://datos-abiertos.chilecompra.cl/organismos-compradores;https://api.mercadopublico.cl/servicios/v1/Publico/Empresas/BuscarComprador?ticket=F8537A18-6766-4DEF-9E59-426B4FEE2844;https://www.dipres.gob.cl/597/w3-multipropertyvalues-15145-37782.html
PUB-CL-6DBC991A63FF2727D574;I MUNICIPALIDAD DE LAJA;MUNICIPALIDAD DE LAJA;CHILECOMPRA_MERCADO_PUBLICO;116405;true;false;MUNICIPALITY;false;69170300-2;ENT-RUT-69170300-2;I MUNICIPALIDAD DE LAJA;EXACT_NORMALIZED_NAME_UNIQUE;HIGH;https://datos-abiertos.chilecompra.cl/organismos-compradores;https://api.mercadopublico.cl/servicios/v1/Publico/Empresas/BuscarComprador?ticket=F8537A18-6766-4DEF-9E59-426B4FEE2844;https://www.dipres.gob.cl/597/w3-multipropertyvalues-15145-37782.html
PUB-CL-61FEB3211CCD32C1BD55;I MUNICIPALIDAD DE LAMPA;MUNICIPALIDAD DE LAMPA;CHILECOMPRA_MERCADO_PUBLICO;118067;true;false;MUNICIPALITY;false;69071400-0;ENT-RUT-69071400-0;I MUNICIPALIDAD DE LAMPA;EXACT_NORMALIZED_NAME_UNIQUE;HIGH;https://datos-abiertos.chilecompra.cl/organismos-compradores;https://api.mercadopublico.cl/servicios/v1/Publico/Empresas/BuscarComprador?ticket=F8537A18-6766-4DEF-9E59-426B4FEE2844;https://www.dipres.gob.cl/597/w3-multipropertyvalues-15145-37782.html
PUB-CL-A07F990BD6777175A4D1;I MUNICIPALIDAD DE LANCO;MUNICIPALIDAD DE LANCO;CHILECOMPRA_MERCADO_PUBLICO;106876;true;false;MUNICIPALITY;false;69200300-4;ENT-RUT-69200300-4;I MUNICIPALIDAD DE LANCO;EXACT_NORMALIZED_NAME_UNIQUE;HIGH;https://datos-abiertos.chilecompra.cl/organismos-compradores;https://api.mercadopublico.cl/servicios/v1/Publico/Empresas/BuscarComprador?ticket=F8537A18-6766-4DEF-9E59-426B4FEE2844;https://www.dipres.gob.cl/597/w3-multipropertyvalues-15145-37782.html
PUB-CL-B882B861C435FCCB1CAD;I MUNICIPALIDAD DE LAS CABRAS;MUNICIPALIDAD DE LAS CABRAS;CHILECOMPRA_MERCADO_PUBLICO;116296;true;false;MUNICIPALITY;false;69080800-5;ENT-RUT-69080800-5;I MUNICIPALIDAD DE LAS CABRAS;EXACT_NORMALIZED_NAME_UNIQUE;HIGH;https://datos-abiertos.chilecompra.cl/organismos-compradores;https://api.mercadopublico.cl/servicios/v1/Publico/Empresas/BuscarComprador?ticket=F8537A18-6766-4DEF-9E59-426B4FEE2844;https://www.dipres.gob.cl/597/w3-multipropertyvalues-15145-37782.html
PUB-CL-29B63214EB0CFD1E11FD;I MUNICIPALIDAD DE LAS CONDES;MUNICIPALIDAD DE LAS CONDES;CHILECOMPRA_MERCADO_PUBLICO;86571;true;false;MUNICIPALITY;false;69070400-5;ENT-RUT-69070400-5;I MUNICIPALIDAD DE LAS CONDES;EXACT_NORMALIZED_NAME_UNIQUE;HIGH;https://datos-abiertos.chilecompra.cl/organismos-compradores;https://api.mercadopublico.cl/servicios/v1/Publico/Empresas/BuscarComprador?ticket=F8537A18-6766-4DEF-9E59-426B4FEE2844;https://www.dipres.gob.cl/597/w3-multipropertyvalues-15145-37782.html
PUB-CL-85CB161CF5FF853189CD;I MUNICIPALIDAD DE LAS GUAITECAS;MUNICIPALIDAD DE LAS GUAITECAS;CHILECOMPRA_MERCADO_PUBLICO;165107;true;false;MUNICIPALITY;false;69253300-3;ENT-RUT-69253300-3;I MUNICIPALIDAD DE LAS GUAITECAS;EXACT_NORMALIZED_NAME_UNIQUE;HIGH;https://datos-abiertos.chilecompra.cl/organismos-compradores;https://api.mercadopublico.cl/servicios/v1/Publico/Empresas/BuscarComprador?ticket=F8537A18-6766-4DEF-9E59-426B4FEE2844;https://www.dipres.gob.cl/597/w3-multipropertyvalues-15145-37782.html
PUB-CL-CAE7FA1F4E440A96CC35;I MUNICIPALIDAD DE LAUTARO;MUNICIPALIDAD DE LAUTARO;CHILECOMPRA_MERCADO_PUBLICO;124577;true;false;MUNICIPALITY;false;69190100-9;ENT-RUT-69190100-9;I MUNICIPALIDAD DE LAUTARO;EXACT_NORMALIZED_NAME_UNIQUE;HIGH;https://datos-abiertos.chilecompra.cl/organismos-compradores;https://api.mercadopublico.cl/servicios/v1/Publico/Empresas/BuscarComprador?ticket=F8537A18-6766-4DEF-9E59-426B4FEE2844;https://www.dipres.gob.cl/597/w3-multipropertyvalues-15145-37782.html
PUB-CL-3A353412CC2D779F9265;I MUNICIPALIDAD DE LEBU;MUNICIPALIDAD DE LEBU;CHILECOMPRA_MERCADO_PUBLICO;118096;true;false;MUNICIPALITY;false;69160300-8;ENT-RUT-69160300-8;I MUNICIPALIDAD DE LEBU;EXACT_NORMALIZED_NAME_UNIQUE;HIGH;https://datos-abiertos.chilecompra.cl/organismos-compradores;https://api.mercadopublico.cl/servicios/v1/Publico/Empresas/BuscarComprador?ticket=F8537A18-6766-4DEF-9E59-426B4FEE2844;https://www.dipres.gob.cl/597/w3-multipropertyvalues-15145-37782.html
PUB-CL-C776A47EFD0D23F87C93;I MUNICIPALIDAD DE LICANTEN;MUNICIPALIDAD DE LICANTEN;CHILECOMPRA_MERCADO_PUBLICO;114398;true;false;MUNICIPALITY;false;69100500-3;ENT-RUT-69100500-3;I MUNICIPALIDAD DE LICANTEN;EXACT_NORMALIZED_NAME_UNIQUE;HIGH;https://datos-abiertos.chilecompra.cl/organismos-compradores;https://api.mercadopublico.cl/servicios/v1/Publico/Empresas/BuscarComprador?ticket=F8537A18-6766-4DEF-9E59-426B4FEE2844;https://www.dipres.gob.cl/597/w3-multipropertyvalues-15145-37782.html
PUB-CL-CDE0706D171EF48E3B33;I MUNICIPALIDAD DE LIMACHE;MUNICIPALIDAD DE LIMACHE;CHILECOMPRA_MERCADO_PUBLICO;7492;true;false;MUNICIPALITY;false;69061100-7;ENT-RUT-69061100-7;I MUNICIPALIDAD DE LIMACHE;EXACT_NORMALIZED_NAME_UNIQUE;HIGH;https://datos-abiertos.chilecompra.cl/organismos-compradores;https://api.mercadopublico.cl/servicios/v1/Publico/Empresas/BuscarComprador?ticket=F8537A18-6766-4DEF-9E59-426B4FEE2844;https://www.dipres.gob.cl/597/w3-multipropertyvalues-15145-37782.html
PUB-CL-A0860FC252E521684296;I MUNICIPALIDAD DE LINARES;MUNICIPALIDAD DE LINARES;CHILECOMPRA_MERCADO_PUBLICO;86545;true;false;MUNICIPALITY;false;69130300-4;ENT-RUT-69130300-4;I MUNICIPALIDAD DE LINARES;EXACT_NORMALIZED_NAME_UNIQUE;HIGH;https://datos-abiertos.chilecompra.cl/organismos-compradores;https://api.mercadopublico.cl/servicios/v1/Publico/Empresas/BuscarComprador?ticket=F8537A18-6766-4DEF-9E59-426B4FEE2844;https://www.dipres.gob.cl/597/w3-multipropertyvalues-15145-37782.html
PUB-CL-D582EDD39D049FDEBDEF;I MUNICIPALIDAD DE LITUECHE;MUNICIPALIDAD DE LITUECHE;CHILECOMPRA_MERCADO_PUBLICO;7365;true;false;MUNICIPALITY;false;;;;NO_RUT_MATCH;UNMATCHED;https://datos-abiertos.chilecompra.cl/organismos-compradores;https://api.mercadopublico.cl/servicios/v1/Publico/Empresas/BuscarComprador?ticket=F8537A18-6766-4DEF-9E59-426B4FEE2844;https://www.dipres.gob.cl/597/w3-multipropertyvalues-15145-37782.html
PUB-CL-BF2B7CB9E84A0218A97B;I MUNICIPALIDAD DE LLANQUIHUE;MUNICIPALIDAD DE LLANQUIHUE;CHILECOMPRA_MERCADO_PUBLICO;7064;true;false;MUNICIPALITY;false;69220300-3;ENT-RUT-69220300-3;I MUNICIPALIDAD DE LLANQUIHUE;EXACT_NORMALIZED_NAME_UNIQUE;HIGH;https://datos-abiertos.chilecompra.cl/organismos-compradores;https://api.mercadopublico.cl/servicios/v1/Publico/Empresas/BuscarComprador?ticket=F8537A18-6766-4DEF-9E59-426B4FEE2844;https://www.dipres.gob.cl/597/w3-multipropertyvalues-15145-37782.html
PUB-CL-C10397854E12F5A4CEAA;I MUNICIPALIDAD DE LLAY LLAY;MUNICIPALIDAD DE LLAY LLAY;CHILECOMPRA_MERCADO_PUBLICO;118072;true;false;MUNICIPALITY;false;69060400-0;ENT-RUT-69060400-0;I MUNICIPALIDAD DE LLAY LLAY;EXACT_NORMALIZED_NAME_UNIQUE;HIGH;https://datos-abiertos.chilecompra.cl/organismos-compradores;https://api.mercadopublico.cl/servicios/v1/Publico/Empresas/BuscarComprador?ticket=F8537A18-6766-4DEF-9E59-426B4FEE2844;https://www.dipres.gob.cl/597/w3-multipropertyvalues-15145-37782.html
PUB-CL-4ABAB10A9B7DF06BD440;I MUNICIPALIDAD DE LO ESPEJO;MUNICIPALIDAD DE LO ESPEJO;CHILECOMPRA_MERCADO_PUBLICO;86518;true;false;MUNICIPALITY;false;69255100-1;ENT-RUT-69255100-1;I MUNICIPALIDAD DE LO ESPEJO;EXACT_NORMALIZED_NAME_UNIQUE;HIGH;https://datos-abiertos.chilecompra.cl/organismos-compradores;https://api.mercadopublico.cl/servicios/v1/Publico/Empresas/BuscarComprador?ticket=F8537A18-6766-4DEF-9E59-426B4FEE2844;https://www.dipres.gob.cl/597/w3-multipropertyvalues-15145-37782.html
PUB-CL-633020445FC82BDE9718;I MUNICIPALIDAD DE LO PRADO;MUNICIPALIDAD DE LO PRADO;CHILECOMPRA_MERCADO_PUBLICO;87373;true;false;MUNICIPALITY;false;69254100-6;ENT-RUT-69254100-6;I MUNICIPALIDAD DE LO PRADO;EXACT_NORMALIZED_NAME_UNIQUE;HIGH;https://datos-abiertos.chilecompra.cl/organismos-compradores;https://api.mercadopublico.cl/servicios/v1/Publico/Empresas/BuscarComprador?ticket=F8537A18-6766-4DEF-9E59-426B4FEE2844;https://www.dipres.gob.cl/597/w3-multipropertyvalues-15145-37782.html
PUB-CL-0EDF476C3CBBCE4A6BE4;I MUNICIPALIDAD DE LOLOL;MUNICIPALIDAD DE LOLOL;CHILECOMPRA_MERCADO_PUBLICO;113258;true;false;MUNICIPALITY;false;69090500-0;ENT-RUT-69090500-0;I MUNICIPALIDAD DE LOLOL;EXACT_NORMALIZED_NAME_UNIQUE;HIGH;https://datos-abiertos.chilecompra.cl/organismos-compradores;https://api.mercadopublico.cl/servicios/v1/Publico/Empresas/BuscarComprador?ticket=F8537A18-6766-4DEF-9E59-426B4FEE2844;https://www.dipres.gob.cl/597/w3-multipropertyvalues-15145-37782.html
PUB-CL-6324EF08A0960F637073;I MUNICIPALIDAD DE LONCOCHE;MUNICIPALIDAD DE LONCOCHE;CHILECOMPRA_MERCADO_PUBLICO;113851;true;false;MUNICIPALITY;false;69191100-4;ENT-RUT-69191100-4;I MUNICIPALIDAD DE LONCOCHE;EXACT_NORMALIZED_NAME_UNIQUE;HIGH;https://datos-abiertos.chilecompra.cl/organismos-compradores;https://api.mercadopublico.cl/servicios/v1/Publico/Empresas/BuscarComprador?ticket=F8537A18-6766-4DEF-9E59-426B4FEE2844;https://www.dipres.gob.cl/597/w3-multipropertyvalues-15145-37782.html
PUB-CL-98017564633E1014BE66;I MUNICIPALIDAD DE LONGAVI;MUNICIPALIDAD DE LONGAVI;CHILECOMPRA_MERCADO_PUBLICO;120788;true;false;MUNICIPALITY;false;69130600-3;ENT-RUT-69130600-3;I MUNICIPALIDAD DE LONGAVI;EXACT_NORMALIZED_NAME_UNIQUE;HIGH;https://datos-abiertos.chilecompra.cl/organismos-compradores;https://api.mercadopublico.cl/servicios/v1/Publico/Empresas/BuscarComprador?ticket=F8537A18-6766-4DEF-9E59-426B4FEE2844;https://www.dipres.gob.cl/597/w3-multipropertyvalues-15145-37782.html
PUB-CL-7E2F0C6963390C46C93B;I MUNICIPALIDAD DE LONQUIMAY;MUNICIPALIDAD DE LONQUIMAY;CHILECOMPRA_MERCADO_PUBLICO;119994;true;false;MUNICIPALITY;false;69181100-K;ENT-RUT-69181100-K;I MUNICIPALIDAD DE LONQUIMAY;EXACT_NORMALIZED_NAME_UNIQUE;HIGH;https://datos-abiertos.chilecompra.cl/organismos-compradores;https://api.mercadopublico.cl/servicios/v1/Publico/Empresas/BuscarComprador?ticket=F8537A18-6766-4DEF-9E59-426B4FEE2844;https://www.dipres.gob.cl/597/w3-multipropertyvalues-15145-37782.html
PUB-CL-2398141427A6838F3404;I MUNICIPALIDAD DE LOS ALAMOS DEPTO COMUNAL;MUNICIPALIDAD DE LOS ALAMOS DEPTO COMUNAL;CHILECOMPRA_MERCADO_PUBLICO;118620;true;false;MUNICIPALITY;false;69160401-2;ENT-RUT-69160401-2;I MUNICIPALIDAD DE LOS ALAMOS DEPTO COMUNAL;EXACT_NORMALIZED_NAME_UNIQUE;HIGH;https://datos-abiertos.chilecompra.cl/organismos-compradores;https://api.mercadopublico.cl/servicios/v1/Publico/Empresas/BuscarComprador?ticket=F8537A18-6766-4DEF-9E59-426B4FEE2844;https://www.dipres.gob.cl/597/w3-multipropertyvalues-15145-37782.html
PUB-CL-566979DE827F9159FE14;I MUNICIPALIDAD DE LOS ANGELES;MUNICIPALIDAD DE LOS ANGELES;CHILECOMPRA_MERCADO_PUBLICO;87187;true;false;MUNICIPALITY;false;69170100-K;ENT-RUT-69170100-K;I MUNICIPALIDAD DE LOS ANGELES;EXACT_NORMALIZED_NAME_UNIQUE;HIGH;https://datos-abiertos.chilecompra.cl/organismos-compradores;https://api.mercadopublico.cl/servicios/v1/Publico/Empresas/BuscarComprador?ticket=F8537A18-6766-4DEF-9E59-426B4FEE2844;https://www.dipres.gob.cl/597/w3-multipropertyvalues-15145-37782.html
PUB-CL-0F1B6CB516EACC2E186D;I MUNICIPALIDAD DE LOS LAGOS;MUNICIPALIDAD DE LOS LAGOS;CHILECOMPRA_MERCADO_PUBLICO;7159;true;false;MUNICIPALITY;false;69200600-3;ENT-RUT-69200600-3;I MUNICIPALIDAD DE LOS LAGOS;EXACT_NORMALIZED_NAME_UNIQUE;HIGH;https://datos-abiertos.chilecompra.cl/organismos-compradores;https://api.mercadopublico.cl/servicios/v1/Publico/Empresas/BuscarComprador?ticket=F8537A18-6766-4DEF-9E59-426B4FEE2844;https://www.dipres.gob.cl/597/w3-multipropertyvalues-15145-37782.html
PUB-CL-FDBD6D036B106D2D8640;I MUNICIPALIDAD DE LOS MUERMOS;MUNICIPALIDAD DE LOS MUERMOS;CHILECOMPRA_MERCADO_PUBLICO;7304;true;false;MUNICIPALITY;false;69220800-5;ENT-RUT-69220800-5;I MUNICIPALIDAD DE LOS MUERMOS;EXACT_NORMALIZED_NAME_UNIQUE;HIGH;https://datos-abiertos.chilecompra.cl/organismos-compradores;https://api.mercadopublico.cl/servicios/v1/Publico/Empresas/BuscarComprador?ticket=F8537A18-6766-4DEF-9E59-426B4FEE2844;https://www.dipres.gob.cl/597/w3-multipropertyvalues-15145-37782.html
PUB-CL-8DFD5576B6BB20FF1B93;I MUNICIPALIDAD DE LOS SAUCES;MUNICIPALIDAD DE LOS SAUCES;CHILECOMPRA_MERCADO_PUBLICO;116408;true;false;MUNICIPALITY;false;69180300-7;ENT-RUT-69180300-7;I MUNICIPALIDAD DE LOS SAUCES;EXACT_NORMALIZED_NAME_UNIQUE;HIGH;https://datos-abiertos.chilecompra.cl/organismos-compradores;https://api.mercadopublico.cl/servicios/v1/Publico/Empresas/BuscarComprador?ticket=F8537A18-6766-4DEF-9E59-426B4FEE2844;https://www.dipres.gob.cl/597/w3-multipropertyvalues-15145-37782.html
PUB-CL-452F00BE0BED4BD138C8;I MUNICIPALIDAD DE LOS VILOS;MUNICIPALIDAD DE LOS VILOS;CHILECOMPRA_MERCADO_PUBLICO;116401;true;false;MUNICIPALITY;false;69041500-3;ENT-RUT-69041500-3;I MUNICIPALIDAD DE LOS VILOS;EXACT_NORMALIZED_NAME_UNIQUE;HIGH;https://datos-abiertos.chilecompra.cl/organismos-compradores;https://api.mercadopublico.cl/servicios/v1/Publico/Empresas/BuscarComprador?ticket=F8537A18-6766-4DEF-9E59-426B4FEE2844;https://www.dipres.gob.cl/597/w3-multipropertyvalues-15145-37782.html
PUB-CL-43E3731882F796427607;I MUNICIPALIDAD DE LOTA;MUNICIPALIDAD DE LOTA;CHILECOMPRA_MERCADO_PUBLICO;113259;true;false;MUNICIPALITY;false;69151300-9;ENT-RUT-69151300-9;I MUNICIPALIDAD DE LOTA;EXACT_NORMALIZED_NAME_UNIQUE;HIGH;https://datos-abiertos.chilecompra.cl/organismos-compradores;https://api.mercadopublico.cl/servicios/v1/Publico/Empresas/BuscarComprador?ticket=F8537A18-6766-4DEF-9E59-426B4FEE2844;https://www.dipres.gob.cl/597/w3-multipropertyvalues-15145-37782.html
PUB-CL-B9F38972947CE72481B0;I MUNICIPALIDAD DE MAFIL;MUNICIPALIDAD DE MAFIL;CHILECOMPRA_MERCADO_PUBLICO;115464;true;false;MUNICIPALITY;false;69200500-7;ENT-RUT-69200500-7;I MUNICIPALIDAD DE MAFIL;EXACT_NORMALIZED_NAME_UNIQUE;HIGH;https://datos-abiertos.chilecompra.cl/organismos-compradores;https://api.mercadopublico.cl/servicios/v1/Publico/Empresas/BuscarComprador?ticket=F8537A18-6766-4DEF-9E59-426B4FEE2844;https://www.dipres.gob.cl/597/w3-multipropertyvalues-15145-37782.html
PUB-CL-3D9EC6D0ED396D2F4D63;I MUNICIPALIDAD DE MAIPU;MUNICIPALIDAD DE MAIPU;CHILECOMPRA_MERCADO_PUBLICO;93619;true;false;MUNICIPALITY;false;69070900-7;ENT-RUT-69070900-7;I MUNICIPALIDAD DE MAIPU;EXACT_NORMALIZED_NAME_UNIQUE;HIGH;https://datos-abiertos.chilecompra.cl/organismos-compradores;https://api.mercadopublico.cl/servicios/v1/Publico/Empresas/BuscarComprador?ticket=F8537A18-6766-4DEF-9E59-426B4FEE2844;https://www.dipres.gob.cl/597/w3-multipropertyvalues-15145-37782.html
PUB-CL-CBBD74BE93C0BB23B62E;I MUNICIPALIDAD DE MALLOA;MUNICIPALIDAD DE MALLOA;CHILECOMPRA_MERCADO_PUBLICO;115609;true;false;MUNICIPALITY;false;69081500-1;ENT-RUT-69081500-1;I MUNICIPALIDAD DE MALLOA;EXACT_NORMALIZED_NAME_UNIQUE;HIGH;https://datos-abiertos.chilecompra.cl/organismos-compradores;https://api.mercadopublico.cl/servicios/v1/Publico/Empresas/BuscarComprador?ticket=F8537A18-6766-4DEF-9E59-426B4FEE2844;https://www.dipres.gob.cl/597/w3-multipropertyvalues-15145-37782.html
PUB-CL-D1C98CA4ACF10D392A55;I MUNICIPALIDAD DE MARCHIGUE;MUNICIPALIDAD DE MARCHIGUE;CHILECOMPRA_MERCADO_PUBLICO;115304;true;false;MUNICIPALITY;false;69091300-3;ENT-RUT-69091300-3;I MUNICIPALIDAD DE MARCHIGUE;EXACT_NORMALIZED_NAME_UNIQUE;HIGH;https://datos-abiertos.chilecompra.cl/organismos-compradores;https://api.mercadopublico.cl/servicios/v1/Publico/Empresas/BuscarComprador?ticket=F8537A18-6766-4DEF-9E59-426B4FEE2844;https://www.dipres.gob.cl/597/w3-multipropertyvalues-15145-37782.html
PUB-CL-EE0E49D119DC606D3F0A;I MUNICIPALIDAD DE MARIA ELENA;MUNICIPALIDAD DE MARIA ELENA;CHILECOMPRA_MERCADO_PUBLICO;113738;true;false;MUNICIPALITY;false;69253600-2;ENT-RUT-69253600-2;I MUNICIPALIDAD DE MARIA ELENA;EXACT_NORMALIZED_NAME_UNIQUE;HIGH;https://datos-abiertos.chilecompra.cl/organismos-compradores;https://api.mercadopublico.cl/servicios/v1/Publico/Empresas/BuscarComprador?ticket=F8537A18-6766-4DEF-9E59-426B4FEE2844;https://www.dipres.gob.cl/597/w3-multipropertyvalues-15145-37782.html
PUB-CL-D05C0626FBD9227B5401;I MUNICIPALIDAD DE MARIA PINTO;MUNICIPALIDAD DE MARIA PINTO;CHILECOMPRA_MERCADO_PUBLICO;120798;true;false;MUNICIPALITY;false;69073300-5;ENT-RUT-69073300-5;I MUNICIPALIDAD DE MARIA PINTO;EXACT_NORMALIZED_NAME_UNIQUE;HIGH;https://datos-abiertos.chilecompra.cl/organismos-compradores;https://api.mercadopublico.cl/servicios/v1/Publico/Empresas/BuscarComprador?ticket=F8537A18-6766-4DEF-9E59-426B4FEE2844;https://www.dipres.gob.cl/597/w3-multipropertyvalues-15145-37782.html
PUB-CL-23C7CF7B3C802A738F00;I MUNICIPALIDAD DE MARIQUINA;MUNICIPALIDAD DE MARIQUINA;CHILECOMPRA_MERCADO_PUBLICO;120001;true;false;MUNICIPALITY;false;69200400-0;ENT-RUT-69200400-0;I MUNICIPALIDAD DE MARIQUINA;EXACT_NORMALIZED_NAME_UNIQUE;HIGH;https://datos-abiertos.chilecompra.cl/organismos-compradores;https://api.mercadopublico.cl/servicios/v1/Publico/Empresas/BuscarComprador?ticket=F8537A18-6766-4DEF-9E59-426B4FEE2844;https://www.dipres.gob.cl/597/w3-multipropertyvalues-15145-37782.html
PUB-CL-8346CD1D4E40E490B7FD;I MUNICIPALIDAD DE MAULE;MUNICIPALIDAD DE MAULE;CHILECOMPRA_MERCADO_PUBLICO;118070;true;false;MUNICIPALITY;false;69110900-3;ENT-RUT-69110900-3;I MUNICIPALIDAD DE MAULE;EXACT_NORMALIZED_NAME_UNIQUE;HIGH;https://datos-abiertos.chilecompra.cl/organismos-compradores;https://api.mercadopublico.cl/servicios/v1/Publico/Empresas/BuscarComprador?ticket=F8537A18-6766-4DEF-9E59-426B4FEE2844;https://www.dipres.gob.cl/597/w3-multipropertyvalues-15145-37782.html
PUB-CL-CECAB4E84D884998F017;I MUNICIPALIDAD DE MAULLIN;MUNICIPALIDAD DE MAULLIN;CHILECOMPRA_MERCADO_PUBLICO;120791;true;false;MUNICIPALITY;false;69220500-6;ENT-RUT-69220500-6;I MUNICIPALIDAD DE MAULLIN;EXACT_NORMALIZED_NAME_UNIQUE;HIGH;https://datos-abiertos.chilecompra.cl/organismos-compradores;https://api.mercadopublico.cl/servicios/v1/Publico/Empresas/BuscarComprador?ticket=F8537A18-6766-4DEF-9E59-426B4FEE2844;https://www.dipres.gob.cl/597/w3-multipropertyvalues-15145-37782.html
PUB-CL-F38D4CEE257AB7057A9A;I MUNICIPALIDAD DE MEJILLONES;MUNICIPALIDAD DE MEJILLONES;CHILECOMPRA_MERCADO_PUBLICO;117581;true;false;MUNICIPALITY;false;69020400-2;ENT-RUT-69020400-2;I MUNICIPALIDAD DE MEJILLONES;EXACT_NORMALIZED_NAME_UNIQUE;HIGH;https://datos-abiertos.chilecompra.cl/organismos-compradores;https://api.mercadopublico.cl/servicios/v1/Publico/Empresas/BuscarComprador?ticket=F8537A18-6766-4DEF-9E59-426B4FEE2844;https://www.dipres.gob.cl/597/w3-multipropertyvalues-15145-37782.html
PUB-CL-FE43B5D601C93C533960;I MUNICIPALIDAD DE MONTEPATRIA;MUNICIPALIDAD DE MONTEPATRIA;CHILECOMPRA_MERCADO_PUBLICO;112924;true;false;MUNICIPALITY;false;69040800-7;ENT-RUT-69040800-7;I MUNICIPALIDAD DE MONTEPATRIA;EXACT_NORMALIZED_NAME_UNIQUE;HIGH;https://datos-abiertos.chilecompra.cl/organismos-compradores;https://api.mercadopublico.cl/servicios/v1/Publico/Empresas/BuscarComprador?ticket=F8537A18-6766-4DEF-9E59-426B4FEE2844;https://www.dipres.gob.cl/597/w3-multipropertyvalues-15145-37782.html
PUB-CL-56550E966B790F146A93;I MUNICIPALIDAD DE MOSTAZAL;MUNICIPALIDAD DE MOSTAZAL;CHILECOMPRA_MERCADO_PUBLICO;99101;true;false;MUNICIPALITY;false;69080500-6;ENT-RUT-69080500-6;I MUNICIPALIDAD DE MOSTAZAL;EXACT_NORMALIZED_NAME_UNIQUE;HIGH;https://datos-abiertos.chilecompra.cl/organismos-compradores;https://api.mercadopublico.cl/servicios/v1/Publico/Empresas/BuscarComprador?ticket=F8537A18-6766-4DEF-9E59-426B4FEE2844;https://www.dipres.gob.cl/597/w3-multipropertyvalues-15145-37782.html
PUB-CL-B1983E05A0EEDD13DEFC;I MUNICIPALIDAD DE MULCHEN;MUNICIPALIDAD DE MULCHEN;CHILECOMPRA_MERCADO_PUBLICO;115311;true;false;MUNICIPALITY;false;69170500-5;ENT-RUT-69170500-5;I MUNICIPALIDAD DE MULCHEN;EXACT_NORMALIZED_NAME_UNIQUE;HIGH;https://datos-abiertos.chilecompra.cl/organismos-compradores;https://api.mercadopublico.cl/servicios/v1/Publico/Empresas/BuscarComprador?ticket=F8537A18-6766-4DEF-9E59-426B4FEE2844;https://www.dipres.gob.cl/597/w3-multipropertyvalues-15145-37782.html
PUB-CL-C69AF2847B7E605BBD28;I MUNICIPALIDAD DE NACIMIENTO;MUNICIPALIDAD DE NACIMIENTO;CHILECOMPRA_MERCADO_PUBLICO;135561;true;false;MUNICIPALITY;false;69170700-8;ENT-RUT-69170700-8;I MUNICIPALIDAD DE NACIMIENTO;EXACT_NORMALIZED_NAME_UNIQUE;HIGH;https://datos-abiertos.chilecompra.cl/organismos-compradores;https://api.mercadopublico.cl/servicios/v1/Publico/Empresas/BuscarComprador?ticket=F8537A18-6766-4DEF-9E59-426B4FEE2844;https://www.dipres.gob.cl/597/w3-multipropertyvalues-15145-37782.html
PUB-CL-7D6B30D7CC3531F8B111;I MUNICIPALIDAD DE NANCAGUA;MUNICIPALIDAD DE NANCAGUA;CHILECOMPRA_MERCADO_PUBLICO;116750;true;false;MUNICIPALITY;false;69090400-4;ENT-RUT-69090400-4;I MUNICIPALIDAD DE NANCAGUA;EXACT_NORMALIZED_NAME_UNIQUE;HIGH;https://datos-abiertos.chilecompra.cl/organismos-compradores;https://api.mercadopublico.cl/servicios/v1/Publico/Empresas/BuscarComprador?ticket=F8537A18-6766-4DEF-9E59-426B4FEE2844;https://www.dipres.gob.cl/597/w3-multipropertyvalues-15145-37782.html
PUB-CL-192CF770EF65BCBF95A8;I MUNICIPALIDAD DE NAVIDAD;MUNICIPALIDAD DE NAVIDAD;CHILECOMPRA_MERCADO_PUBLICO;118625;true;false;MUNICIPALITY;false;69073800-7;ENT-RUT-69073800-7;I MUNICIPALIDAD DE NAVIDAD;EXACT_NORMALIZED_NAME_UNIQUE;HIGH;https://datos-abiertos.chilecompra.cl/organismos-compradores;https://api.mercadopublico.cl/servicios/v1/Publico/Empresas/BuscarComprador?ticket=F8537A18-6766-4DEF-9E59-426B4FEE2844;https://www.dipres.gob.cl/597/w3-multipropertyvalues-15145-37782.html
PUB-CL-EF2108245C3E426C22BD;I MUNICIPALIDAD DE NEGRETE;MUNICIPALIDAD DE NEGRETE;CHILECOMPRA_MERCADO_PUBLICO;142508;true;false;MUNICIPALITY;false;69170800-4;ENT-RUT-69170800-4;I MUNICIPALIDAD DE NEGRETE;EXACT_NORMALIZED_NAME_UNIQUE;HIGH;https://datos-abiertos.chilecompra.cl/organismos-compradores;https://api.mercadopublico.cl/servicios/v1/Publico/Empresas/BuscarComprador?ticket=F8537A18-6766-4DEF-9E59-426B4FEE2844;https://www.dipres.gob.cl/597/w3-multipropertyvalues-15145-37782.html
PUB-CL-929AE3C101C5303D2442;I MUNICIPALIDAD DE NINHUE;MUNICIPALIDAD DE NINHUE;CHILECOMPRA_MERCADO_PUBLICO;7051;true;false;MUNICIPALITY;false;69140300-9;ENT-RUT-69140300-9;I MUNICIPALIDAD DE NINHUE;EXACT_NORMALIZED_NAME_UNIQUE;HIGH;https://datos-abiertos.chilecompra.cl/organismos-compradores;https://api.mercadopublico.cl/servicios/v1/Publico/Empresas/BuscarComprador?ticket=F8537A18-6766-4DEF-9E59-426B4FEE2844;https://www.dipres.gob.cl/597/w3-multipropertyvalues-15145-37782.html
PUB-CL-95F455FEEB9C7A5A2EDF;I MUNICIPALIDAD DE NOGALES;MUNICIPALIDAD DE NOGALES;CHILECOMPRA_MERCADO_PUBLICO;115468;true;false;MUNICIPALITY;false;69060600-3;ENT-RUT-69060600-3;I MUNICIPALIDAD DE NOGALES;EXACT_NORMALIZED_NAME_UNIQUE;HIGH;https://datos-abiertos.chilecompra.cl/organismos-compradores;https://api.mercadopublico.cl/servicios/v1/Publico/Empresas/BuscarComprador?ticket=F8537A18-6766-4DEF-9E59-426B4FEE2844;https://www.dipres.gob.cl/597/w3-multipropertyvalues-15145-37782.html
PUB-CL-B95192D294752A383F3D;I MUNICIPALIDAD DE NUEVA IMPERIAL;MUNICIPALIDAD DE NUEVA IMPERIAL;CHILECOMPRA_MERCADO_PUBLICO;114924;true;false;MUNICIPALITY;false;69190400-8;ENT-RUT-69190400-8;I MUNICIPALIDAD DE NUEVA IMPERIAL;EXACT_NORMALIZED_NAME_UNIQUE;HIGH;https://datos-abiertos.chilecompra.cl/organismos-compradores;https://api.mercadopublico.cl/servicios/v1/Publico/Empresas/BuscarComprador?ticket=F8537A18-6766-4DEF-9E59-426B4FEE2844;https://www.dipres.gob.cl/597/w3-multipropertyvalues-15145-37782.html
PUB-CL-22C8B0AD253EC4608AFA;I MUNICIPALIDAD DE NUNOA;MUNICIPALIDAD DE NUNOA;CHILECOMPRA_MERCADO_PUBLICO;86764;true;false;MUNICIPALITY;false;69070500-1;ENT-RUT-69070500-1;I MUNICIPALIDAD DE NUNOA;EXACT_NORMALIZED_NAME_UNIQUE;HIGH;https://datos-abiertos.chilecompra.cl/organismos-compradores;https://api.mercadopublico.cl/servicios/v1/Publico/Empresas/BuscarComprador?ticket=F8537A18-6766-4DEF-9E59-426B4FEE2844;https://www.dipres.gob.cl/597/w3-multipropertyvalues-15145-37782.html
PUB-CL-5122C7A22F5774003ACA;I MUNICIPALIDAD DE O HIGGINS;MUNICIPALIDAD DE O HIGGINS;CHILECOMPRA_MERCADO_PUBLICO;115463;true;false;MUNICIPALITY;false;69253500-6;ENT-RUT-69253500-6;I MUNICIPALIDAD DE O HIGGINS;EXACT_NORMALIZED_NAME_UNIQUE;HIGH;https://datos-abiertos.chilecompra.cl/organismos-compradores;https://api.mercadopublico.cl/servicios/v1/Publico/Empresas/BuscarComprador?ticket=F8537A18-6766-4DEF-9E59-426B4FEE2844;https://www.dipres.gob.cl/597/w3-multipropertyvalues-15145-37782.html
PUB-CL-8467785E510E976B6E3B;I MUNICIPALIDAD DE OLIVAR;MUNICIPALIDAD DE OLIVAR;CHILECOMPRA_MERCADO_PUBLICO;119273;true;false;MUNICIPALITY;false;69081400-5;ENT-RUT-69081400-5;I MUNICIPALIDAD DE OLIVAR;EXACT_NORMALIZED_NAME_UNIQUE;HIGH;https://datos-abiertos.chilecompra.cl/organismos-compradores;https://api.mercadopublico.cl/servicios/v1/Publico/Empresas/BuscarComprador?ticket=F8537A18-6766-4DEF-9E59-426B4FEE2844;https://www.dipres.gob.cl/597/w3-multipropertyvalues-15145-37782.html
PUB-CL-AAE018BBB37B20064925;I MUNICIPALIDAD DE OLLAGUE;MUNICIPALIDAD DE OLLAGUE;CHILECOMPRA_MERCADO_PUBLICO;119996;true;false;MUNICIPALITY;false;69252600-7;ENT-RUT-69252600-7;I MUNICIPALIDAD DE OLLAGUE;EXACT_NORMALIZED_NAME_UNIQUE;HIGH;https://datos-abiertos.chilecompra.cl/organismos-compradores;https://api.mercadopublico.cl/servicios/v1/Publico/Empresas/BuscarComprador?ticket=F8537A18-6766-4DEF-9E59-426B4FEE2844;https://www.dipres.gob.cl/597/w3-multipropertyvalues-15145-37782.html
PUB-CL-F8148495E880227B7AB9;I MUNICIPALIDAD DE OLMUE;MUNICIPALIDAD DE OLMUE;CHILECOMPRA_MERCADO_PUBLICO;114724;true;false;MUNICIPALITY;false;69061200-3;ENT-RUT-69061200-3;I MUNICIPALIDAD DE OLMUE;EXACT_NORMALIZED_NAME_UNIQUE;HIGH;https://datos-abiertos.chilecompra.cl/organismos-compradores;https://api.mercadopublico.cl/servicios/v1/Publico/Empresas/BuscarComprador?ticket=F8537A18-6766-4DEF-9E59-426B4FEE2844;https://www.dipres.gob.cl/597/w3-multipropertyvalues-15145-37782.html
PUB-CL-9DCA3AABB7B89CDDF528;I MUNICIPALIDAD DE OSORNO;MUNICIPALIDAD DE OSORNO;CHILECOMPRA_MERCADO_PUBLICO;84959;true;false;MUNICIPALITY;false;69210100-6;ENT-RUT-69210100-6;I MUNICIPALIDAD DE OSORNO;EXACT_NORMALIZED_NAME_UNIQUE;HIGH;https://datos-abiertos.chilecompra.cl/organismos-compradores;https://api.mercadopublico.cl/servicios/v1/Publico/Empresas/BuscarComprador?ticket=F8537A18-6766-4DEF-9E59-426B4FEE2844;https://www.dipres.gob.cl/597/w3-multipropertyvalues-15145-37782.html
PUB-CL-786636B8AF86FB4A4AE3;I MUNICIPALIDAD DE PADRE HURTADO;MUNICIPALIDAD DE PADRE HURTADO;CHILECOMPRA_MERCADO_PUBLICO;117406;true;false;MUNICIPALITY;false;69261400-3;ENT-RUT-69261400-3;I MUNICIPALIDAD DE PADRE HURTADO;EXACT_NORMALIZED_NAME_UNIQUE;HIGH;https://datos-abiertos.chilecompra.cl/organismos-compradores;https://api.mercadopublico.cl/servicios/v1/Publico/Empresas/BuscarComprador?ticket=F8537A18-6766-4DEF-9E59-426B4FEE2844;https://www.dipres.gob.cl/597/w3-multipropertyvalues-15145-37782.html
PUB-CL-E93F0C1E40F75ACD7122;I MUNICIPALIDAD DE PADRE LAS CASAS;MUNICIPALIDAD DE PADRE LAS CASAS;CHILECOMPRA_MERCADO_PUBLICO;90886;true;false;MUNICIPALITY;false;61955000-5;ENT-RUT-61955000-5;I MUNICIPALIDAD DE PADRE LAS CASAS;EXACT_NORMALIZED_NAME_UNIQUE;HIGH;https://datos-abiertos.chilecompra.cl/organismos-compradores;https://api.mercadopublico.cl/servicios/v1/Publico/Empresas/BuscarComprador?ticket=F8537A18-6766-4DEF-9E59-426B4FEE2844;https://www.dipres.gob.cl/597/w3-multipropertyvalues-15145-37782.html
PUB-CL-25AE845B05A1A5DE62DF;I MUNICIPALIDAD DE PAILLACO;MUNICIPALIDAD DE PAILLACO;CHILECOMPRA_MERCADO_PUBLICO;116744;true;false;MUNICIPALITY;false;69200900-2;ENT-RUT-69200900-2;I MUNICIPALIDAD DE PAILLACO;EXACT_NORMALIZED_NAME_UNIQUE;HIGH;https://datos-abiertos.chilecompra.cl/organismos-compradores;https://api.mercadopublico.cl/servicios/v1/Publico/Empresas/BuscarComprador?ticket=F8537A18-6766-4DEF-9E59-426B4FEE2844;https://www.dipres.gob.cl/597/w3-multipropertyvalues-15145-37782.html
PUB-CL-EE2D8CF79507D9A0ACDB;I MUNICIPALIDAD DE PAINE;MUNICIPALIDAD DE PAINE;CHILECOMPRA_MERCADO_PUBLICO;100728;true;false;MUNICIPALITY;false;69072600-9;ENT-RUT-69072600-9;I MUNICIPALIDAD DE PAINE;EXACT_NORMALIZED_NAME_UNIQUE;HIGH;https://datos-abiertos.chilecompra.cl/organismos-compradores;https://api.mercadopublico.cl/servicios/v1/Publico/Empresas/BuscarComprador?ticket=F8537A18-6766-4DEF-9E59-426B4FEE2844;https://www.dipres.gob.cl/597/w3-multipropertyvalues-15145-37782.html
PUB-CL-9DD689D0ED34854F8B24;I MUNICIPALIDAD DE PALENA;MUNICIPALIDAD DE PALENA;CHILECOMPRA_MERCADO_PUBLICO;110393;true;false;MUNICIPALITY;false;69231300-3;ENT-RUT-69231300-3;I MUNICIPALIDAD DE PALENA;EXACT_NORMALIZED_NAME_UNIQUE;HIGH;https://datos-abiertos.chilecompra.cl/organismos-compradores;https://api.mercadopublico.cl/servicios/v1/Publico/Empresas/BuscarComprador?ticket=F8537A18-6766-4DEF-9E59-426B4FEE2844;https://www.dipres.gob.cl/597/w3-multipropertyvalues-15145-37782.html
PUB-CL-710C8A85A14D6F4B2A6A;I MUNICIPALIDAD DE PALMILLA;MUNICIPALIDAD DE PALMILLA;CHILECOMPRA_MERCADO_PUBLICO;123526;true;false;MUNICIPALITY;false;69091000-4;ENT-RUT-69091000-4;I MUNICIPALIDAD DE PALMILLA;EXACT_NORMALIZED_NAME_UNIQUE;HIGH;https://datos-abiertos.chilecompra.cl/organismos-compradores;https://api.mercadopublico.cl/servicios/v1/Publico/Empresas/BuscarComprador?ticket=F8537A18-6766-4DEF-9E59-426B4FEE2844;https://www.dipres.gob.cl/597/w3-multipropertyvalues-15145-37782.html
PUB-CL-D4C15DF7A87CD97072EA;I MUNICIPALIDAD DE PANGUIPULLI;MUNICIPALIDAD DE PANGUIPULLI;CHILECOMPRA_MERCADO_PUBLICO;115284;true;false;MUNICIPALITY;false;69201200-3;ENT-RUT-69201200-3;I MUNICIPALIDAD DE PANGUIPULLI;EXACT_NORMALIZED_NAME_UNIQUE;HIGH;https://datos-abiertos.chilecompra.cl/organismos-compradores;https://api.mercadopublico.cl/servicios/v1/Publico/Empresas/BuscarComprador?ticket=F8537A18-6766-4DEF-9E59-426B4FEE2844;https://www.dipres.gob.cl/597/w3-multipropertyvalues-15145-37782.html
PUB-CL-4D3217D8CA4ACA65FC0C;I MUNICIPALIDAD DE PANQUEHUE;MUNICIPALIDAD DE PANQUEHUE;CHILECOMPRA_MERCADO_PUBLICO;113618;true;false;MUNICIPALITY;false;69050800-1;ENT-RUT-69050800-1;I MUNICIPALIDAD DE PANQUEHUE;EXACT_NORMALIZED_NAME_UNIQUE;HIGH;https://datos-abiertos.chilecompra.cl/organismos-compradores;https://api.mercadopublico.cl/servicios/v1/Publico/Empresas/BuscarComprador?ticket=F8537A18-6766-4DEF-9E59-426B4FEE2844;https://www.dipres.gob.cl/597/w3-multipropertyvalues-15145-37782.html
PUB-CL-DF2E8A2AD7BB7CF07E0C;I MUNICIPALIDAD DE PAPUDO;MUNICIPALIDAD DE PAPUDO;CHILECOMPRA_MERCADO_PUBLICO;115302;true;false;MUNICIPALITY;false;69050300-K;ENT-RUT-69050300-K;I MUNICIPALIDAD DE PAPUDO;EXACT_NORMALIZED_NAME_UNIQUE;HIGH;https://datos-abiertos.chilecompra.cl/organismos-compradores;https://api.mercadopublico.cl/servicios/v1/Publico/Empresas/BuscarComprador?ticket=F8537A18-6766-4DEF-9E59-426B4FEE2844;https://www.dipres.gob.cl/597/w3-multipropertyvalues-15145-37782.html
PUB-CL-286FD5D51C2FAA491DAE;I MUNICIPALIDAD DE PAREDONES;MUNICIPALIDAD DE PAREDONES;CHILECOMPRA_MERCADO_PUBLICO;118971;true;false;MUNICIPALITY;false;69090900-6;ENT-RUT-69090900-6;I MUNICIPALIDAD DE PAREDONES;EXACT_NORMALIZED_NAME_UNIQUE;HIGH;https://datos-abiertos.chilecompra.cl/organismos-compradores;https://api.mercadopublico.cl/servicios/v1/Publico/Empresas/BuscarComprador?ticket=F8537A18-6766-4DEF-9E59-426B4FEE2844;https://www.dipres.gob.cl/597/w3-multipropertyvalues-15145-37782.html
PUB-CL-3D014A52001E4A9EB6A7;I MUNICIPALIDAD DE PARRAL;MUNICIPALIDAD DE PARRAL;CHILECOMPRA_MERCADO_PUBLICO;94459;true;false;MUNICIPALITY;false;69130700-K;ENT-RUT-69130700-K;I MUNICIPALIDAD DE PARRAL;EXACT_NORMALIZED_NAME_UNIQUE;HIGH;https://datos-abiertos.chilecompra.cl/organismos-compradores;https://api.mercadopublico.cl/servicios/v1/Publico/Empresas/BuscarComprador?ticket=F8537A18-6766-4DEF-9E59-426B4FEE2844;https://www.dipres.gob.cl/597/w3-multipropertyvalues-15145-37782.html
PUB-CL-D450BC8C16F05CA0935C;I MUNICIPALIDAD DE PELARCO;MUNICIPALIDAD DE PELARCO;CHILECOMPRA_MERCADO_PUBLICO;116729;true;false;MUNICIPALITY;false;69110600-4;ENT-RUT-69110600-4;I MUNICIPALIDAD DE PELARCO;EXACT_NORMALIZED_NAME_UNIQUE;HIGH;https://datos-abiertos.chilecompra.cl/organismos-compradores;https://api.mercadopublico.cl/servicios/v1/Publico/Empresas/BuscarComprador?ticket=F8537A18-6766-4DEF-9E59-426B4FEE2844;https://www.dipres.gob.cl/597/w3-multipropertyvalues-15145-37782.html
PUB-CL-280337E393FE28DB06D2;I MUNICIPALIDAD DE PELLUHUE;MUNICIPALIDAD DE PELLUHUE;CHILECOMPRA_MERCADO_PUBLICO;113978;true;false;MUNICIPALITY;false;69252700-3;ENT-RUT-69252700-3;I MUNICIPALIDAD DE PELLUHUE;EXACT_NORMALIZED_NAME_UNIQUE;HIGH;https://datos-abiertos.chilecompra.cl/organismos-compradores;https://api.mercadopublico.cl/servicios/v1/Publico/Empresas/BuscarComprador?ticket=F8537A18-6766-4DEF-9E59-426B4FEE2844;https://www.dipres.gob.cl/597/w3-multipropertyvalues-15145-37782.html
PUB-CL-D11A03B66A38AD91176D;I MUNICIPALIDAD DE PEMUCO;MUNICIPALIDAD DE PEMUCO;CHILECOMPRA_MERCADO_PUBLICO;117587;true;false;MUNICIPALITY;false;69141600-3;ENT-RUT-69141600-3;I MUNICIPALIDAD DE PEMUCO;EXACT_NORMALIZED_NAME_UNIQUE;HIGH;https://datos-abiertos.chilecompra.cl/organismos-compradores;https://api.mercadopublico.cl/servicios/v1/Publico/Empresas/BuscarComprador?ticket=F8537A18-6766-4DEF-9E59-426B4FEE2844;https://www.dipres.gob.cl/597/w3-multipropertyvalues-15145-37782.html
PUB-CL-0FAD1B8CA7D5D810B5D6;I MUNICIPALIDAD DE PENALOLEN;MUNICIPALIDAD DE PENALOLEN;CHILECOMPRA_MERCADO_PUBLICO;87172;true;false;MUNICIPALITY;false;69254000-K;ENT-RUT-69254000-K;I MUNICIPALIDAD DE PENALOLEN;EXACT_NORMALIZED_NAME_UNIQUE;HIGH;https://datos-abiertos.chilecompra.cl/organismos-compradores;https://api.mercadopublico.cl/servicios/v1/Publico/Empresas/BuscarComprador?ticket=F8537A18-6766-4DEF-9E59-426B4FEE2844;https://www.dipres.gob.cl/597/w3-multipropertyvalues-15145-37782.html
PUB-CL-77932CDACF89FF27614E;I MUNICIPALIDAD DE PENCAHUE;MUNICIPALIDAD DE PENCAHUE;CHILECOMPRA_MERCADO_PUBLICO;115166;true;false;MUNICIPALITY;false;69110800-7;ENT-RUT-69110800-7;I MUNICIPALIDAD DE PENCAHUE;EXACT_NORMALIZED_NAME_UNIQUE;HIGH;https://datos-abiertos.chilecompra.cl/organismos-compradores;https://api.mercadopublico.cl/servicios/v1/Publico/Empresas/BuscarComprador?ticket=F8537A18-6766-4DEF-9E59-426B4FEE2844;https://www.dipres.gob.cl/597/w3-multipropertyvalues-15145-37782.html
PUB-CL-7F36C35A10CFCF0A30E6;I MUNICIPALIDAD DE PENCO;MUNICIPALIDAD DE PENCO;CHILECOMPRA_MERCADO_PUBLICO;142575;true;false;MUNICIPALITY;false;69150500-6;ENT-RUT-69150500-6;I MUNICIPALIDAD DE PENCO;EXACT_NORMALIZED_NAME_UNIQUE;HIGH;https://datos-abiertos.chilecompra.cl/organismos-compradores;https://api.mercadopublico.cl/servicios/v1/Publico/Empresas/BuscarComprador?ticket=F8537A18-6766-4DEF-9E59-426B4FEE2844;https://www.dipres.gob.cl/597/w3-multipropertyvalues-15145-37782.html
PUB-CL-20C1D9D98F25DBF09732;I MUNICIPALIDAD DE PERALILLO;MUNICIPALIDAD DE PERALILLO;CHILECOMPRA_MERCADO_PUBLICO;118619;true;false;MUNICIPALITY;false;69091500-6;ENT-RUT-69091500-6;I MUNICIPALIDAD DE PERALILLO;EXACT_NORMALIZED_NAME_UNIQUE;HIGH;https://datos-abiertos.chilecompra.cl/organismos-compradores;https://api.mercadopublico.cl/servicios/v1/Publico/Empresas/BuscarComprador?ticket=F8537A18-6766-4DEF-9E59-426B4FEE2844;https://www.dipres.gob.cl/597/w3-multipropertyvalues-15145-37782.html
PUB-CL-962DB99D2B26B12B0543;I MUNICIPALIDAD DE PERQUENCO;MUNICIPALIDAD DE PERQUENCO;CHILECOMPRA_MERCADO_PUBLICO;133899;true;false;MUNICIPALITY;false;69190300-1;ENT-RUT-69190300-1;I MUNICIPALIDAD DE PERQUENCO;EXACT_NORMALIZED_NAME_UNIQUE;HIGH;https://datos-abiertos.chilecompra.cl/organismos-compradores;https://api.mercadopublico.cl/servicios/v1/Publico/Empresas/BuscarComprador?ticket=F8537A18-6766-4DEF-9E59-426B4FEE2844;https://www.dipres.gob.cl/597/w3-multipropertyvalues-15145-37782.html
PUB-CL-5E8DD4155DA17B1C9944;I MUNICIPALIDAD DE PETORCA;MUNICIPALIDAD DE PETORCA;CHILECOMPRA_MERCADO_PUBLICO;116223;true;false;MUNICIPALITY;false;69050500-2;ENT-RUT-69050500-2;I MUNICIPALIDAD DE PETORCA;EXACT_NORMALIZED_NAME_UNIQUE;HIGH;https://datos-abiertos.chilecompra.cl/organismos-compradores;https://api.mercadopublico.cl/servicios/v1/Publico/Empresas/BuscarComprador?ticket=F8537A18-6766-4DEF-9E59-426B4FEE2844;https://www.dipres.gob.cl/597/w3-multipropertyvalues-15145-37782.html
PUB-CL-1AD93CE62478B0BB1303;I MUNICIPALIDAD DE PEUMO;MUNICIPALIDAD DE PEUMO;CHILECOMPRA_MERCADO_PUBLICO;118861;true;false;MUNICIPALITY;false;69080900-1;ENT-RUT-69080900-1;I MUNICIPALIDAD DE PEUMO;EXACT_NORMALIZED_NAME_UNIQUE;HIGH;https://datos-abiertos.chilecompra.cl/organismos-compradores;https://api.mercadopublico.cl/servicios/v1/Publico/Empresas/BuscarComprador?ticket=F8537A18-6766-4DEF-9E59-426B4FEE2844;https://www.dipres.gob.cl/597/w3-multipropertyvalues-15145-37782.html
PUB-CL-3BECD8C4CC68FD52D415;I MUNICIPALIDAD DE PICA;MUNICIPALIDAD DE PICA;CHILECOMPRA_MERCADO_PUBLICO;118077;true;false;MUNICIPALITY;false;69010400-8;ENT-RUT-69010400-8;I MUNICIPALIDAD DE PICA;EXACT_NORMALIZED_NAME_UNIQUE;HIGH;https://datos-abiertos.chilecompra.cl/organismos-compradores;https://api.mercadopublico.cl/servicios/v1/Publico/Empresas/BuscarComprador?ticket=F8537A18-6766-4DEF-9E59-426B4FEE2844;https://www.dipres.gob.cl/597/w3-multipropertyvalues-15145-37782.html
PUB-CL-7313FF7A4DC192948344;I MUNICIPALIDAD DE PICHIDEGUA;MUNICIPALIDAD DE PICHIDEGUA;CHILECOMPRA_MERCADO_PUBLICO;118621;true;false;MUNICIPALITY;false;69081100-6;ENT-RUT-69081100-6;I MUNICIPALIDAD DE PICHIDEGUA;EXACT_NORMALIZED_NAME_UNIQUE;HIGH;https://datos-abiertos.chilecompra.cl/organismos-compradores;https://api.mercadopublico.cl/servicios/v1/Publico/Empresas/BuscarComprador?ticket=F8537A18-6766-4DEF-9E59-426B4FEE2844;https://www.dipres.gob.cl/597/w3-multipropertyvalues-15145-37782.html
PUB-CL-3F3C828ABF0FC9E74708;I MUNICIPALIDAD DE PINTO;MUNICIPALIDAD DE PINTO;CHILECOMPRA_MERCADO_PUBLICO;118071;true;false;MUNICIPALITY;false;69141000-5;ENT-RUT-69141000-5;I MUNICIPALIDAD DE PINTO;EXACT_NORMALIZED_NAME_UNIQUE;HIGH;https://datos-abiertos.chilecompra.cl/organismos-compradores;https://api.mercadopublico.cl/servicios/v1/Publico/Empresas/BuscarComprador?ticket=F8537A18-6766-4DEF-9E59-426B4FEE2844;https://www.dipres.gob.cl/597/w3-multipropertyvalues-15145-37782.html
PUB-CL-65548F635783760598D9;I MUNICIPALIDAD DE PIRQUE;MUNICIPALIDAD DE PIRQUE;CHILECOMPRA_MERCADO_PUBLICO;100072;true;false;MUNICIPALITY;false;69072200-3;ENT-RUT-69072200-3;I MUNICIPALIDAD DE PIRQUE;EXACT_NORMALIZED_NAME_UNIQUE;HIGH;https://datos-abiertos.chilecompra.cl/organismos-compradores;https://api.mercadopublico.cl/servicios/v1/Publico/Empresas/BuscarComprador?ticket=F8537A18-6766-4DEF-9E59-426B4FEE2844;https://www.dipres.gob.cl/597/w3-multipropertyvalues-15145-37782.html
PUB-CL-61AA943E6263B0335927;I MUNICIPALIDAD DE PITRUFQUEN;MUNICIPALIDAD DE PITRUFQUEN;CHILECOMPRA_MERCADO_PUBLICO;116411;true;false;MUNICIPALITY;false;69191300-7;ENT-RUT-69191300-7;I MUNICIPALIDAD DE PITRUFQUEN;EXACT_NORMALIZED_NAME_UNIQUE;HIGH;https://datos-abiertos.chilecompra.cl/organismos-compradores;https://api.mercadopublico.cl/servicios/v1/Publico/Empresas/BuscarComprador?ticket=F8537A18-6766-4DEF-9E59-426B4FEE2844;https://www.dipres.gob.cl/597/w3-multipropertyvalues-15145-37782.html
PUB-CL-F2CA6466EBF91890DABA;I MUNICIPALIDAD DE PLACILLA;MUNICIPALIDAD DE PLACILLA;CHILECOMPRA_MERCADO_PUBLICO;118087;true;false;MUNICIPALITY;false;69090200-1;ENT-RUT-69090200-1;I MUNICIPALIDAD DE PLACILLA;EXACT_NORMALIZED_NAME_UNIQUE;HIGH;https://datos-abiertos.chilecompra.cl/organismos-compradores;https://api.mercadopublico.cl/servicios/v1/Publico/Empresas/BuscarComprador?ticket=F8537A18-6766-4DEF-9E59-426B4FEE2844;https://www.dipres.gob.cl/597/w3-multipropertyvalues-15145-37782.html
PUB-CL-E6BD1F2C2177EA64F4BA;I MUNICIPALIDAD DE PORTEZUELO;MUNICIPALIDAD DE PORTEZUELO;CHILECOMPRA_MERCADO_PUBLICO;115299;true;false;MUNICIPALITY;false;69140200-2;ENT-RUT-69140200-2;I MUNICIPALIDAD DE PORTEZUELO;EXACT_NORMALIZED_NAME_UNIQUE;HIGH;https://datos-abiertos.chilecompra.cl/organismos-compradores;https://api.mercadopublico.cl/servicios/v1/Publico/Empresas/BuscarComprador?ticket=F8537A18-6766-4DEF-9E59-426B4FEE2844;https://www.dipres.gob.cl/597/w3-multipropertyvalues-15145-37782.html
PUB-CL-78ACA0FE52FC532719D9;I MUNICIPALIDAD DE PRIMAVERA;MUNICIPALIDAD DE PRIMAVERA;CHILECOMPRA_MERCADO_PUBLICO;117585;true;false;MUNICIPALITY;false;69251300-2;ENT-RUT-69251300-2;I MUNICIPALIDAD DE PRIMAVERA;EXACT_NORMALIZED_NAME_UNIQUE;HIGH;https://datos-abiertos.chilecompra.cl/organismos-compradores;https://api.mercadopublico.cl/servicios/v1/Publico/Empresas/BuscarComprador?ticket=F8537A18-6766-4DEF-9E59-426B4FEE2844;https://www.dipres.gob.cl/597/w3-multipropertyvalues-15145-37782.html
PUB-CL-BA737AA610E07E9E1E67;I MUNICIPALIDAD DE PROVIDENCIA;MUNICIPALIDAD DE PROVIDENCIA;CHILECOMPRA_MERCADO_PUBLICO;88102;true;false;MUNICIPALITY;false;69070300-9;ENT-RUT-69070300-9;I MUNICIPALIDAD DE PROVIDENCIA;EXACT_NORMALIZED_NAME_UNIQUE;HIGH;https://datos-abiertos.chilecompra.cl/organismos-compradores;https://api.mercadopublico.cl/servicios/v1/Publico/Empresas/BuscarComprador?ticket=F8537A18-6766-4DEF-9E59-426B4FEE2844;https://www.dipres.gob.cl/597/w3-multipropertyvalues-15145-37782.html
PUB-CL-94932E0C493E97C24631;I MUNICIPALIDAD DE PUCHUNCAVI;MUNICIPALIDAD DE PUCHUNCAVI;CHILECOMPRA_MERCADO_PUBLICO;119270;true;false;MUNICIPALITY;false;69060800-6;ENT-RUT-69060800-6;I MUNICIPALIDAD DE PUCHUNCAVI;EXACT_NORMALIZED_NAME_UNIQUE;HIGH;https://datos-abiertos.chilecompra.cl/organismos-compradores;https://api.mercadopublico.cl/servicios/v1/Publico/Empresas/BuscarComprador?ticket=F8537A18-6766-4DEF-9E59-426B4FEE2844;https://www.dipres.gob.cl/597/w3-multipropertyvalues-15145-37782.html
PUB-CL-92F99AB7C2DB28B4F648;I MUNICIPALIDAD DE PUCON;MUNICIPALIDAD DE PUCON;CHILECOMPRA_MERCADO_PUBLICO;86943;true;false;MUNICIPALITY;false;69191600-6;ENT-RUT-69191600-6;I MUNICIPALIDAD DE PUCON;EXACT_NORMALIZED_NAME_UNIQUE;HIGH;https://datos-abiertos.chilecompra.cl/organismos-compradores;https://api.mercadopublico.cl/servicios/v1/Publico/Empresas/BuscarComprador?ticket=F8537A18-6766-4DEF-9E59-426B4FEE2844;https://www.dipres.gob.cl/597/w3-multipropertyvalues-15145-37782.html
PUB-CL-BB0F67E60D497EFA251F;I MUNICIPALIDAD DE PUENTE ALTO;MUNICIPALIDAD DE PUENTE ALTO;CHILECOMPRA_MERCADO_PUBLICO;87388;true;false;MUNICIPALITY;false;69072100-7;ENT-RUT-69072100-7;I MUNICIPALIDAD DE PUENTE ALTO;EXACT_NORMALIZED_NAME_UNIQUE;HIGH;https://datos-abiertos.chilecompra.cl/organismos-compradores;https://api.mercadopublico.cl/servicios/v1/Publico/Empresas/BuscarComprador?ticket=F8537A18-6766-4DEF-9E59-426B4FEE2844;https://www.dipres.gob.cl/597/w3-multipropertyvalues-15145-37782.html
PUB-CL-0E2AF93E96CB7979EB2C;I MUNICIPALIDAD DE PUERTO MONTT;MUNICIPALIDAD DE PUERTO MONTT;CHILECOMPRA_MERCADO_PUBLICO;86507;true;false;MUNICIPALITY;false;69220100-0;ENT-RUT-69220100-0;I MUNICIPALIDAD DE PUERTO MONTT;EXACT_NORMALIZED_NAME_UNIQUE;HIGH;https://datos-abiertos.chilecompra.cl/organismos-compradores;https://api.mercadopublico.cl/servicios/v1/Publico/Empresas/BuscarComprador?ticket=F8537A18-6766-4DEF-9E59-426B4FEE2844;https://www.dipres.gob.cl/597/w3-multipropertyvalues-15145-37782.html
PUB-CL-4A756EF551E0F732F9DC;I MUNICIPALIDAD DE PUERTO VARAS;MUNICIPALIDAD DE PUERTO VARAS;CHILECOMPRA_MERCADO_PUBLICO;102868;true;false;MUNICIPALITY;false;69220200-7;ENT-RUT-69220200-7;I MUNICIPALIDAD DE PUERTO VARAS;EXACT_NORMALIZED_NAME_UNIQUE;HIGH;https://datos-abiertos.chilecompra.cl/organismos-compradores;https://api.mercadopublico.cl/servicios/v1/Publico/Empresas/BuscarComprador?ticket=F8537A18-6766-4DEF-9E59-426B4FEE2844;https://www.dipres.gob.cl/597/w3-multipropertyvalues-15145-37782.html
PUB-CL-65D3D63F836D3F4A2742;I MUNICIPALIDAD DE PUMANQUE;MUNICIPALIDAD DE PUMANQUE;CHILECOMPRA_MERCADO_PUBLICO;116402;true;false;MUNICIPALITY;false;69090800-K;ENT-RUT-69090800-K;I MUNICIPALIDAD DE PUMANQUE;EXACT_NORMALIZED_NAME_UNIQUE;HIGH;https://datos-abiertos.chilecompra.cl/organismos-compradores;https://api.mercadopublico.cl/servicios/v1/Publico/Empresas/BuscarComprador?ticket=F8537A18-6766-4DEF-9E59-426B4FEE2844;https://www.dipres.gob.cl/597/w3-multipropertyvalues-15145-37782.html
PUB-CL-50060329115101D310BE;I MUNICIPALIDAD DE PUNITAQUI;MUNICIPALIDAD DE PUNITAQUI;CHILECOMPRA_MERCADO_PUBLICO;117588;true;false;MUNICIPALITY;false;69040900-3;ENT-RUT-69040900-3;I MUNICIPALIDAD DE PUNITAQUI;EXACT_NORMALIZED_NAME_UNIQUE;HIGH;https://datos-abiertos.chilecompra.cl/organismos-compradores;https://api.mercadopublico.cl/servicios/v1/Publico/Empresas/BuscarComprador?ticket=F8537A18-6766-4DEF-9E59-426B4FEE2844;https://www.dipres.gob.cl/597/w3-multipropertyvalues-15145-37782.html
PUB-CL-3CC6B297661A050CEC2D;I MUNICIPALIDAD DE PUNTA ARENAS;MUNICIPALIDAD DE PUNTA ARENAS;CHILECOMPRA_MERCADO_PUBLICO;86580;true;false;MUNICIPALITY;false;69250200-0;ENT-RUT-69250200-0;I MUNICIPALIDAD DE PUNTA ARENAS;EXACT_NORMALIZED_NAME_UNIQUE;HIGH;https://datos-abiertos.chilecompra.cl/organismos-compradores;https://api.mercadopublico.cl/servicios/v1/Publico/Empresas/BuscarComprador?ticket=F8537A18-6766-4DEF-9E59-426B4FEE2844;https://www.dipres.gob.cl/597/w3-multipropertyvalues-15145-37782.html
PUB-CL-E1487783D9A904D22BC3;I MUNICIPALIDAD DE PUQUELDON;MUNICIPALIDAD DE PUQUELDON;CHILECOMPRA_MERCADO_PUBLICO;116403;true;false;MUNICIPALITY;false;69230800-K;ENT-RUT-69230800-K;I MUNICIPALIDAD DE PUQUELDON;EXACT_NORMALIZED_NAME_UNIQUE;HIGH;https://datos-abiertos.chilecompra.cl/organismos-compradores;https://api.mercadopublico.cl/servicios/v1/Publico/Empresas/BuscarComprador?ticket=F8537A18-6766-4DEF-9E59-426B4FEE2844;https://www.dipres.gob.cl/597/w3-multipropertyvalues-15145-37782.html
PUB-CL-0FB97421FF8D2DDEBB35;I MUNICIPALIDAD DE PUREN;MUNICIPALIDAD DE PUREN;CHILECOMPRA_MERCADO_PUBLICO;116945;true;false;MUNICIPALITY;false;69180200-0;ENT-RUT-69180200-0;I MUNICIPALIDAD DE PUREN;EXACT_NORMALIZED_NAME_UNIQUE;HIGH;https://datos-abiertos.chilecompra.cl/organismos-compradores;https://api.mercadopublico.cl/servicios/v1/Publico/Empresas/BuscarComprador?ticket=F8537A18-6766-4DEF-9E59-426B4FEE2844;https://www.dipres.gob.cl/597/w3-multipropertyvalues-15145-37782.html
PUB-CL-EFCF0314C92FF390D454;I MUNICIPALIDAD DE PURRANQUE;MUNICIPALIDAD DE PURRANQUE;CHILECOMPRA_MERCADO_PUBLICO;114916;true;false;MUNICIPALITY;false;69210500-1;ENT-RUT-69210500-1;I MUNICIPALIDAD DE PURRANQUE;EXACT_NORMALIZED_NAME_UNIQUE;HIGH;https://datos-abiertos.chilecompra.cl/organismos-compradores;https://api.mercadopublico.cl/servicios/v1/Publico/Empresas/BuscarComprador?ticket=F8537A18-6766-4DEF-9E59-426B4FEE2844;https://www.dipres.gob.cl/597/w3-multipropertyvalues-15145-37782.html
PUB-CL-820E802AF28DFD35717D;I MUNICIPALIDAD DE PUTAENDO;MUNICIPALIDAD DE PUTAENDO;CHILECOMPRA_MERCADO_PUBLICO;98280;true;false;MUNICIPALITY;false;69050700-5;ENT-RUT-69050700-5;I MUNICIPALIDAD DE PUTAENDO;EXACT_NORMALIZED_NAME_UNIQUE;HIGH;https://datos-abiertos.chilecompra.cl/organismos-compradores;https://api.mercadopublico.cl/servicios/v1/Publico/Empresas/BuscarComprador?ticket=F8537A18-6766-4DEF-9E59-426B4FEE2844;https://www.dipres.gob.cl/597/w3-multipropertyvalues-15145-37782.html
PUB-CL-C3C6D7C35E1A16C8D595;I MUNICIPALIDAD DE PUYEHUE;MUNICIPALIDAD DE PUYEHUE;CHILECOMPRA_MERCADO_PUBLICO;105334;true;false;MUNICIPALITY;false;69210600-8;ENT-RUT-69210600-8;I MUNICIPALIDAD DE PUYEHUE;EXACT_NORMALIZED_NAME_UNIQUE;HIGH;https://datos-abiertos.chilecompra.cl/organismos-compradores;https://api.mercadopublico.cl/servicios/v1/Publico/Empresas/BuscarComprador?ticket=F8537A18-6766-4DEF-9E59-426B4FEE2844;https://www.dipres.gob.cl/597/w3-multipropertyvalues-15145-37782.html
PUB-CL-0E8F86041D24F9BFC22B;I MUNICIPALIDAD DE QUEILEN;MUNICIPALIDAD DE QUEILEN;CHILECOMPRA_MERCADO_PUBLICO;112919;true;false;MUNICIPALITY;false;69230600-7;ENT-RUT-69230600-7;I MUNICIPALIDAD DE QUEILEN;EXACT_NORMALIZED_NAME_UNIQUE;HIGH;https://datos-abiertos.chilecompra.cl/organismos-compradores;https://api.mercadopublico.cl/servicios/v1/Publico/Empresas/BuscarComprador?ticket=F8537A18-6766-4DEF-9E59-426B4FEE2844;https://www.dipres.gob.cl/597/w3-multipropertyvalues-15145-37782.html
PUB-CL-50A3AEE288FAB63A1331;I MUNICIPALIDAD DE QUEMCHI;MUNICIPALIDAD DE QUEMCHI;CHILECOMPRA_MERCADO_PUBLICO;125066;true;false;MUNICIPALITY;false;69230200-1;ENT-RUT-69230200-1;I MUNICIPALIDAD DE QUEMCHI;EXACT_NORMALIZED_NAME_UNIQUE;HIGH;https://datos-abiertos.chilecompra.cl/organismos-compradores;https://api.mercadopublico.cl/servicios/v1/Publico/Empresas/BuscarComprador?ticket=F8537A18-6766-4DEF-9E59-426B4FEE2844;https://www.dipres.gob.cl/597/w3-multipropertyvalues-15145-37782.html
PUB-CL-C0D9F5E8E4F153F0D895;I MUNICIPALIDAD DE QUILACO;MUNICIPALIDAD DE QUILACO;CHILECOMPRA_MERCADO_PUBLICO;116940;true;false;MUNICIPALITY;false;69172600-2;ENT-RUT-69172600-2;I MUNICIPALIDAD DE QUILACO;EXACT_NORMALIZED_NAME_UNIQUE;HIGH;https://datos-abiertos.chilecompra.cl/organismos-compradores;https://api.mercadopublico.cl/servicios/v1/Publico/Empresas/BuscarComprador?ticket=F8537A18-6766-4DEF-9E59-426B4FEE2844;https://www.dipres.gob.cl/597/w3-multipropertyvalues-15145-37782.html
PUB-CL-C508EA8AE91E95201225;I MUNICIPALIDAD DE QUILICURA;MUNICIPALIDAD DE QUILICURA;CHILECOMPRA_MERCADO_PUBLICO;88313;true;false;MUNICIPALITY;false;69071300-4;ENT-RUT-69071300-4;I MUNICIPALIDAD DE QUILICURA;EXACT_NORMALIZED_NAME_UNIQUE;HIGH;https://datos-abiertos.chilecompra.cl/organismos-compradores;https://api.mercadopublico.cl/servicios/v1/Publico/Empresas/BuscarComprador?ticket=F8537A18-6766-4DEF-9E59-426B4FEE2844;https://www.dipres.gob.cl/597/w3-multipropertyvalues-15145-37782.html
PUB-CL-310536CE9F5BFAAC9F90;I MUNICIPALIDAD DE QUILLECO;MUNICIPALIDAD DE QUILLECO;CHILECOMPRA_MERCADO_PUBLICO;115979;true;false;MUNICIPALITY;false;69170400-9;ENT-RUT-69170400-9;I MUNICIPALIDAD DE QUILLECO;EXACT_NORMALIZED_NAME_UNIQUE;HIGH;https://datos-abiertos.chilecompra.cl/organismos-compradores;https://api.mercadopublico.cl/servicios/v1/Publico/Empresas/BuscarComprador?ticket=F8537A18-6766-4DEF-9E59-426B4FEE2844;https://www.dipres.gob.cl/597/w3-multipropertyvalues-15145-37782.html
PUB-CL-85697FE0EF896576E14E;I MUNICIPALIDAD DE QUILLOTA;MUNICIPALIDAD DE QUILLOTA;CHILECOMPRA_MERCADO_PUBLICO;88203;true;false;MUNICIPALITY;false;69060100-1;ENT-RUT-69060100-1;I MUNICIPALIDAD DE QUILLOTA;EXACT_NORMALIZED_NAME_UNIQUE;HIGH;https://datos-abiertos.chilecompra.cl/organismos-compradores;https://api.mercadopublico.cl/servicios/v1/Publico/Empresas/BuscarComprador?ticket=F8537A18-6766-4DEF-9E59-426B4FEE2844;https://www.dipres.gob.cl/597/w3-multipropertyvalues-15145-37782.html
PUB-CL-D249C86A423C484CF104;I MUNICIPALIDAD DE QUINCHAO;MUNICIPALIDAD DE QUINCHAO;CHILECOMPRA_MERCADO_PUBLICO;116731;true;false;MUNICIPALITY;false;69230900-6;ENT-RUT-69230900-6;I MUNICIPALIDAD DE QUINCHAO;EXACT_NORMALIZED_NAME_UNIQUE;HIGH;https://datos-abiertos.chilecompra.cl/organismos-compradores;https://api.mercadopublico.cl/servicios/v1/Publico/Empresas/BuscarComprador?ticket=F8537A18-6766-4DEF-9E59-426B4FEE2844;https://www.dipres.gob.cl/597/w3-multipropertyvalues-15145-37782.html
PUB-CL-229FFBB0EB1896BC6CCC;I MUNICIPALIDAD DE QUINTA DE TILCOCO;MUNICIPALIDAD DE QUINTA DE TILCOCO;CHILECOMPRA_MERCADO_PUBLICO;115010;true;false;MUNICIPALITY;false;69081700-4;ENT-RUT-69081700-4;I MUNICIPALIDAD DE QUINTA DE TILCOCO;EXACT_NORMALIZED_NAME_UNIQUE;HIGH;https://datos-abiertos.chilecompra.cl/organismos-compradores;https://api.mercadopublico.cl/servicios/v1/Publico/Empresas/BuscarComprador?ticket=F8537A18-6766-4DEF-9E59-426B4FEE2844;https://www.dipres.gob.cl/597/w3-multipropertyvalues-15145-37782.html
PUB-CL-9C68AD1520D523AE0822;I MUNICIPALIDAD DE QUINTERO;MUNICIPALIDAD DE QUINTERO;CHILECOMPRA_MERCADO_PUBLICO;138454;true;false;MUNICIPALITY;false;69060700-K;ENT-RUT-69060700-K;I MUNICIPALIDAD DE QUINTERO;EXACT_NORMALIZED_NAME_UNIQUE;HIGH;https://datos-abiertos.chilecompra.cl/organismos-compradores;https://api.mercadopublico.cl/servicios/v1/Publico/Empresas/BuscarComprador?ticket=F8537A18-6766-4DEF-9E59-426B4FEE2844;https://www.dipres.gob.cl/597/w3-multipropertyvalues-15145-37782.html
PUB-CL-DAFCF394BDEC46B0A0C1;I MUNICIPALIDAD DE RANCAGUA;MUNICIPALIDAD DE RANCAGUA;CHILECOMPRA_MERCADO_PUBLICO;87167;true;false;MUNICIPALITY;false;69080100-0;ENT-RUT-69080100-0;I MUNICIPALIDAD DE RANCAGUA;EXACT_NORMALIZED_NAME_UNIQUE;HIGH;https://datos-abiertos.chilecompra.cl/organismos-compradores;https://api.mercadopublico.cl/servicios/v1/Publico/Empresas/BuscarComprador?ticket=F8537A18-6766-4DEF-9E59-426B4FEE2844;https://www.dipres.gob.cl/597/w3-multipropertyvalues-15145-37782.html
PUB-CL-98249C43E2CCEB2A47E9;I MUNICIPALIDAD DE RAUCO;MUNICIPALIDAD DE RAUCO;CHILECOMPRA_MERCADO_PUBLICO;117589;true;false;MUNICIPALITY;false;69100400-7;ENT-RUT-69100400-7;I MUNICIPALIDAD DE RAUCO;EXACT_NORMALIZED_NAME_UNIQUE;HIGH;https://datos-abiertos.chilecompra.cl/organismos-compradores;https://api.mercadopublico.cl/servicios/v1/Publico/Empresas/BuscarComprador?ticket=F8537A18-6766-4DEF-9E59-426B4FEE2844;https://www.dipres.gob.cl/597/w3-multipropertyvalues-15145-37782.html
PUB-CL-875EB19E8A05E4DA148C;I MUNICIPALIDAD DE RECOLETA;MUNICIPALIDAD DE RECOLETA;CHILECOMPRA_MERCADO_PUBLICO;7325;true;false;MUNICIPALITY;false;69254800-0;ENT-RUT-69254800-0;I MUNICIPALIDAD DE RECOLETA;EXACT_NORMALIZED_NAME_UNIQUE;HIGH;https://datos-abiertos.chilecompra.cl/organismos-compradores;https://api.mercadopublico.cl/servicios/v1/Publico/Empresas/BuscarComprador?ticket=F8537A18-6766-4DEF-9E59-426B4FEE2844;https://www.dipres.gob.cl/597/w3-multipropertyvalues-15145-37782.html
PUB-CL-44887BED4F04DDEC3DF1;I MUNICIPALIDAD DE RENAICO;MUNICIPALIDAD DE RENAICO;CHILECOMPRA_MERCADO_PUBLICO;118073;true;false;MUNICIPALITY;false;69180400-3;ENT-RUT-69180400-3;I MUNICIPALIDAD DE RENAICO;EXACT_NORMALIZED_NAME_UNIQUE;HIGH;https://datos-abiertos.chilecompra.cl/organismos-compradores;https://api.mercadopublico.cl/servicios/v1/Publico/Empresas/BuscarComprador?ticket=F8537A18-6766-4DEF-9E59-426B4FEE2844;https://www.dipres.gob.cl/597/w3-multipropertyvalues-15145-37782.html
PUB-CL-1F26F5C0D48E1051B8F8;I MUNICIPALIDAD DE RENCA;MUNICIPALIDAD DE RENCA;CHILECOMPRA_MERCADO_PUBLICO;87185;true;false;MUNICIPALITY;false;69071200-8;ENT-RUT-69071200-8;I MUNICIPALIDAD DE RENCA;EXACT_NORMALIZED_NAME_UNIQUE;HIGH;https://datos-abiertos.chilecompra.cl/organismos-compradores;https://api.mercadopublico.cl/servicios/v1/Publico/Empresas/BuscarComprador?ticket=F8537A18-6766-4DEF-9E59-426B4FEE2844;https://www.dipres.gob.cl/597/w3-multipropertyvalues-15145-37782.html
PUB-CL-878C6EEF08064B08FE2D;I MUNICIPALIDAD DE RENGO;MUNICIPALIDAD DE RENGO;CHILECOMPRA_MERCADO_PUBLICO;100555;true;false;MUNICIPALITY;false;69081200-2;ENT-RUT-69081200-2;I MUNICIPALIDAD DE RENGO;EXACT_NORMALIZED_NAME_UNIQUE;HIGH;https://datos-abiertos.chilecompra.cl/organismos-compradores;https://api.mercadopublico.cl/servicios/v1/Publico/Empresas/BuscarComprador?ticket=F8537A18-6766-4DEF-9E59-426B4FEE2844;https://www.dipres.gob.cl/597/w3-multipropertyvalues-15145-37782.html
PUB-CL-EE1EDE183D9B4841F1A6;I MUNICIPALIDAD DE REQUINOA;MUNICIPALIDAD DE REQUINOA;CHILECOMPRA_MERCADO_PUBLICO;116215;true;false;MUNICIPALITY;false;69081300-9;ENT-RUT-69081300-9;I MUNICIPALIDAD DE REQUINOA;EXACT_NORMALIZED_NAME_UNIQUE;HIGH;https://datos-abiertos.chilecompra.cl/organismos-compradores;https://api.mercadopublico.cl/servicios/v1/Publico/Empresas/BuscarComprador?ticket=F8537A18-6766-4DEF-9E59-426B4FEE2844;https://www.dipres.gob.cl/597/w3-multipropertyvalues-15145-37782.html
PUB-CL-B67DF3CB55292AA22030;I MUNICIPALIDAD DE RINCONADA;MUNICIPALIDAD DE RINCONADA;CHILECOMPRA_MERCADO_PUBLICO;114918;true;false;MUNICIPALITY;false;69051300-5;ENT-RUT-69051300-5;I MUNICIPALIDAD DE RINCONADA;EXACT_NORMALIZED_NAME_UNIQUE;HIGH;https://datos-abiertos.chilecompra.cl/organismos-compradores;https://api.mercadopublico.cl/servicios/v1/Publico/Empresas/BuscarComprador?ticket=F8537A18-6766-4DEF-9E59-426B4FEE2844;https://www.dipres.gob.cl/597/w3-multipropertyvalues-15145-37782.html
PUB-CL-FACA949D34229260F832;I MUNICIPALIDAD DE RIO BUENO;MUNICIPALIDAD DE RIO BUENO;CHILECOMPRA_MERCADO_PUBLICO;117580;true;false;MUNICIPALITY;false;69201000-0;ENT-RUT-69201000-0;I MUNICIPALIDAD DE RIO BUENO;EXACT_NORMALIZED_NAME_UNIQUE;HIGH;https://datos-abiertos.chilecompra.cl/organismos-compradores;https://api.mercadopublico.cl/servicios/v1/Publico/Empresas/BuscarComprador?ticket=F8537A18-6766-4DEF-9E59-426B4FEE2844;https://www.dipres.gob.cl/597/w3-multipropertyvalues-15145-37782.html
PUB-CL-965166537E74B29C275F;I MUNICIPALIDAD DE RIO CLARO;MUNICIPALIDAD DE RIO CLARO;CHILECOMPRA_MERCADO_PUBLICO;89591;true;false;MUNICIPALITY;false;69110700-0;ENT-RUT-69110700-0;I MUNICIPALIDAD DE RIO CLARO;EXACT_NORMALIZED_NAME_UNIQUE;HIGH;https://datos-abiertos.chilecompra.cl/organismos-compradores;https://api.mercadopublico.cl/servicios/v1/Publico/Empresas/BuscarComprador?ticket=F8537A18-6766-4DEF-9E59-426B4FEE2844;https://www.dipres.gob.cl/597/w3-multipropertyvalues-15145-37782.html
PUB-CL-2A9A012712B3EBC7B523;I MUNICIPALIDAD DE RIO HURTADO;MUNICIPALIDAD DE RIO HURTADO;CHILECOMPRA_MERCADO_PUBLICO;114075;true;false;MUNICIPALITY;false;69041000-1;ENT-RUT-69041000-1;I MUNICIPALIDAD DE RIO HURTADO;EXACT_NORMALIZED_NAME_UNIQUE;HIGH;https://datos-abiertos.chilecompra.cl/organismos-compradores;https://api.mercadopublico.cl/servicios/v1/Publico/Empresas/BuscarComprador?ticket=F8537A18-6766-4DEF-9E59-426B4FEE2844;https://www.dipres.gob.cl/597/w3-multipropertyvalues-15145-37782.html
PUB-CL-97FD0934BEA14D28FCA7;I MUNICIPALIDAD DE RIO NEGRO;MUNICIPALIDAD DE RIO NEGRO;CHILECOMPRA_MERCADO_PUBLICO;7367;true;false;MUNICIPALITY;false;69210300-9;ENT-RUT-69210300-9;I MUNICIPALIDAD DE RIO NEGRO;EXACT_NORMALIZED_NAME_UNIQUE;HIGH;https://datos-abiertos.chilecompra.cl/organismos-compradores;https://api.mercadopublico.cl/servicios/v1/Publico/Empresas/BuscarComprador?ticket=F8537A18-6766-4DEF-9E59-426B4FEE2844;https://www.dipres.gob.cl/597/w3-multipropertyvalues-15145-37782.html
PUB-CL-4E050572C3AF4A7DCB19;I MUNICIPALIDAD DE SAAVEDRA;MUNICIPALIDAD DE SAAVEDRA;CHILECOMPRA_MERCADO_PUBLICO;115313;true;false;MUNICIPALITY;false;69190600-0;ENT-RUT-69190600-0;I MUNICIPALIDAD DE SAAVEDRA;EXACT_NORMALIZED_NAME_UNIQUE;HIGH;https://datos-abiertos.chilecompra.cl/organismos-compradores;https://api.mercadopublico.cl/servicios/v1/Publico/Empresas/BuscarComprador?ticket=F8537A18-6766-4DEF-9E59-426B4FEE2844;https://www.dipres.gob.cl/597/w3-multipropertyvalues-15145-37782.html
PUB-CL-BAD27554CD55732DAD09;I MUNICIPALIDAD DE SALAMANCA;MUNICIPALIDAD DE SALAMANCA;CHILECOMPRA_MERCADO_PUBLICO;116295;true;false;MUNICIPALITY;false;69041400-7;ENT-RUT-69041400-7;I MUNICIPALIDAD DE SALAMANCA;EXACT_NORMALIZED_NAME_UNIQUE;HIGH;https://datos-abiertos.chilecompra.cl/organismos-compradores;https://api.mercadopublico.cl/servicios/v1/Publico/Empresas/BuscarComprador?ticket=F8537A18-6766-4DEF-9E59-426B4FEE2844;https://www.dipres.gob.cl/597/w3-multipropertyvalues-15145-37782.html
PUB-CL-AC6E5EB5CC4E85D0C39E;I MUNICIPALIDAD DE SAN ANTONIO;MUNICIPALIDAD DE SAN ANTONIO;CHILECOMPRA_MERCADO_PUBLICO;100318;true;false;MUNICIPALITY;false;69073400-1;ENT-RUT-69073400-1;I MUNICIPALIDAD DE SAN ANTONIO;EXACT_NORMALIZED_NAME_UNIQUE;HIGH;https://datos-abiertos.chilecompra.cl/organismos-compradores;https://api.mercadopublico.cl/servicios/v1/Publico/Empresas/BuscarComprador?ticket=F8537A18-6766-4DEF-9E59-426B4FEE2844;https://www.dipres.gob.cl/597/w3-multipropertyvalues-15145-37782.html
PUB-CL-A72E1FDD5C63DA05BDE6;I MUNICIPALIDAD DE SAN BERNARDO;MUNICIPALIDAD DE SAN BERNARDO;CHILECOMPRA_MERCADO_PUBLICO;86548;true;false;MUNICIPALITY;false;69072700-5;ENT-RUT-69072700-5;I MUNICIPALIDAD DE SAN BERNARDO;EXACT_NORMALIZED_NAME_UNIQUE;HIGH;https://datos-abiertos.chilecompra.cl/organismos-compradores;https://api.mercadopublico.cl/servicios/v1/Publico/Empresas/BuscarComprador?ticket=F8537A18-6766-4DEF-9E59-426B4FEE2844;https://www.dipres.gob.cl/597/w3-multipropertyvalues-15145-37782.html
PUB-CL-D12E79EA43B5541AAE6B;I MUNICIPALIDAD DE SAN CLEMENTE;MUNICIPALIDAD DE SAN CLEMENTE;CHILECOMPRA_MERCADO_PUBLICO;93774;true;false;MUNICIPALITY;false;69110500-8;ENT-RUT-69110500-8;I MUNICIPALIDAD DE SAN CLEMENTE;EXACT_NORMALIZED_NAME_UNIQUE;HIGH;https://datos-abiertos.chilecompra.cl/organismos-compradores;https://api.mercadopublico.cl/servicios/v1/Publico/Empresas/BuscarComprador?ticket=F8537A18-6766-4DEF-9E59-426B4FEE2844;https://www.dipres.gob.cl/597/w3-multipropertyvalues-15145-37782.html
PUB-CL-DFFC2C21E3CBF1535CE7;I MUNICIPALIDAD DE SAN ESTEBAN;MUNICIPALIDAD DE SAN ESTEBAN;CHILECOMPRA_MERCADO_PUBLICO;116226;true;false;MUNICIPALITY;false;69051400-1;ENT-RUT-69051400-1;I MUNICIPALIDAD DE SAN ESTEBAN;EXACT_NORMALIZED_NAME_UNIQUE;HIGH;https://datos-abiertos.chilecompra.cl/organismos-compradores;https://api.mercadopublico.cl/servicios/v1/Publico/Empresas/BuscarComprador?ticket=F8537A18-6766-4DEF-9E59-426B4FEE2844;https://www.dipres.gob.cl/597/w3-multipropertyvalues-15145-37782.html
PUB-CL-1F85966BD0B9CB2952D8;I MUNICIPALIDAD DE SAN FABIAN;MUNICIPALIDAD DE SAN FABIAN;CHILECOMPRA_MERCADO_PUBLICO;128889;true;false;MUNICIPALITY;false;69140700-4;ENT-RUT-69140700-4;I MUNICIPALIDAD DE SAN FABIAN;EXACT_NORMALIZED_NAME_UNIQUE;HIGH;https://datos-abiertos.chilecompra.cl/organismos-compradores;https://api.mercadopublico.cl/servicios/v1/Publico/Empresas/BuscarComprador?ticket=F8537A18-6766-4DEF-9E59-426B4FEE2844;https://www.dipres.gob.cl/597/w3-multipropertyvalues-15145-37782.html
PUB-CL-C2F0C1DB615248A449AA;I MUNICIPALIDAD DE SAN FELIPE;MUNICIPALIDAD DE SAN FELIPE;CHILECOMPRA_MERCADO_PUBLICO;100158;true;false;MUNICIPALITY;false;69050600-9;ENT-RUT-69050600-9;I MUNICIPALIDAD DE SAN FELIPE;EXACT_NORMALIZED_NAME_UNIQUE;HIGH;https://datos-abiertos.chilecompra.cl/organismos-compradores;https://api.mercadopublico.cl/servicios/v1/Publico/Empresas/BuscarComprador?ticket=F8537A18-6766-4DEF-9E59-426B4FEE2844;https://www.dipres.gob.cl/597/w3-multipropertyvalues-15145-37782.html
PUB-CL-A7E1B40C7D35FDCD89AA;I MUNICIPALIDAD DE SAN FERNANDO;MUNICIPALIDAD DE SAN FERNANDO;CHILECOMPRA_MERCADO_PUBLICO;7482;true;false;MUNICIPALITY;false;69090100-5;ENT-RUT-69090100-5;I MUNICIPALIDAD DE SAN FERNANDO;EXACT_NORMALIZED_NAME_UNIQUE;HIGH;https://datos-abiertos.chilecompra.cl/organismos-compradores;https://api.mercadopublico.cl/servicios/v1/Publico/Empresas/BuscarComprador?ticket=F8537A18-6766-4DEF-9E59-426B4FEE2844;https://www.dipres.gob.cl/597/w3-multipropertyvalues-15145-37782.html
PUB-CL-2B12809CF164380A1849;I MUNICIPALIDAD DE SAN IGNACIO;MUNICIPALIDAD DE SAN IGNACIO;CHILECOMPRA_MERCADO_PUBLICO;116409;true;false;MUNICIPALITY;false;69141300-4;ENT-RUT-69141300-4;I MUNICIPALIDAD DE SAN IGNACIO;EXACT_NORMALIZED_NAME_UNIQUE;HIGH;https://datos-abiertos.chilecompra.cl/organismos-compradores;https://api.mercadopublico.cl/servicios/v1/Publico/Empresas/BuscarComprador?ticket=F8537A18-6766-4DEF-9E59-426B4FEE2844;https://www.dipres.gob.cl/597/w3-multipropertyvalues-15145-37782.html
PUB-CL-B6D7832AC3AD1190924C;I MUNICIPALIDAD DE SAN JAVIER;MUNICIPALIDAD DE SAN JAVIER;CHILECOMPRA_MERCADO_PUBLICO;86407;true;false;MUNICIPALITY;false;69130100-1;ENT-RUT-69130100-1;I MUNICIPALIDAD DE SAN JAVIER;EXACT_NORMALIZED_NAME_UNIQUE;HIGH;https://datos-abiertos.chilecompra.cl/organismos-compradores;https://api.mercadopublico.cl/servicios/v1/Publico/Empresas/BuscarComprador?ticket=F8537A18-6766-4DEF-9E59-426B4FEE2844;https://www.dipres.gob.cl/597/w3-multipropertyvalues-15145-37782.html
PUB-CL-756B9A8B5855571F1C60;I MUNICIPALIDAD DE SAN JOSE DE MAIPO;MUNICIPALIDAD DE SAN JOSE DE MAIPO;CHILECOMPRA_MERCADO_PUBLICO;115457;true;false;MUNICIPALITY;false;69072300-K;ENT-RUT-69072300-K;I MUNICIPALIDAD DE SAN JOSE DE MAIPO;EXACT_NORMALIZED_NAME_UNIQUE;HIGH;https://datos-abiertos.chilecompra.cl/organismos-compradores;https://api.mercadopublico.cl/servicios/v1/Publico/Empresas/BuscarComprador?ticket=F8537A18-6766-4DEF-9E59-426B4FEE2844;https://www.dipres.gob.cl/597/w3-multipropertyvalues-15145-37782.html
PUB-CL-5785A6B01036A0EFCB01;I MUNICIPALIDAD DE SAN MIGUEL;MUNICIPALIDAD DE SAN MIGUEL;CHILECOMPRA_MERCADO_PUBLICO;7498;true;false;MUNICIPALITY;false;69070800-0;ENT-RUT-69070800-0;I MUNICIPALIDAD DE SAN MIGUEL;EXACT_NORMALIZED_NAME_UNIQUE;HIGH;https://datos-abiertos.chilecompra.cl/organismos-compradores;https://api.mercadopublico.cl/servicios/v1/Publico/Empresas/BuscarComprador?ticket=F8537A18-6766-4DEF-9E59-426B4FEE2844;https://www.dipres.gob.cl/597/w3-multipropertyvalues-15145-37782.html
PUB-CL-FF97519A8918189BA17A;I MUNICIPALIDAD DE SAN NICOLAS;MUNICIPALIDAD DE SAN NICOLAS;CHILECOMPRA_MERCADO_PUBLICO;7158;true;false;MUNICIPALITY;false;69140800-0;ENT-RUT-69140800-0;I MUNICIPALIDAD DE SAN NICOLAS;EXACT_NORMALIZED_NAME_UNIQUE;HIGH;https://datos-abiertos.chilecompra.cl/organismos-compradores;https://api.mercadopublico.cl/servicios/v1/Publico/Empresas/BuscarComprador?ticket=F8537A18-6766-4DEF-9E59-426B4FEE2844;https://www.dipres.gob.cl/597/w3-multipropertyvalues-15145-37782.html
PUB-CL-5B339EC4FECECE40D8F0;I MUNICIPALIDAD DE SAN PABLO;MUNICIPALIDAD DE SAN PABLO;CHILECOMPRA_MERCADO_PUBLICO;111960;true;false;MUNICIPALITY;false;69210200-2;ENT-RUT-69210200-2;I MUNICIPALIDAD DE SAN PABLO;EXACT_NORMALIZED_NAME_UNIQUE;HIGH;https://datos-abiertos.chilecompra.cl/organismos-compradores;https://api.mercadopublico.cl/servicios/v1/Publico/Empresas/BuscarComprador?ticket=F8537A18-6766-4DEF-9E59-426B4FEE2844;https://www.dipres.gob.cl/597/w3-multipropertyvalues-15145-37782.html
PUB-CL-1D2E25CA76CA2E8ADA44;I MUNICIPALIDAD DE SAN PEDRO;MUNICIPALIDAD DE SAN PEDRO;CHILECOMPRA_MERCADO_PUBLICO;142855;true;false;MUNICIPALITY;false;69073100-2;ENT-RUT-69073100-2;I MUNICIPALIDAD DE SAN PEDRO;EXACT_NORMALIZED_NAME_UNIQUE;HIGH;https://datos-abiertos.chilecompra.cl/organismos-compradores;https://api.mercadopublico.cl/servicios/v1/Publico/Empresas/BuscarComprador?ticket=F8537A18-6766-4DEF-9E59-426B4FEE2844;https://www.dipres.gob.cl/597/w3-multipropertyvalues-15145-37782.html
PUB-CL-06F0B72C517FE2032193;I MUNICIPALIDAD DE SAN PEDRO DE ATACAMA;MUNICIPALIDAD DE SAN PEDRO DE ATACAMA;CHILECOMPRA_MERCADO_PUBLICO;113428;true;false;MUNICIPALITY;false;69252500-0;ENT-RUT-69252500-0;I MUNICIPALIDAD DE SAN PEDRO DE ATACAMA;EXACT_NORMALIZED_NAME_UNIQUE;HIGH;https://datos-abiertos.chilecompra.cl/organismos-compradores;https://api.mercadopublico.cl/servicios/v1/Publico/Empresas/BuscarComprador?ticket=F8537A18-6766-4DEF-9E59-426B4FEE2844;https://www.dipres.gob.cl/597/w3-multipropertyvalues-15145-37782.html
PUB-CL-6885239172750F051052;I MUNICIPALIDAD DE SAN PEDRO DE LA PAZ;MUNICIPALIDAD DE SAN PEDRO DE LA PAZ;CHILECOMPRA_MERCADO_PUBLICO;100704;true;false;MUNICIPALITY;false;69264800-5;ENT-RUT-69264800-5;I MUNICIPALIDAD DE SAN PEDRO DE LA PAZ;EXACT_NORMALIZED_NAME_UNIQUE;HIGH;https://datos-abiertos.chilecompra.cl/organismos-compradores;https://api.mercadopublico.cl/servicios/v1/Publico/Empresas/BuscarComprador?ticket=F8537A18-6766-4DEF-9E59-426B4FEE2844;https://www.dipres.gob.cl/597/w3-multipropertyvalues-15145-37782.html
PUB-CL-7E2275EF1914AA8BB877;I MUNICIPALIDAD DE SAN RAFAEL;MUNICIPALIDAD DE SAN RAFAEL;CHILECOMPRA_MERCADO_PUBLICO;113913;true;false;MUNICIPALITY;false;69264500-6;ENT-RUT-69264500-6;I MUNICIPALIDAD DE SAN RAFAEL;EXACT_NORMALIZED_NAME_UNIQUE;HIGH;https://datos-abiertos.chilecompra.cl/organismos-compradores;https://api.mercadopublico.cl/servicios/v1/Publico/Empresas/BuscarComprador?ticket=F8537A18-6766-4DEF-9E59-426B4FEE2844;https://www.dipres.gob.cl/597/w3-multipropertyvalues-15145-37782.html
PUB-CL-14795BF091B8DE195001;I MUNICIPALIDAD DE SAN RAMON;MUNICIPALIDAD DE SAN RAMON;CHILECOMPRA_MERCADO_PUBLICO;7355;true;false;MUNICIPALITY;false;69253900-1;ENT-RUT-69253900-1;I MUNICIPALIDAD DE SAN RAMON;EXACT_NORMALIZED_NAME_UNIQUE;HIGH;https://datos-abiertos.chilecompra.cl/organismos-compradores;https://api.mercadopublico.cl/servicios/v1/Publico/Empresas/BuscarComprador?ticket=F8537A18-6766-4DEF-9E59-426B4FEE2844;https://www.dipres.gob.cl/597/w3-multipropertyvalues-15145-37782.html
PUB-CL-C6B15F0C1217E104A1A5;I MUNICIPALIDAD DE SAN ROSENDO;MUNICIPALIDAD DE SAN ROSENDO;CHILECOMPRA_MERCADO_PUBLICO;136421;true;false;MUNICIPALITY;false;69151100-6;ENT-RUT-69151100-6;I MUNICIPALIDAD DE SAN ROSENDO;EXACT_NORMALIZED_NAME_UNIQUE;HIGH;https://datos-abiertos.chilecompra.cl/organismos-compradores;https://api.mercadopublico.cl/servicios/v1/Publico/Empresas/BuscarComprador?ticket=F8537A18-6766-4DEF-9E59-426B4FEE2844;https://www.dipres.gob.cl/597/w3-multipropertyvalues-15145-37782.html
PUB-CL-2D5A71C7C393D1A88741;I MUNICIPALIDAD DE SAN VICENTE;MUNICIPALIDAD DE SAN VICENTE;CHILECOMPRA_MERCADO_PUBLICO;135559;true;false;MUNICIPALITY;false;69081000-K;ENT-RUT-69081000-K;I MUNICIPALIDAD DE SAN VICENTE;EXACT_NORMALIZED_NAME_UNIQUE;HIGH;https://datos-abiertos.chilecompra.cl/organismos-compradores;https://api.mercadopublico.cl/servicios/v1/Publico/Empresas/BuscarComprador?ticket=F8537A18-6766-4DEF-9E59-426B4FEE2844;https://www.dipres.gob.cl/597/w3-multipropertyvalues-15145-37782.html
PUB-CL-68563F17197EC32D9B23;I MUNICIPALIDAD DE SANTA BARBARA;MUNICIPALIDAD DE SANTA BARBARA;CHILECOMPRA_MERCADO_PUBLICO;118860;true;false;MUNICIPALITY;false;69170200-6;ENT-RUT-69170200-6;I MUNICIPALIDAD DE SANTA BARBARA;EXACT_NORMALIZED_NAME_UNIQUE;HIGH;https://datos-abiertos.chilecompra.cl/organismos-compradores;https://api.mercadopublico.cl/servicios/v1/Publico/Empresas/BuscarComprador?ticket=F8537A18-6766-4DEF-9E59-426B4FEE2844;https://www.dipres.gob.cl/597/w3-multipropertyvalues-15145-37782.html
PUB-CL-D3F7233C368E02585BA4;I MUNICIPALIDAD DE SANTA CRUZ;MUNICIPALIDAD DE SANTA CRUZ;CHILECOMPRA_MERCADO_PUBLICO;117584;true;false;MUNICIPALITY;false;69090600-7;ENT-RUT-69090600-7;I MUNICIPALIDAD DE SANTA CRUZ;EXACT_NORMALIZED_NAME_UNIQUE;HIGH;https://datos-abiertos.chilecompra.cl/organismos-compradores;https://api.mercadopublico.cl/servicios/v1/Publico/Empresas/BuscarComprador?ticket=F8537A18-6766-4DEF-9E59-426B4FEE2844;https://www.dipres.gob.cl/597/w3-multipropertyvalues-15145-37782.html
PUB-CL-C4B070EF13E5ACB22031;I MUNICIPALIDAD DE SANTA JUANA;MUNICIPALIDAD DE SANTA JUANA;CHILECOMPRA_MERCADO_PUBLICO;118623;true;false;MUNICIPALITY;false;69151400-5;ENT-RUT-69151400-5;I MUNICIPALIDAD DE SANTA JUANA;EXACT_NORMALIZED_NAME_UNIQUE;HIGH;https://datos-abiertos.chilecompra.cl/organismos-compradores;https://api.mercadopublico.cl/servicios/v1/Publico/Empresas/BuscarComprador?ticket=F8537A18-6766-4DEF-9E59-426B4FEE2844;https://www.dipres.gob.cl/597/w3-multipropertyvalues-15145-37782.html
PUB-CL-8258FA3CB1A9FC56A895;I MUNICIPALIDAD DE SANTA MARIA;MUNICIPALIDAD DE SANTA MARIA;CHILECOMPRA_MERCADO_PUBLICO;117210;true;false;MUNICIPALITY;false;69051000-6;ENT-RUT-69051000-6;I MUNICIPALIDAD DE SANTA MARIA;EXACT_NORMALIZED_NAME_UNIQUE;HIGH;https://datos-abiertos.chilecompra.cl/organismos-compradores;https://api.mercadopublico.cl/servicios/v1/Publico/Empresas/BuscarComprador?ticket=F8537A18-6766-4DEF-9E59-426B4FEE2844;https://www.dipres.gob.cl/597/w3-multipropertyvalues-15145-37782.html
PUB-CL-C4A526CD68B7458D9D6D;I MUNICIPALIDAD DE SANTIAGO;MUNICIPALIDAD DE SANTIAGO;CHILECOMPRA_MERCADO_PUBLICO;86568;true;false;MUNICIPALITY;false;69070100-6;ENT-RUT-69070100-6;I MUNICIPALIDAD DE SANTIAGO;EXACT_NORMALIZED_NAME_UNIQUE;HIGH;https://datos-abiertos.chilecompra.cl/organismos-compradores;https://api.mercadopublico.cl/servicios/v1/Publico/Empresas/BuscarComprador?ticket=F8537A18-6766-4DEF-9E59-426B4FEE2844;https://www.dipres.gob.cl/597/w3-multipropertyvalues-15145-37782.html
PUB-CL-BAF60683F83E060EE6BA;I MUNICIPALIDAD DE SANTO DOMINGO;MUNICIPALIDAD DE SANTO DOMINGO;CHILECOMPRA_MERCADO_PUBLICO;113981;true;false;MUNICIPALITY;false;69073500-8;ENT-RUT-69073500-8;I MUNICIPALIDAD DE SANTO DOMINGO;EXACT_NORMALIZED_NAME_UNIQUE;HIGH;https://datos-abiertos.chilecompra.cl/organismos-compradores;https://api.mercadopublico.cl/servicios/v1/Publico/Empresas/BuscarComprador?ticket=F8537A18-6766-4DEF-9E59-426B4FEE2844;https://www.dipres.gob.cl/597/w3-multipropertyvalues-15145-37782.html
PUB-CL-3C9CEDE932C629C56334;I MUNICIPALIDAD DE SIERRA GORDA;MUNICIPALIDAD DE SIERRA GORDA;CHILECOMPRA_MERCADO_PUBLICO;117579;true;false;MUNICIPALITY;false;69253200-7;ENT-RUT-69253200-7;I MUNICIPALIDAD DE SIERRA GORDA;EXACT_NORMALIZED_NAME_UNIQUE;HIGH;https://datos-abiertos.chilecompra.cl/organismos-compradores;https://api.mercadopublico.cl/servicios/v1/Publico/Empresas/BuscarComprador?ticket=F8537A18-6766-4DEF-9E59-426B4FEE2844;https://www.dipres.gob.cl/597/w3-multipropertyvalues-15145-37782.html
PUB-CL-D1008140A41F2A7EE64A;I MUNICIPALIDAD DE TALAGANTE;MUNICIPALIDAD DE TALAGANTE;CHILECOMPRA_MERCADO_PUBLICO;99765;true;false;MUNICIPALITY;false;69071800-6;ENT-RUT-69071800-6;I MUNICIPALIDAD DE TALAGANTE;EXACT_NORMALIZED_NAME_UNIQUE;HIGH;https://datos-abiertos.chilecompra.cl/organismos-compradores;https://api.mercadopublico.cl/servicios/v1/Publico/Empresas/BuscarComprador?ticket=F8537A18-6766-4DEF-9E59-426B4FEE2844;https://www.dipres.gob.cl/597/w3-multipropertyvalues-15145-37782.html
PUB-CL-98C1189E97077D27FA5E;I MUNICIPALIDAD DE TALCA;MUNICIPALIDAD DE TALCA;CHILECOMPRA_MERCADO_PUBLICO;84480;true;false;MUNICIPALITY;false;69110400-1;ENT-RUT-69110400-1;I MUNICIPALIDAD DE TALCA;EXACT_NORMALIZED_NAME_UNIQUE;HIGH;https://datos-abiertos.chilecompra.cl/organismos-compradores;https://api.mercadopublico.cl/servicios/v1/Publico/Empresas/BuscarComprador?ticket=F8537A18-6766-4DEF-9E59-426B4FEE2844;https://www.dipres.gob.cl/597/w3-multipropertyvalues-15145-37782.html
PUB-CL-40E148A0FAFC050DFE82;I MUNICIPALIDAD DE TALCAHUANO;MUNICIPALIDAD DE TALCAHUANO;CHILECOMPRA_MERCADO_PUBLICO;86586;true;false;MUNICIPALITY;false;69150800-5;ENT-RUT-69150800-5;I MUNICIPALIDAD DE TALCAHUANO;EXACT_NORMALIZED_NAME_UNIQUE;HIGH;https://datos-abiertos.chilecompra.cl/organismos-compradores;https://api.mercadopublico.cl/servicios/v1/Publico/Empresas/BuscarComprador?ticket=F8537A18-6766-4DEF-9E59-426B4FEE2844;https://www.dipres.gob.cl/597/w3-multipropertyvalues-15145-37782.html
PUB-CL-9792C857103AA77E27EC;I MUNICIPALIDAD DE TALTAL;MUNICIPALIDAD DE TALTAL;CHILECOMPRA_MERCADO_PUBLICO;118079;true;false;MUNICIPALITY;false;69020500-9;ENT-RUT-69020500-9;I MUNICIPALIDAD DE TALTAL;EXACT_NORMALIZED_NAME_UNIQUE;HIGH;https://datos-abiertos.chilecompra.cl/organismos-compradores;https://api.mercadopublico.cl/servicios/v1/Publico/Empresas/BuscarComprador?ticket=F8537A18-6766-4DEF-9E59-426B4FEE2844;https://www.dipres.gob.cl/597/w3-multipropertyvalues-15145-37782.html
PUB-CL-4CE85173945B77EAACC8;I MUNICIPALIDAD DE TEMUCO;MUNICIPALIDAD DE TEMUCO;CHILECOMPRA_MERCADO_PUBLICO;7321;true;false;MUNICIPALITY;false;69190700-7;ENT-RUT-69190700-7;I MUNICIPALIDAD DE TEMUCO;EXACT_NORMALIZED_NAME_UNIQUE;HIGH;https://datos-abiertos.chilecompra.cl/organismos-compradores;https://api.mercadopublico.cl/servicios/v1/Publico/Empresas/BuscarComprador?ticket=F8537A18-6766-4DEF-9E59-426B4FEE2844;https://www.dipres.gob.cl/597/w3-multipropertyvalues-15145-37782.html
PUB-CL-25C7D68DB2A3F8A5F8A6;I MUNICIPALIDAD DE TENO;MUNICIPALIDAD DE TENO;CHILECOMPRA_MERCADO_PUBLICO;116299;true;false;MUNICIPALITY;false;69100300-0;ENT-RUT-69100300-0;I MUNICIPALIDAD DE TENO;EXACT_NORMALIZED_NAME_UNIQUE;HIGH;https://datos-abiertos.chilecompra.cl/organismos-compradores;https://api.mercadopublico.cl/servicios/v1/Publico/Empresas/BuscarComprador?ticket=F8537A18-6766-4DEF-9E59-426B4FEE2844;https://www.dipres.gob.cl/597/w3-multipropertyvalues-15145-37782.html
PUB-CL-7A04CCE87DA7FCBBF15A;I MUNICIPALIDAD DE TIERRA AMARILLA;MUNICIPALIDAD DE TIERRA AMARILLA;CHILECOMPRA_MERCADO_PUBLICO;7360;true;false;MUNICIPALITY;false;69030400-7;ENT-RUT-69030400-7;I MUNICIPALIDAD DE TIERRA AMARILLA;EXACT_NORMALIZED_NAME_UNIQUE;HIGH;https://datos-abiertos.chilecompra.cl/organismos-compradores;https://api.mercadopublico.cl/servicios/v1/Publico/Empresas/BuscarComprador?ticket=F8537A18-6766-4DEF-9E59-426B4FEE2844;https://www.dipres.gob.cl/597/w3-multipropertyvalues-15145-37782.html
PUB-CL-7E494EC79C79A03A757F;I MUNICIPALIDAD DE TIL TIL;MUNICIPALIDAD DE TIL TIL;CHILECOMPRA_MERCADO_PUBLICO;116218;true;false;MUNICIPALITY;false;69071600-3;ENT-RUT-69071600-3;I MUNICIPALIDAD DE TIL TIL;EXACT_NORMALIZED_NAME_UNIQUE;HIGH;https://datos-abiertos.chilecompra.cl/organismos-compradores;https://api.mercadopublico.cl/servicios/v1/Publico/Empresas/BuscarComprador?ticket=F8537A18-6766-4DEF-9E59-426B4FEE2844;https://www.dipres.gob.cl/597/w3-multipropertyvalues-15145-37782.html
PUB-CL-221F50948182171D5836;I MUNICIPALIDAD DE TIRUA;MUNICIPALIDAD DE TIRUA;CHILECOMPRA_MERCADO_PUBLICO;183037;true;false;MUNICIPALITY;false;69160700-3;ENT-RUT-69160700-3;I MUNICIPALIDAD DE TIRUA;EXACT_NORMALIZED_NAME_UNIQUE;HIGH;https://datos-abiertos.chilecompra.cl/organismos-compradores;https://api.mercadopublico.cl/servicios/v1/Publico/Empresas/BuscarComprador?ticket=F8537A18-6766-4DEF-9E59-426B4FEE2844;https://www.dipres.gob.cl/597/w3-multipropertyvalues-15145-37782.html
PUB-CL-8B066C070996C78E56E4;I MUNICIPALIDAD DE TOCOPILLA;MUNICIPALIDAD DE TOCOPILLA;CHILECOMPRA_MERCADO_PUBLICO;115167;true;false;MUNICIPALITY;false;69020100-3;ENT-RUT-69020100-3;I MUNICIPALIDAD DE TOCOPILLA;EXACT_NORMALIZED_NAME_UNIQUE;HIGH;https://datos-abiertos.chilecompra.cl/organismos-compradores;https://api.mercadopublico.cl/servicios/v1/Publico/Empresas/BuscarComprador?ticket=F8537A18-6766-4DEF-9E59-426B4FEE2844;https://www.dipres.gob.cl/597/w3-multipropertyvalues-15145-37782.html
PUB-CL-243AA9C354E9C8814EC1;I MUNICIPALIDAD DE TOME;MUNICIPALIDAD DE TOME;CHILECOMPRA_MERCADO_PUBLICO;98443;true;false;MUNICIPALITY;false;69150100-0;ENT-RUT-69150100-0;I MUNICIPALIDAD DE TOME;EXACT_NORMALIZED_NAME_UNIQUE;HIGH;https://datos-abiertos.chilecompra.cl/organismos-compradores;https://api.mercadopublico.cl/servicios/v1/Publico/Empresas/BuscarComprador?ticket=F8537A18-6766-4DEF-9E59-426B4FEE2844;https://www.dipres.gob.cl/597/w3-multipropertyvalues-15145-37782.html
PUB-CL-F93596B1B9B26CDFDB74;I MUNICIPALIDAD DE TREHUACO;MUNICIPALIDAD DE TREHUACO;CHILECOMPRA_MERCADO_PUBLICO;145365;true;false;MUNICIPALITY;false;69250600-6;ENT-RUT-69250600-6;I MUNICIPALIDAD DE TREHUACO;EXACT_NORMALIZED_NAME_UNIQUE;HIGH;https://datos-abiertos.chilecompra.cl/organismos-compradores;https://api.mercadopublico.cl/servicios/v1/Publico/Empresas/BuscarComprador?ticket=F8537A18-6766-4DEF-9E59-426B4FEE2844;https://www.dipres.gob.cl/597/w3-multipropertyvalues-15145-37782.html
PUB-CL-A34DA830E2286E21B544;I MUNICIPALIDAD DE TUCAPEL;MUNICIPALIDAD DE TUCAPEL;CHILECOMPRA_MERCADO_PUBLICO;114395;true;false;MUNICIPALITY;false;69141800-6;ENT-RUT-69141800-6;I MUNICIPALIDAD DE TUCAPEL;EXACT_NORMALIZED_NAME_UNIQUE;HIGH;https://datos-abiertos.chilecompra.cl/organismos-compradores;https://api.mercadopublico.cl/servicios/v1/Publico/Empresas/BuscarComprador?ticket=F8537A18-6766-4DEF-9E59-426B4FEE2844;https://www.dipres.gob.cl/597/w3-multipropertyvalues-15145-37782.html
PUB-CL-0197D313103F56322DD0;I MUNICIPALIDAD DE VALLENAR;MUNICIPALIDAD DE VALLENAR;CHILECOMPRA_MERCADO_PUBLICO;86491;true;false;MUNICIPALITY;false;69030500-3;ENT-RUT-69030500-3;ILUSTRE MUNICIPALIDAD DE VALLENAR;EXACT_NORMALIZED_NAME_UNIQUE;HIGH;https://datos-abiertos.chilecompra.cl/organismos-compradores;https://api.mercadopublico.cl/servicios/v1/Publico/Empresas/BuscarComprador?ticket=F8537A18-6766-4DEF-9E59-426B4FEE2844;https://www.dipres.gob.cl/597/w3-multipropertyvalues-15145-37782.html
PUB-CL-384E30E1EC88547D2915;I MUNICIPALIDAD DE VALPARAISO;MUNICIPALIDAD DE VALPARAISO;CHILECOMPRA_MERCADO_PUBLICO;87402;true;false;MUNICIPALITY;false;69060900-2;ENT-RUT-69060900-2;I MUNICIPALIDAD DE VALPARAISO;EXACT_NORMALIZED_NAME_UNIQUE;HIGH;https://datos-abiertos.chilecompra.cl/organismos-compradores;https://api.mercadopublico.cl/servicios/v1/Publico/Empresas/BuscarComprador?ticket=F8537A18-6766-4DEF-9E59-426B4FEE2844;https://www.dipres.gob.cl/597/w3-multipropertyvalues-15145-37782.html
PUB-CL-6C903EAF69AEC4B3554D;I MUNICIPALIDAD DE VICHUQUEN;MUNICIPALIDAD DE VICHUQUEN;CHILECOMPRA_MERCADO_PUBLICO;114914;true;false;MUNICIPALITY;false;69100700-6;ENT-RUT-69100700-6;I MUNICIPALIDAD DE VICHUQUEN;EXACT_NORMALIZED_NAME_UNIQUE;HIGH;https://datos-abiertos.chilecompra.cl/organismos-compradores;https://api.mercadopublico.cl/servicios/v1/Publico/Empresas/BuscarComprador?ticket=F8537A18-6766-4DEF-9E59-426B4FEE2844;https://www.dipres.gob.cl/597/w3-multipropertyvalues-15145-37782.html
PUB-CL-B9CEFE8E3B64D0A9CC95;I MUNICIPALIDAD DE VICTORIA;MUNICIPALIDAD DE VICTORIA;CHILECOMPRA_MERCADO_PUBLICO;116399;true;false;MUNICIPALITY;false;69180900-5;ENT-RUT-69180900-5;I MUNICIPALIDAD DE VICTORIA;EXACT_NORMALIZED_NAME_UNIQUE;HIGH;https://datos-abiertos.chilecompra.cl/organismos-compradores;https://api.mercadopublico.cl/servicios/v1/Publico/Empresas/BuscarComprador?ticket=F8537A18-6766-4DEF-9E59-426B4FEE2844;https://www.dipres.gob.cl/597/w3-multipropertyvalues-15145-37782.html
PUB-CL-8210BA0E53CA15B0EEB4;I MUNICIPALIDAD DE VICUNA;MUNICIPALIDAD DE VICUNA;CHILECOMPRA_MERCADO_PUBLICO;115303;true;false;MUNICIPALITY;false;69040500-8;ENT-RUT-69040500-8;I MUNICIPALIDAD DE VICUNA;EXACT_NORMALIZED_NAME_UNIQUE;HIGH;https://datos-abiertos.chilecompra.cl/organismos-compradores;https://api.mercadopublico.cl/servicios/v1/Publico/Empresas/BuscarComprador?ticket=F8537A18-6766-4DEF-9E59-426B4FEE2844;https://www.dipres.gob.cl/597/w3-multipropertyvalues-15145-37782.html
PUB-CL-0FFC0937057FB11BD18D;I MUNICIPALIDAD DE VILCUN;MUNICIPALIDAD DE VILCUN;CHILECOMPRA_MERCADO_PUBLICO;115009;true;false;MUNICIPALITY;false;69190800-3;ENT-RUT-69190800-3;I MUNICIPALIDAD DE VILCUN;EXACT_NORMALIZED_NAME_UNIQUE;HIGH;https://datos-abiertos.chilecompra.cl/organismos-compradores;https://api.mercadopublico.cl/servicios/v1/Publico/Empresas/BuscarComprador?ticket=F8537A18-6766-4DEF-9E59-426B4FEE2844;https://www.dipres.gob.cl/597/w3-multipropertyvalues-15145-37782.html
PUB-CL-779F8E2C524195E3D925;I MUNICIPALIDAD DE VILLA ALEGRE;MUNICIPALIDAD DE VILLA ALEGRE;CHILECOMPRA_MERCADO_PUBLICO;7363;true;false;MUNICIPALITY;false;69130200-8;ENT-RUT-69130200-8;I MUNICIPALIDAD DE VILLA ALEGRE;EXACT_NORMALIZED_NAME_UNIQUE;HIGH;https://datos-abiertos.chilecompra.cl/organismos-compradores;https://api.mercadopublico.cl/servicios/v1/Publico/Empresas/BuscarComprador?ticket=F8537A18-6766-4DEF-9E59-426B4FEE2844;https://www.dipres.gob.cl/597/w3-multipropertyvalues-15145-37782.html
PUB-CL-4C4C744344BEAABEB246;I MUNICIPALIDAD DE VILLA ALEMANA;MUNICIPALIDAD DE VILLA ALEMANA;CHILECOMPRA_MERCADO_PUBLICO;7233;true;false;MUNICIPALITY;false;69061500-2;ENT-RUT-69061500-2;I MUNICIPALIDAD DE VILLA ALEMANA;EXACT_NORMALIZED_NAME_UNIQUE;HIGH;https://datos-abiertos.chilecompra.cl/organismos-compradores;https://api.mercadopublico.cl/servicios/v1/Publico/Empresas/BuscarComprador?ticket=F8537A18-6766-4DEF-9E59-426B4FEE2844;https://www.dipres.gob.cl/597/w3-multipropertyvalues-15145-37782.html
PUB-CL-C214AE66BE76ED63F7A2;I MUNICIPALIDAD DE VILLARRICA;MUNICIPALIDAD DE VILLARRICA;CHILECOMPRA_MERCADO_PUBLICO;118084;true;false;MUNICIPALITY;false;69191500-K;ENT-RUT-69191500-K;I MUNICIPALIDAD DE VILLARRICA;EXACT_NORMALIZED_NAME_UNIQUE;HIGH;https://datos-abiertos.chilecompra.cl/organismos-compradores;https://api.mercadopublico.cl/servicios/v1/Publico/Empresas/BuscarComprador?ticket=F8537A18-6766-4DEF-9E59-426B4FEE2844;https://www.dipres.gob.cl/597/w3-multipropertyvalues-15145-37782.html
PUB-CL-43114F86D4DCD6F6BFE8;I MUNICIPALIDAD DE VINA DEL MAR;MUNICIPALIDAD DE VINA DEL MAR;CHILECOMPRA_MERCADO_PUBLICO;87399;true;false;MUNICIPALITY;false;69061000-0;ENT-RUT-69061000-0;I MUNICIPALIDAD DE VINA DEL MAR;EXACT_NORMALIZED_NAME_UNIQUE;HIGH;https://datos-abiertos.chilecompra.cl/organismos-compradores;https://api.mercadopublico.cl/servicios/v1/Publico/Empresas/BuscarComprador?ticket=F8537A18-6766-4DEF-9E59-426B4FEE2844;https://www.dipres.gob.cl/597/w3-multipropertyvalues-15145-37782.html
PUB-CL-E7DE76127F4B8BF510A2;I MUNICIPALIDAD DE VITACURA;MUNICIPALIDAD DE VITACURA;CHILECOMPRA_MERCADO_PUBLICO;98462;true;false;MUNICIPALITY;false;69255600-3;ENT-RUT-69255600-3;I MUNICIPALIDAD DE VITACURA;EXACT_NORMALIZED_NAME_UNIQUE;HIGH;https://datos-abiertos.chilecompra.cl/organismos-compradores;https://api.mercadopublico.cl/servicios/v1/Publico/Empresas/BuscarComprador?ticket=F8537A18-6766-4DEF-9E59-426B4FEE2844;https://www.dipres.gob.cl/597/w3-multipropertyvalues-15145-37782.html
PUB-CL-8060E6D1DC7513F03127;I MUNICIPALIDAD DE YUMBEL;MUNICIPALIDAD DE YUMBEL;CHILECOMPRA_MERCADO_PUBLICO;120004;true;false;MUNICIPALITY;false;69150900-1;ENT-RUT-69150900-1;I MUNICIPALIDAD DE YUMBEL;EXACT_NORMALIZED_NAME_UNIQUE;HIGH;https://datos-abiertos.chilecompra.cl/organismos-compradores;https://api.mercadopublico.cl/servicios/v1/Publico/Empresas/BuscarComprador?ticket=F8537A18-6766-4DEF-9E59-426B4FEE2844;https://www.dipres.gob.cl/597/w3-multipropertyvalues-15145-37782.html
PUB-CL-752E48307991A44E50F6;I MUNICIPALIDAD DE YUNGAY;MUNICIPALIDAD DE YUNGAY;CHILECOMPRA_MERCADO_PUBLICO;115294;true;false;MUNICIPALITY;false;69141500-7;ENT-RUT-69141500-7;I MUNICIPALIDAD DE YUNGAY;EXACT_NORMALIZED_NAME_UNIQUE;HIGH;https://datos-abiertos.chilecompra.cl/organismos-compradores;https://api.mercadopublico.cl/servicios/v1/Publico/Empresas/BuscarComprador?ticket=F8537A18-6766-4DEF-9E59-426B4FEE2844;https://www.dipres.gob.cl/597/w3-multipropertyvalues-15145-37782.html
PUB-CL-2385954270A3DF672893;I MUNICIPALIDAD DE ZAPALLAR;MUNICIPALIDAD DE ZAPALLAR;CHILECOMPRA_MERCADO_PUBLICO;132199;true;false;MUNICIPALITY;false;69050400-6;ENT-RUT-69050400-6;I MUNICIPALIDAD DE ZAPALLAR;EXACT_NORMALIZED_NAME_UNIQUE;HIGH;https://datos-abiertos.chilecompra.cl/organismos-compradores;https://api.mercadopublico.cl/servicios/v1/Publico/Empresas/BuscarComprador?ticket=F8537A18-6766-4DEF-9E59-426B4FEE2844;https://www.dipres.gob.cl/597/w3-multipropertyvalues-15145-37782.html
PUB-CL-9C9AFE3B19B0F4D5D82F;I MUNICIPALIDAD ESTACION CENTRAL;MUNICIPALIDAD ESTACION CENTRAL;CHILECOMPRA_MERCADO_PUBLICO;87824;true;false;MUNICIPALITY;false;69254300-9;ENT-RUT-69254300-9;I MUNICIPALIDAD ESTACION CENTRAL;EXACT_NORMALIZED_NAME_UNIQUE;HIGH;https://datos-abiertos.chilecompra.cl/organismos-compradores;https://api.mercadopublico.cl/servicios/v1/Publico/Empresas/BuscarComprador?ticket=F8537A18-6766-4DEF-9E59-426B4FEE2844;https://www.dipres.gob.cl/597/w3-multipropertyvalues-15145-37782.html
PUB-CL-481A1F50E3AB4EA7FAA6;I MUNICIPALIDAD LO BARNECHEA;MUNICIPALIDAD LO BARNECHEA;CHILECOMPRA_MERCADO_PUBLICO;100155;true;false;MUNICIPALITY;false;69255200-8;ENT-RUT-69255200-8;I MUNICIPALIDAD LO BARNECHEA;EXACT_NORMALIZED_NAME_UNIQUE;HIGH;https://datos-abiertos.chilecompra.cl/organismos-compradores;https://api.mercadopublico.cl/servicios/v1/Publico/Empresas/BuscarComprador?ticket=F8537A18-6766-4DEF-9E59-426B4FEE2844;https://www.dipres.gob.cl/597/w3-multipropertyvalues-15145-37782.html
PUB-CL-8E46737581B3363229BC;I MUNICIPALIDAD PAIHUANO;MUNICIPALIDAD PAIHUANO;CHILECOMPRA_MERCADO_PUBLICO;118075;true;false;MUNICIPALITY;false;69040600-4;ENT-RUT-69040600-4;I MUNICIPALIDAD PAIHUANO;EXACT_NORMALIZED_NAME_UNIQUE;HIGH;https://datos-abiertos.chilecompra.cl/organismos-compradores;https://api.mercadopublico.cl/servicios/v1/Publico/Empresas/BuscarComprador?ticket=F8537A18-6766-4DEF-9E59-426B4FEE2844;https://www.dipres.gob.cl/597/w3-multipropertyvalues-15145-37782.html
PUB-CL-A671A54DDABC9486E2F8;I MUNICIPALIDAD PEDRO AGUIRRE CERDA;MUNICIPALIDAD PEDRO AGUIRRE CERDA;CHILECOMPRA_MERCADO_PUBLICO;87104;true;false;MUNICIPALITY;false;69254900-7;ENT-RUT-69254900-7;I MUNICIPALIDAD PEDRO AGUIRRE CERDA;EXACT_NORMALIZED_NAME_UNIQUE;HIGH;https://datos-abiertos.chilecompra.cl/organismos-compradores;https://api.mercadopublico.cl/servicios/v1/Publico/Empresas/BuscarComprador?ticket=F8537A18-6766-4DEF-9E59-426B4FEE2844;https://www.dipres.gob.cl/597/w3-multipropertyvalues-15145-37782.html
PUB-CL-0AF49897B2DB79630DDF;I MUNICIPALIDAD PUERTO OCTAY;MUNICIPALIDAD PUERTO OCTAY;CHILECOMPRA_MERCADO_PUBLICO;104899;true;false;MUNICIPALITY;false;69210400-5;ENT-RUT-69210400-5;I MUNICIPALIDAD PUERTO OCTAY;EXACT_NORMALIZED_NAME_UNIQUE;HIGH;https://datos-abiertos.chilecompra.cl/organismos-compradores;https://api.mercadopublico.cl/servicios/v1/Publico/Empresas/BuscarComprador?ticket=F8537A18-6766-4DEF-9E59-426B4FEE2844;https://www.dipres.gob.cl/597/w3-multipropertyvalues-15145-37782.html
PUB-CL-30838AF514484C366175;I MUNICIPALIDAD RIO IBANEZ;MUNICIPALIDAD RIO IBANEZ;CHILECOMPRA_MERCADO_PUBLICO;120002;true;false;MUNICIPALITY;false;69253100-0;ENT-RUT-69253100-0;I MUNICIPALIDAD RIO IBANEZ;EXACT_NORMALIZED_NAME_UNIQUE;HIGH;https://datos-abiertos.chilecompra.cl/organismos-compradores;https://api.mercadopublico.cl/servicios/v1/Publico/Empresas/BuscarComprador?ticket=F8537A18-6766-4DEF-9E59-426B4FEE2844;https://www.dipres.gob.cl/597/w3-multipropertyvalues-15145-37782.html
PUB-CL-F05AF22CA31DCFF619F1;I MUNICIPALIDAD SAN JOAQUIN;MUNICIPALIDAD SAN JOAQUIN;CHILECOMPRA_MERCADO_PUBLICO;7135;true;false;MUNICIPALITY;false;69254600-8;ENT-RUT-69254600-8;I MUNICIPALIDAD SAN JOAQUIN;EXACT_NORMALIZED_NAME_UNIQUE;HIGH;https://datos-abiertos.chilecompra.cl/organismos-compradores;https://api.mercadopublico.cl/servicios/v1/Publico/Empresas/BuscarComprador?ticket=F8537A18-6766-4DEF-9E59-426B4FEE2844;https://www.dipres.gob.cl/597/w3-multipropertyvalues-15145-37782.html
PUB-CL-7C2CE6D9F0F2463F4A4C;I MUNICIPALIDAD VALDIVIA;MUNICIPALIDAD VALDIVIA;CHILECOMPRA_MERCADO_PUBLICO;84152;true;false;MUNICIPALITY;false;69200100-1;ENT-RUT-69200100-1;I MUNICIPALIDAD VALDIVIA;EXACT_NORMALIZED_NAME_UNIQUE;HIGH;https://datos-abiertos.chilecompra.cl/organismos-compradores;https://api.mercadopublico.cl/servicios/v1/Publico/Empresas/BuscarComprador?ticket=F8537A18-6766-4DEF-9E59-426B4FEE2844;https://www.dipres.gob.cl/597/w3-multipropertyvalues-15145-37782.html
PUB-CL-C16854A46911D89B89C1;I. MUNICIPALIDAD DE QUILPUE;MUNICIPALIDAD DE QUILPUE;CHILECOMPRA_MERCADO_PUBLICO;87633;true;false;MUNICIPALITY;false;69061300-K;ENT-RUT-69061300-K;I MUNICIPALIDAD DE QUILPUE;EXACT_NORMALIZED_NAME_UNIQUE;HIGH;https://datos-abiertos.chilecompra.cl/organismos-compradores;https://api.mercadopublico.cl/servicios/v1/Publico/Empresas/BuscarComprador?ticket=F8537A18-6766-4DEF-9E59-426B4FEE2844;https://www.dipres.gob.cl/597/w3-multipropertyvalues-15145-37782.html
PUB-CL-84DEACF0FE6F59288076;I.MUNICIPALIDAD DE CERRO NAVIA;I MUNICIPALIDAD DE CERRO NAVIA;CHILECOMPRA_MERCADO_PUBLICO;86664;true;false;MUNICIPALITY;false;;;;NO_RUT_MATCH;UNMATCHED;https://datos-abiertos.chilecompra.cl/organismos-compradores;https://api.mercadopublico.cl/servicios/v1/Publico/Empresas/BuscarComprador?ticket=F8537A18-6766-4DEF-9E59-426B4FEE2844;https://www.dipres.gob.cl/597/w3-multipropertyvalues-15145-37782.html
PUB-CL-97FB34305776A4C0E0C4;I.MUNICIPALIDAD DE PORVENIR;I MUNICIPALIDAD DE PORVENIR;CHILECOMPRA_MERCADO_PUBLICO;115798;true;false;MUNICIPALITY;false;69250300-7;ENT-RUT-69250300-7;I.MUNICIPALIDAD DE PORVENIR;EXACT_NORMALIZED_NAME_UNIQUE;HIGH;https://datos-abiertos.chilecompra.cl/organismos-compradores;https://api.mercadopublico.cl/servicios/v1/Publico/Empresas/BuscarComprador?ticket=F8537A18-6766-4DEF-9E59-426B4FEE2844;https://www.dipres.gob.cl/597/w3-multipropertyvalues-15145-37782.html
PUB-CL-C395F9C5275E6A81C59C;I.MUNICIPALIDAD DE ROMERAL;I MUNICIPALIDAD DE ROMERAL;CHILECOMPRA_MERCADO_PUBLICO;141881;true;false;MUNICIPALITY;false;69100200-4;ENT-RUT-69100200-4;I.MUNICIPALIDAD DE ROMERAL;EXACT_NORMALIZED_NAME_UNIQUE;HIGH;https://datos-abiertos.chilecompra.cl/organismos-compradores;https://api.mercadopublico.cl/servicios/v1/Publico/Empresas/BuscarComprador?ticket=F8537A18-6766-4DEF-9E59-426B4FEE2844;https://www.dipres.gob.cl/597/w3-multipropertyvalues-15145-37782.html
PUB-CL-C8FD69CB91906C1FFE22;ILUSTRE MUNICIPALIDAD  DE SAGRADA FAMILIA;MUNICIPALIDAD DE SAGRADA FAMILIA;CHILECOMPRA_MERCADO_PUBLICO;7356;true;false;MUNICIPALITY;false;69110200-9;ENT-RUT-69110200-9;I MUNICIPALIDAD DE SAGRADA FAMILIA;EXACT_NORMALIZED_NAME_UNIQUE;HIGH;https://datos-abiertos.chilecompra.cl/organismos-compradores;https://api.mercadopublico.cl/servicios/v1/Publico/Empresas/BuscarComprador?ticket=F8537A18-6766-4DEF-9E59-426B4FEE2844;https://www.dipres.gob.cl/597/w3-multipropertyvalues-15145-37782.html
PUB-CL-53A74365A81DCA49E159;ILUSTRE MUNICIPALIDAD COCHAMO;MUNICIPALIDAD COCHAMO;CHILECOMPRA_MERCADO_PUBLICO;182424;true;false;MUNICIPALITY;false;69252000-9;ENT-RUT-69252000-9;ILUSTRE MUNICIPALIDAD COCHAMO;EXACT_NORMALIZED_NAME_UNIQUE;HIGH;https://datos-abiertos.chilecompra.cl/organismos-compradores;https://api.mercadopublico.cl/servicios/v1/Publico/Empresas/BuscarComprador?ticket=F8537A18-6766-4DEF-9E59-426B4FEE2844;https://www.dipres.gob.cl/597/w3-multipropertyvalues-15145-37782.html
PUB-CL-BD89A3618206077CEE26;ILUSTRE MUNICIPALIDAD DE ALTO BIOBIO;MUNICIPALIDAD DE ALTO BIOBIO;CHILECOMPRA_MERCADO_PUBLICO;182336;true;false;MUNICIPALITY;false;69264600-2;ENT-RUT-69264600-2;ILUSTRE MUNICIPALIDAD DE ALTO BIOBIO;EXACT_NORMALIZED_NAME_UNIQUE;HIGH;https://datos-abiertos.chilecompra.cl/organismos-compradores;https://api.mercadopublico.cl/servicios/v1/Publico/Empresas/BuscarComprador?ticket=F8537A18-6766-4DEF-9E59-426B4FEE2844;https://www.dipres.gob.cl/597/w3-multipropertyvalues-15145-37782.html
PUB-CL-7B814FFE94901721FCE9;ILUSTRE MUNICIPALIDAD DE ALTO DEL CARMEN;MUNICIPALIDAD DE ALTO DEL CARMEN;CHILECOMPRA_MERCADO_PUBLICO;7328;true;false;MUNICIPALITY;false;69251900-0;ENT-RUT-69251900-0;ILUSTRE MUNICIPALIDAD DE ALTO DEL CARMEN;EXACT_NORMALIZED_NAME_UNIQUE;HIGH;https://datos-abiertos.chilecompra.cl/organismos-compradores;https://api.mercadopublico.cl/servicios/v1/Publico/Empresas/BuscarComprador?ticket=F8537A18-6766-4DEF-9E59-426B4FEE2844;https://www.dipres.gob.cl/597/w3-multipropertyvalues-15145-37782.html
PUB-CL-46A3B1518DD2EAFA8472;ILUSTRE MUNICIPALIDAD DE CAMINA;MUNICIPALIDAD DE CAMINA;CHILECOMPRA_MERCADO_PUBLICO;119487;true;false;MUNICIPALITY;false;69251100-K;ENT-RUT-69251100-K;ILUSTRE MUNICIPALIDAD DE CAMINA;EXACT_NORMALIZED_NAME_UNIQUE;HIGH;https://datos-abiertos.chilecompra.cl/organismos-compradores;https://api.mercadopublico.cl/servicios/v1/Publico/Empresas/BuscarComprador?ticket=F8537A18-6766-4DEF-9E59-426B4FEE2844;https://www.dipres.gob.cl/597/w3-multipropertyvalues-15145-37782.html
PUB-CL-CA3246FBECC5C13C7961;ILUSTRE MUNICIPALIDAD DE CHILLAN VIEJO;MUNICIPALIDAD DE CHILLAN VIEJO;CHILECOMPRA_MERCADO_PUBLICO;116221;true;false;MUNICIPALITY;false;69266500-7;ENT-RUT-69266500-7;ILUSTRE MUNICIPALIDAD DE CHILLAN VIEJO;EXACT_NORMALIZED_NAME_UNIQUE;HIGH;https://datos-abiertos.chilecompra.cl/organismos-compradores;https://api.mercadopublico.cl/servicios/v1/Publico/Empresas/BuscarComprador?ticket=F8537A18-6766-4DEF-9E59-426B4FEE2844;https://www.dipres.gob.cl/597/w3-multipropertyvalues-15145-37782.html
PUB-CL-F5A48569B2A335C196E2;ILUSTRE MUNICIPALIDAD DE COLBUN;MUNICIPALIDAD DE COLBUN;CHILECOMPRA_MERCADO_PUBLICO;124195;true;false;MUNICIPALITY;false;69130500-7;ENT-RUT-69130500-7;ILUSTRE MUNICIPALIDAD DE COLBUN;EXACT_NORMALIZED_NAME_UNIQUE;HIGH;https://datos-abiertos.chilecompra.cl/organismos-compradores;https://api.mercadopublico.cl/servicios/v1/Publico/Empresas/BuscarComprador?ticket=F8537A18-6766-4DEF-9E59-426B4FEE2844;https://www.dipres.gob.cl/597/w3-multipropertyvalues-15145-37782.html
PUB-CL-97BA247BC5296B26D19D;ILUSTRE MUNICIPALIDAD DE CURARREHUE;MUNICIPALIDAD DE CURARREHUE;CHILECOMPRA_MERCADO_PUBLICO;118093;true;false;MUNICIPALITY;false;69252400-4;ENT-RUT-69252400-4;ILUSTRE MUNICIPALIDAD DE CURARREHUE;EXACT_NORMALIZED_NAME_UNIQUE;HIGH;https://datos-abiertos.chilecompra.cl/organismos-compradores;https://api.mercadopublico.cl/servicios/v1/Publico/Empresas/BuscarComprador?ticket=F8537A18-6766-4DEF-9E59-426B4FEE2844;https://www.dipres.gob.cl/597/w3-multipropertyvalues-15145-37782.html
PUB-CL-988FB64B4BD26CBADD9D;ILUSTRE MUNICIPALIDAD DE DIEGO DE ALMAGRO;MUNICIPALIDAD DE DIEGO DE ALMAGRO;CHILECOMPRA_MERCADO_PUBLICO;7454;true;false;MUNICIPALITY;false;69250500-K;ENT-RUT-69250500-K;ILUSTRE MUNICIPALIDAD DE DIEGO DE ALMAGRO;EXACT_NORMALIZED_NAME_UNIQUE;HIGH;https://datos-abiertos.chilecompra.cl/organismos-compradores;https://api.mercadopublico.cl/servicios/v1/Publico/Empresas/BuscarComprador?ticket=F8537A18-6766-4DEF-9E59-426B4FEE2844;https://www.dipres.gob.cl/597/w3-multipropertyvalues-15145-37782.html
PUB-CL-D910C3A0F4C46BC142C0;ILUSTRE MUNICIPALIDAD DE HUARA;MUNICIPALIDAD DE HUARA;CHILECOMPRA_MERCADO_PUBLICO;116946;true;false;MUNICIPALITY;false;69010200-5;ENT-RUT-69010200-5;ILUSTRE MUNICIPALIDAD DE HUARA;EXACT_NORMALIZED_NAME_UNIQUE;HIGH;https://datos-abiertos.chilecompra.cl/organismos-compradores;https://api.mercadopublico.cl/servicios/v1/Publico/Empresas/BuscarComprador?ticket=F8537A18-6766-4DEF-9E59-426B4FEE2844;https://www.dipres.gob.cl/597/w3-multipropertyvalues-15145-37782.html
PUB-CL-6C253AD780C90DFC6A64;ILUSTRE MUNICIPALIDAD DE LA SERENA;MUNICIPALIDAD DE LA SERENA;CHILECOMPRA_MERCADO_PUBLICO;87976;true;false;MUNICIPALITY;false;69040100-2;ENT-RUT-69040100-2;I MUNICIPALIDAD DE LA SERENA;EXACT_NORMALIZED_NAME_UNIQUE;HIGH;https://datos-abiertos.chilecompra.cl/organismos-compradores;https://api.mercadopublico.cl/servicios/v1/Publico/Empresas/BuscarComprador?ticket=F8537A18-6766-4DEF-9E59-426B4FEE2844;https://www.dipres.gob.cl/597/w3-multipropertyvalues-15145-37782.html
PUB-CL-7E7ECE78F6B7641B32E9;ILUSTRE MUNICIPALIDAD DE MACHALI;MUNICIPALIDAD DE MACHALI;CHILECOMPRA_MERCADO_PUBLICO;113852;true;false;MUNICIPALITY;false;69080200-7;ENT-RUT-69080200-7;ILUSTRE MUNICIPALIDAD DE MACHALI;EXACT_NORMALIZED_NAME_UNIQUE;HIGH;https://datos-abiertos.chilecompra.cl/organismos-compradores;https://api.mercadopublico.cl/servicios/v1/Publico/Empresas/BuscarComprador?ticket=F8537A18-6766-4DEF-9E59-426B4FEE2844;https://www.dipres.gob.cl/597/w3-multipropertyvalues-15145-37782.html
PUB-CL-36A68DAB8FFAAF089304;ILUSTRE MUNICIPALIDAD DE MACUL;MUNICIPALIDAD DE MACUL;CHILECOMPRA_MERCADO_PUBLICO;84300;true;false;MUNICIPALITY;false;69253700-9;ENT-RUT-69253700-9;ILUSTRE MUNICIPALIDAD DE MACUL;EXACT_NORMALIZED_NAME_UNIQUE;HIGH;https://datos-abiertos.chilecompra.cl/organismos-compradores;https://api.mercadopublico.cl/servicios/v1/Publico/Empresas/BuscarComprador?ticket=F8537A18-6766-4DEF-9E59-426B4FEE2844;https://www.dipres.gob.cl/597/w3-multipropertyvalues-15145-37782.html
PUB-CL-8CC5C407955DF076F04D;ILUSTRE MUNICIPALIDAD DE MELIPILLA;MUNICIPALIDAD DE MELIPILLA;CHILECOMPRA_MERCADO_PUBLICO;98901;true;false;MUNICIPALITY;false;69072900-8;ENT-RUT-69072900-8;ILUSTRE MUNICIPALIDAD DE MELIPILLA;EXACT_NORMALIZED_NAME_UNIQUE;HIGH;https://datos-abiertos.chilecompra.cl/organismos-compradores;https://api.mercadopublico.cl/servicios/v1/Publico/Empresas/BuscarComprador?ticket=F8537A18-6766-4DEF-9E59-426B4FEE2844;https://www.dipres.gob.cl/597/w3-multipropertyvalues-15145-37782.html
PUB-CL-D7EEC25FEAF8999E8439;ILUSTRE MUNICIPALIDAD DE MOLINA;MUNICIPALIDAD DE MOLINA;CHILECOMPRA_MERCADO_PUBLICO;84961;true;false;MUNICIPALITY;false;69110100-2;ENT-RUT-69110100-2;I MUNICIPALIDAD DE MOLINA;EXACT_NORMALIZED_NAME_UNIQUE;HIGH;https://datos-abiertos.chilecompra.cl/organismos-compradores;https://api.mercadopublico.cl/servicios/v1/Publico/Empresas/BuscarComprador?ticket=F8537A18-6766-4DEF-9E59-426B4FEE2844;https://www.dipres.gob.cl/597/w3-multipropertyvalues-15145-37782.html
PUB-CL-42CC9BB0F0BAB704B036;ILUSTRE MUNICIPALIDAD DE NATALES;MUNICIPALIDAD DE NATALES;CHILECOMPRA_MERCADO_PUBLICO;98448;true;false;MUNICIPALITY;false;69250100-4;ENT-RUT-69250100-4;ILUSTRE MUNICIPALIDAD DE NATALES;EXACT_NORMALIZED_NAME_UNIQUE;HIGH;https://datos-abiertos.chilecompra.cl/organismos-compradores;https://api.mercadopublico.cl/servicios/v1/Publico/Empresas/BuscarComprador?ticket=F8537A18-6766-4DEF-9E59-426B4FEE2844;https://www.dipres.gob.cl/597/w3-multipropertyvalues-15145-37782.html
PUB-CL-9284051C4EEC7F818DB7;ILUSTRE MUNICIPALIDAD DE PICHILEMU;MUNICIPALIDAD DE PICHILEMU;CHILECOMPRA_MERCADO_PUBLICO;117179;true;false;MUNICIPALITY;false;69091200-7;ENT-RUT-69091200-7;ILUSTRE MUNICIPALIDAD DE PICHILEMU;EXACT_NORMALIZED_NAME_UNIQUE;HIGH;https://datos-abiertos.chilecompra.cl/organismos-compradores;https://api.mercadopublico.cl/servicios/v1/Publico/Empresas/BuscarComprador?ticket=F8537A18-6766-4DEF-9E59-426B4FEE2844;https://www.dipres.gob.cl/597/w3-multipropertyvalues-15145-37782.html
PUB-CL-C44A3781803518BE7689;ILUSTRE MUNICIPALIDAD DE POZO ALMONTE;MUNICIPALIDAD DE POZO ALMONTE;CHILECOMPRA_MERCADO_PUBLICO;94315;true;false;MUNICIPALITY;false;83017500-8;ENT-RUT-83017500-8;ILUSTRE MUNICIPALIDAD DE POZO ALMONTE;EXACT_NORMALIZED_NAME_UNIQUE;HIGH;https://datos-abiertos.chilecompra.cl/organismos-compradores;https://api.mercadopublico.cl/servicios/v1/Publico/Empresas/BuscarComprador?ticket=F8537A18-6766-4DEF-9E59-426B4FEE2844;https://www.dipres.gob.cl/597/w3-multipropertyvalues-15145-37782.html
PUB-CL-204966C1FC3CF8CF847A;ILUSTRE MUNICIPALIDAD DE PUTRE;MUNICIPALIDAD DE PUTRE;CHILECOMPRA_MERCADO_PUBLICO;119479;true;false;MUNICIPALITY;false;69250800-9;ENT-RUT-69250800-9;ILUSTRE MUNICIPALIDAD DE PUTRE;EXACT_NORMALIZED_NAME_UNIQUE;HIGH;https://datos-abiertos.chilecompra.cl/organismos-compradores;https://api.mercadopublico.cl/servicios/v1/Publico/Empresas/BuscarComprador?ticket=F8537A18-6766-4DEF-9E59-426B4FEE2844;https://www.dipres.gob.cl/597/w3-multipropertyvalues-15145-37782.html
PUB-CL-39A8923620F7A5B60ADA;ILUSTRE MUNICIPALIDAD DE QUILLON;MUNICIPALIDAD DE QUILLON;CHILECOMPRA_MERCADO_PUBLICO;135562;true;false;MUNICIPALITY;false;69141400-0;ENT-RUT-69141400-0;ILUSTRE MUNICIPALIDAD DE QUILLON;EXACT_NORMALIZED_NAME_UNIQUE;HIGH;https://datos-abiertos.chilecompra.cl/organismos-compradores;https://api.mercadopublico.cl/servicios/v1/Publico/Empresas/BuscarComprador?ticket=F8537A18-6766-4DEF-9E59-426B4FEE2844;https://www.dipres.gob.cl/597/w3-multipropertyvalues-15145-37782.html
PUB-CL-77DF249FE926196CEE21;ILUSTRE MUNICIPALIDAD DE QUINTA NORMAL;MUNICIPALIDAD DE QUINTA NORMAL;CHILECOMPRA_MERCADO_PUBLICO;88075;true;false;MUNICIPALITY;false;69071000-5;ENT-RUT-69071000-5;ILUSTRE MUNICIPALIDAD DE QUINTA NORMAL;EXACT_NORMALIZED_NAME_UNIQUE;HIGH;https://datos-abiertos.chilecompra.cl/organismos-compradores;https://api.mercadopublico.cl/servicios/v1/Publico/Empresas/BuscarComprador?ticket=F8537A18-6766-4DEF-9E59-426B4FEE2844;https://www.dipres.gob.cl/597/w3-multipropertyvalues-15145-37782.html
PUB-CL-EF900CE88F03E8ED292A;ILUSTRE MUNICIPALIDAD DE RETIRO;MUNICIPALIDAD DE RETIRO;CHILECOMPRA_MERCADO_PUBLICO;113252;true;false;MUNICIPALITY;false;69130800-6;ENT-RUT-69130800-6;ILUSTRE MUNICIPALIDAD DE RETIRO;EXACT_NORMALIZED_NAME_UNIQUE;HIGH;https://datos-abiertos.chilecompra.cl/organismos-compradores;https://api.mercadopublico.cl/servicios/v1/Publico/Empresas/BuscarComprador?ticket=F8537A18-6766-4DEF-9E59-426B4FEE2844;https://www.dipres.gob.cl/597/w3-multipropertyvalues-15145-37782.html
PUB-CL-2CA0256B635E0010CA03;ILUSTRE MUNICIPALIDAD DE RIO VERDE;MUNICIPALIDAD DE RIO VERDE;CHILECOMPRA_MERCADO_PUBLICO;115301;true;false;MUNICIPALITY;false;69251400-9;ENT-RUT-69251400-9;ILUSTRE MUNICIPALIDAD DE RIO VERDE;EXACT_NORMALIZED_NAME_UNIQUE;HIGH;https://datos-abiertos.chilecompra.cl/organismos-compradores;https://api.mercadopublico.cl/servicios/v1/Publico/Empresas/BuscarComprador?ticket=F8537A18-6766-4DEF-9E59-426B4FEE2844;https://www.dipres.gob.cl/597/w3-multipropertyvalues-15145-37782.html
PUB-CL-D0B0D7499131D83F7CD6;ILUSTRE MUNICIPALIDAD DE SAN CARLOS;MUNICIPALIDAD DE SAN CARLOS;CHILECOMPRA_MERCADO_PUBLICO;100107;true;false;MUNICIPALITY;false;69140500-1;ENT-RUT-69140500-1;ILUSTRE MUNICIPALIDAD DE SAN CARLOS;EXACT_NORMALIZED_NAME_UNIQUE;HIGH;https://datos-abiertos.chilecompra.cl/organismos-compradores;https://api.mercadopublico.cl/servicios/v1/Publico/Empresas/BuscarComprador?ticket=F8537A18-6766-4DEF-9E59-426B4FEE2844;https://www.dipres.gob.cl/597/w3-multipropertyvalues-15145-37782.html
PUB-CL-F6329FFAFA4F3FA332BC;ILUSTRE MUNICIPALIDAD DE SAN GREGORIO;MUNICIPALIDAD DE SAN GREGORIO;CHILECOMPRA_MERCADO_PUBLICO;115795;true;false;MUNICIPALITY;false;69251500-5;ENT-RUT-69251500-5;ILUSTRE MUNICIPALIDAD DE SAN GREGORIO;EXACT_NORMALIZED_NAME_UNIQUE;HIGH;https://datos-abiertos.chilecompra.cl/organismos-compradores;https://api.mercadopublico.cl/servicios/v1/Publico/Empresas/BuscarComprador?ticket=F8537A18-6766-4DEF-9E59-426B4FEE2844;https://www.dipres.gob.cl/597/w3-multipropertyvalues-15145-37782.html
PUB-CL-1555376BE55F5AF4FB59;ILUSTRE MUNICIPALIDAD DE TIMAUKEL;MUNICIPALIDAD DE TIMAUKEL;CHILECOMPRA_MERCADO_PUBLICO;224045;true;false;MUNICIPALITY;false;69251600-1;ENT-RUT-69251600-1;ILUSTRE MUNICIPALIDAD DE TIMAUKEL;EXACT_NORMALIZED_NAME_UNIQUE;HIGH;https://datos-abiertos.chilecompra.cl/organismos-compradores;https://api.mercadopublico.cl/servicios/v1/Publico/Empresas/BuscarComprador?ticket=F8537A18-6766-4DEF-9E59-426B4FEE2844;https://www.dipres.gob.cl/597/w3-multipropertyvalues-15145-37782.html
PUB-CL-879064948F9002B26D1F;ILUSTRE MUNICIPALIDAD DE TORRES DEL PAIN;MUNICIPALIDAD DE TORRES DEL PAIN;CHILECOMPRA_MERCADO_PUBLICO;106000;true;false;MUNICIPALITY;false;69251700-8;ENT-RUT-69251700-8;ILUSTRE MUNICIPALIDAD DE TORRES DEL PAIN;EXACT_NORMALIZED_NAME_UNIQUE;HIGH;https://datos-abiertos.chilecompra.cl/organismos-compradores;https://api.mercadopublico.cl/servicios/v1/Publico/Empresas/BuscarComprador?ticket=F8537A18-6766-4DEF-9E59-426B4FEE2844;https://www.dipres.gob.cl/597/w3-multipropertyvalues-15145-37782.html
PUB-CL-7BFF56330D5830DF1173;ILUSTRE MUNICIPALIDAD MELIPEUCO;MUNICIPALIDAD MELIPEUCO;CHILECOMPRA_MERCADO_PUBLICO;121617;true;false;MUNICIPALITY;false;70766500-9;ENT-RUT-70766500-9;ILUSTRE MUNICIPALIDAD MELIPEUCO;EXACT_NORMALIZED_NAME_UNIQUE;HIGH;https://datos-abiertos.chilecompra.cl/organismos-compradores;https://api.mercadopublico.cl/servicios/v1/Publico/Empresas/BuscarComprador?ticket=F8537A18-6766-4DEF-9E59-426B4FEE2844;https://www.dipres.gob.cl/597/w3-multipropertyvalues-15145-37782.html
PUB-CL-45AFC0D36A4ECE706FE5;ILUSTRE MUNICIPALIDAD TEODORO SCHMIDT;MUNICIPALIDAD TEODORO SCHMIDT;CHILECOMPRA_MERCADO_PUBLICO;115280;true;false;MUNICIPALITY;false;69252100-5;ENT-RUT-69252100-5;ILUSTRE MUNICIPALIDAD TEODORO SCHMIDT;EXACT_NORMALIZED_NAME_UNIQUE;HIGH;https://datos-abiertos.chilecompra.cl/organismos-compradores;https://api.mercadopublico.cl/servicios/v1/Publico/Empresas/BuscarComprador?ticket=F8537A18-6766-4DEF-9E59-426B4FEE2844;https://www.dipres.gob.cl/597/w3-multipropertyvalues-15145-37782.html
PUB-CL-F42A6E1E2EEDF31BA2D3;Ilustre Municipalidad De Quellón;MUNICIPALIDAD DE QUELLON;CHILECOMPRA_MERCADO_PUBLICO;110102;true;false;MUNICIPALITY;false;69230700-3;ENT-RUT-69230700-3;I MUNICIPALIDAD DE QUELLON;EXACT_NORMALIZED_NAME_UNIQUE;HIGH;https://datos-abiertos.chilecompra.cl/organismos-compradores;https://api.mercadopublico.cl/servicios/v1/Publico/Empresas/BuscarComprador?ticket=F8537A18-6766-4DEF-9E59-426B4FEE2844;https://www.dipres.gob.cl/597/w3-multipropertyvalues-15145-37782.html
PUB-CL-2FDEB3BAA09AA19BE4F8;Ilustre Municipalidad de Cabo de Hornos;MUNICIPALIDAD DE CABO DE HORNOS;CHILECOMPRA_MERCADO_PUBLICO;116407;true;false;MUNICIPALITY;false;69254400-5;ENT-RUT-69254400-5;ILUSTRE MUNICIPALIDAD DE CABO DE HORNOS;EXACT_NORMALIZED_NAME_UNIQUE;HIGH;https://datos-abiertos.chilecompra.cl/organismos-compradores;https://api.mercadopublico.cl/servicios/v1/Publico/Empresas/BuscarComprador?ticket=F8537A18-6766-4DEF-9E59-426B4FEE2844;https://www.dipres.gob.cl/597/w3-multipropertyvalues-15145-37782.html
PUB-CL-14E78250E3E0A19EDF62;Ilustre Municipalidad de Camarones;MUNICIPALIDAD DE CAMARONES;CHILECOMPRA_MERCADO_PUBLICO;294421;true;false;MUNICIPALITY;false;69251000-3;ENT-RUT-69251000-3;I MUNICIPALIDAD DE CAMARONES;EXACT_NORMALIZED_NAME_UNIQUE;HIGH;https://datos-abiertos.chilecompra.cl/organismos-compradores;https://api.mercadopublico.cl/servicios/v1/Publico/Empresas/BuscarComprador?ticket=F8537A18-6766-4DEF-9E59-426B4FEE2844;https://www.dipres.gob.cl/597/w3-multipropertyvalues-15145-37782.html
PUB-CL-7ECDE014435FBAD569AC;Ilustre Municipalidad de Chillán;MUNICIPALIDAD DE CHILLAN;CHILECOMPRA_MERCADO_PUBLICO;7362;true;false;MUNICIPALITY;false;69140900-7;ENT-RUT-69140900-7;I MUNICIPALIDAD DE CHILLAN;EXACT_NORMALIZED_NAME_UNIQUE;HIGH;https://datos-abiertos.chilecompra.cl/organismos-compradores;https://api.mercadopublico.cl/servicios/v1/Publico/Empresas/BuscarComprador?ticket=F8537A18-6766-4DEF-9E59-426B4FEE2844;https://www.dipres.gob.cl/597/w3-multipropertyvalues-15145-37782.html
PUB-CL-13C0918DA906A89C9D7D;Ilustre Municipalidad de Contulmo;MUNICIPALIDAD DE CONTULMO;CHILECOMPRA_MERCADO_PUBLICO;141884;true;false;MUNICIPALITY;false;69160600-7;ENT-RUT-69160600-7;I MUNICIPALIDAD DE CONTULMO;EXACT_NORMALIZED_NAME_UNIQUE;HIGH;https://datos-abiertos.chilecompra.cl/organismos-compradores;https://api.mercadopublico.cl/servicios/v1/Publico/Empresas/BuscarComprador?ticket=F8537A18-6766-4DEF-9E59-426B4FEE2844;https://www.dipres.gob.cl/597/w3-multipropertyvalues-15145-37782.html
PUB-CL-62902D1C4A9A5C39883B;Ilustre Municipalidad de Curepto;MUNICIPALIDAD DE CUREPTO;CHILECOMPRA_MERCADO_PUBLICO;133311;true;false;MUNICIPALITY;false;69110300-5;ENT-RUT-69110300-5;ILUSTRE MUNICIPALIDAD DE CUREPTO;EXACT_NORMALIZED_NAME_UNIQUE;HIGH;https://datos-abiertos.chilecompra.cl/organismos-compradores;https://api.mercadopublico.cl/servicios/v1/Publico/Empresas/BuscarComprador?ticket=F8537A18-6766-4DEF-9E59-426B4FEE2844;https://www.dipres.gob.cl/597/w3-multipropertyvalues-15145-37782.html
PUB-CL-39F6D5EF1BAFBAF48416;Ilustre Municipalidad de El Carmen;MUNICIPALIDAD DE EL CARMEN;CHILECOMPRA_MERCADO_PUBLICO;123784;true;false;MUNICIPALITY;false;69141700-K;ENT-RUT-69141700-K;I MUNICIPALIDAD DE EL CARMEN;EXACT_NORMALIZED_NAME_UNIQUE;HIGH;https://datos-abiertos.chilecompra.cl/organismos-compradores;https://api.mercadopublico.cl/servicios/v1/Publico/Empresas/BuscarComprador?ticket=F8537A18-6766-4DEF-9E59-426B4FEE2844;https://www.dipres.gob.cl/597/w3-multipropertyvalues-15145-37782.html
PUB-CL-7C30C9D15425F59DEDB9;Ilustre Municipalidad de Galvarino;MUNICIPALIDAD DE GALVARINO;CHILECOMPRA_MERCADO_PUBLICO;124203;true;false;MUNICIPALITY;false;69190200-5;ENT-RUT-69190200-5;I MUNICIPALIDAD DE GALVARINO;EXACT_NORMALIZED_NAME_UNIQUE;HIGH;https://datos-abiertos.chilecompra.cl/organismos-compradores;https://api.mercadopublico.cl/servicios/v1/Publico/Empresas/BuscarComprador?ticket=F8537A18-6766-4DEF-9E59-426B4FEE2844;https://www.dipres.gob.cl/597/w3-multipropertyvalues-15145-37782.html
PUB-CL-10E3BAC9076D100406D7;Ilustre Municipalidad de General Lagos;MUNICIPALIDAD DE GENERAL LAGOS;CHILECOMPRA_MERCADO_PUBLICO;118859;true;false;MUNICIPALITY;false;69250700-2;ENT-RUT-69250700-2;I MUNICIPALIDAD DE GENERAL LAGOS;EXACT_NORMALIZED_NAME_UNIQUE;HIGH;https://datos-abiertos.chilecompra.cl/organismos-compradores;https://api.mercadopublico.cl/servicios/v1/Publico/Empresas/BuscarComprador?ticket=F8537A18-6766-4DEF-9E59-426B4FEE2844;https://www.dipres.gob.cl/597/w3-multipropertyvalues-15145-37782.html
PUB-CL-6571C042B79E1A629021;Ilustre Municipalidad de Lumaco;MUNICIPALIDAD DE LUMACO;CHILECOMPRA_MERCADO_PUBLICO;138211;true;false;MUNICIPALITY;false;69180800-9;ENT-RUT-69180800-9;I MUNICIPALIDAD DE LUMACO;EXACT_NORMALIZED_NAME_UNIQUE;HIGH;https://datos-abiertos.chilecompra.cl/organismos-compradores;https://api.mercadopublico.cl/servicios/v1/Publico/Empresas/BuscarComprador?ticket=F8537A18-6766-4DEF-9E59-426B4FEE2844;https://www.dipres.gob.cl/597/w3-multipropertyvalues-15145-37782.html
PUB-CL-8C354B34ACF5E486656A;Ilustre Municipalidad de Quirihue;MUNICIPALIDAD DE QUIRIHUE;CHILECOMPRA_MERCADO_PUBLICO;124198;true;false;MUNICIPALITY;false;69140100-6;ENT-RUT-69140100-6;I MUNICIPALIDAD DE QUIRIHUE;EXACT_NORMALIZED_NAME_UNIQUE;HIGH;https://datos-abiertos.chilecompra.cl/organismos-compradores;https://api.mercadopublico.cl/servicios/v1/Publico/Empresas/BuscarComprador?ticket=F8537A18-6766-4DEF-9E59-426B4FEE2844;https://www.dipres.gob.cl/597/w3-multipropertyvalues-15145-37782.html
PUB-CL-1C6DC6C6574C2B883829;Ilustre Municipalidad de Ranquil;MUNICIPALIDAD DE RANQUIL;CHILECOMPRA_MERCADO_PUBLICO;7418;true;false;MUNICIPALITY;false;69150300-3;ENT-RUT-69150300-3;I MUNICIPALIDAD DE RANQUIL;EXACT_NORMALIZED_NAME_UNIQUE;HIGH;https://datos-abiertos.chilecompra.cl/organismos-compradores;https://api.mercadopublico.cl/servicios/v1/Publico/Empresas/BuscarComprador?ticket=F8537A18-6766-4DEF-9E59-426B4FEE2844;https://www.dipres.gob.cl/597/w3-multipropertyvalues-15145-37782.html
PUB-CL-B59CE5E58DC4B4914B9A;Ilustre Municipalidad de San Juan de la Costa;MUNICIPALIDAD DE SAN JUAN DE LA COSTA;CHILECOMPRA_MERCADO_PUBLICO;118085;true;false;MUNICIPALITY;false;69251800-4;ENT-RUT-69251800-4;I MUNICIPALIDAD DE SAN JUAN DE LA COSTA;EXACT_NORMALIZED_NAME_UNIQUE;HIGH;https://datos-abiertos.chilecompra.cl/organismos-compradores;https://api.mercadopublico.cl/servicios/v1/Publico/Empresas/BuscarComprador?ticket=F8537A18-6766-4DEF-9E59-426B4FEE2844;https://www.dipres.gob.cl/597/w3-multipropertyvalues-15145-37782.html
PUB-CL-897D77970EFF1BD383A0;Ilustre Municipalidad de Tolten;MUNICIPALIDAD DE TOLTEN;CHILECOMPRA_MERCADO_PUBLICO;117582;true;false;MUNICIPALITY;false;69191400-3;ENT-RUT-69191400-3;I MUNICIPALIDAD DE TOLTEN;EXACT_NORMALIZED_NAME_UNIQUE;HIGH;https://datos-abiertos.chilecompra.cl/organismos-compradores;https://api.mercadopublico.cl/servicios/v1/Publico/Empresas/BuscarComprador?ticket=F8537A18-6766-4DEF-9E59-426B4FEE2844;https://www.dipres.gob.cl/597/w3-multipropertyvalues-15145-37782.html
PUB-CL-068B304A4DA9F327A0FD;Ilustre Municipalidad de Tortel;MUNICIPALIDAD DE TORTEL;CHILECOMPRA_MERCADO_PUBLICO;7301;true;false;MUNICIPALITY;false;69253400-K;ENT-RUT-69253400-K;I MUNICIPALIDAD DE TORTEL;EXACT_NORMALIZED_NAME_UNIQUE;HIGH;https://datos-abiertos.chilecompra.cl/organismos-compradores;https://api.mercadopublico.cl/servicios/v1/Publico/Empresas/BuscarComprador?ticket=F8537A18-6766-4DEF-9E59-426B4FEE2844;https://www.dipres.gob.cl/597/w3-multipropertyvalues-15145-37782.html
PUB-CL-B177C5B065B265C327D6;Ilustre Municipalidad de Yerbas Buenas;MUNICIPALIDAD DE YERBAS BUENAS;CHILECOMPRA_MERCADO_PUBLICO;116738;true;false;MUNICIPALITY;false;69130400-0;ENT-RUT-69130400-0;I MUNICIPALIDAD DE YERBAS BUENAS;EXACT_NORMALIZED_NAME_UNIQUE;HIGH;https://datos-abiertos.chilecompra.cl/organismos-compradores;https://api.mercadopublico.cl/servicios/v1/Publico/Empresas/BuscarComprador?ticket=F8537A18-6766-4DEF-9E59-426B4FEE2844;https://www.dipres.gob.cl/597/w3-multipropertyvalues-15145-37782.html
PUB-CL-3FD7B79F0A60139CAE9E;Ilustre Municipalidad de Ñiquen;MUNICIPALIDAD DE NIQUEN;CHILECOMPRA_MERCADO_PUBLICO;134356;true;false;MUNICIPALITY;false;69140600-8;ENT-RUT-69140600-8;I MUNICIPALIDAD DE NIQUEN;EXACT_NORMALIZED_NAME_UNIQUE;HIGH;https://datos-abiertos.chilecompra.cl/organismos-compradores;https://api.mercadopublico.cl/servicios/v1/Publico/Empresas/BuscarComprador?ticket=F8537A18-6766-4DEF-9E59-426B4FEE2844;https://www.dipres.gob.cl/597/w3-multipropertyvalues-15145-37782.html
PUB-CL-81808B8CC364306652FC;MUNICIPALIDAD DE ALTO HOSPICIO;MUNICIPALIDAD DE ALTO HOSPICIO;CHILECOMPRA_MERCADO_PUBLICO;114923;true;false;MUNICIPALITY;false;69265100-6;ENT-RUT-69265100-6;MUNICIPALIDAD DE ALTO HOSPICIO;EXACT_NORMALIZED_NAME_UNIQUE;HIGH;https://datos-abiertos.chilecompra.cl/organismos-compradores;https://api.mercadopublico.cl/servicios/v1/Publico/Empresas/BuscarComprador?ticket=F8537A18-6766-4DEF-9E59-426B4FEE2844;https://www.dipres.gob.cl/597/w3-multipropertyvalues-15145-37782.html
PUB-CL-651B97901C1706D238FF;MUNICIPALIDAD DE CHOLCHOL;MUNICIPALIDAD DE CHOLCHOL;CHILECOMPRA_MERCADO_PUBLICO;165105;true;false;MUNICIPALITY;false;69265000-K;ENT-RUT-69265000-K;MUNICIPALIDAD DE CHOLCHOL;EXACT_NORMALIZED_NAME_UNIQUE;HIGH;https://datos-abiertos.chilecompra.cl/organismos-compradores;https://api.mercadopublico.cl/servicios/v1/Publico/Empresas/BuscarComprador?ticket=F8537A18-6766-4DEF-9E59-426B4FEE2844;https://www.dipres.gob.cl/597/w3-multipropertyvalues-15145-37782.html
PUB-CL-A67E9D63A5775C10440B;MUNICIPALIDAD DE CORRAL;MUNICIPALIDAD DE CORRAL;CHILECOMPRA_MERCADO_PUBLICO;119089;true;false;MUNICIPALITY;false;69200200-8;ENT-RUT-69200200-8;MUNICIPALIDAD DE CORRAL;EXACT_NORMALIZED_NAME_UNIQUE;HIGH;https://datos-abiertos.chilecompra.cl/organismos-compradores;https://api.mercadopublico.cl/servicios/v1/Publico/Empresas/BuscarComprador?ticket=F8537A18-6766-4DEF-9E59-426B4FEE2844;https://www.dipres.gob.cl/597/w3-multipropertyvalues-15145-37782.html
PUB-CL-E841D4506FB4F8A3196C;MUNICIPALIDAD DE HUALPEN;MUNICIPALIDAD DE HUALPEN;CHILECOMPRA_MERCADO_PUBLICO;123786;true;false;MUNICIPALITY;false;69264400-K;ENT-RUT-69264400-K;MUNICIPALIDAD DE HUALPEN;EXACT_NORMALIZED_NAME_UNIQUE;HIGH;https://datos-abiertos.chilecompra.cl/organismos-compradores;https://api.mercadopublico.cl/servicios/v1/Publico/Empresas/BuscarComprador?ticket=F8537A18-6766-4DEF-9E59-426B4FEE2844;https://www.dipres.gob.cl/597/w3-multipropertyvalues-15145-37782.html
PUB-CL-5F3D1938CC3BF4779432;MUNICIPALIDAD DE LOS ANDES;MUNICIPALIDAD DE LOS ANDES;CHILECOMPRA_MERCADO_PUBLICO;101002;true;false;MUNICIPALITY;false;69051100-2;ENT-RUT-69051100-2;MUNICIPALIDAD DE LOS ANDES;EXACT_NORMALIZED_NAME_UNIQUE;HIGH;https://datos-abiertos.chilecompra.cl/organismos-compradores;https://api.mercadopublico.cl/servicios/v1/Publico/Empresas/BuscarComprador?ticket=F8537A18-6766-4DEF-9E59-426B4FEE2844;https://www.dipres.gob.cl/597/w3-multipropertyvalues-15145-37782.html
PUB-CL-DF292B5C2B4E3C97A24E;MUNICIPALIDAD DE OVALLE;MUNICIPALIDAD DE OVALLE;CHILECOMPRA_MERCADO_PUBLICO;99860;true;false;MUNICIPALITY;false;69040700-0;ENT-RUT-69040700-0;MUNICIPALIDAD DE OVALLE;EXACT_NORMALIZED_NAME_UNIQUE;HIGH;https://datos-abiertos.chilecompra.cl/organismos-compradores;https://api.mercadopublico.cl/servicios/v1/Publico/Empresas/BuscarComprador?ticket=F8537A18-6766-4DEF-9E59-426B4FEE2844;https://www.dipres.gob.cl/597/w3-multipropertyvalues-15145-37782.html
PUB-CL-24B0C85BB1E67AB2FD65;MUNICIPALIDAD DE PEÑAFLOR;MUNICIPALIDAD DE PENAFLOR;CHILECOMPRA_MERCADO_PUBLICO;100137;true;false;MUNICIPALITY;false;69071700-K;ENT-RUT-69071700-K;I MUNICIPALIDAD DE PENAFLOR;EXACT_NORMALIZED_NAME_UNIQUE;HIGH;https://datos-abiertos.chilecompra.cl/organismos-compradores;https://api.mercadopublico.cl/servicios/v1/Publico/Empresas/BuscarComprador?ticket=F8537A18-6766-4DEF-9E59-426B4FEE2844;https://www.dipres.gob.cl/597/w3-multipropertyvalues-15145-37782.html
PUB-CL-99772690597B060DE6B5;MUNICIPALIDAD DE PUDAHUEL;MUNICIPALIDAD DE PUDAHUEL;CHILECOMPRA_MERCADO_PUBLICO;84149;true;false;MUNICIPALITY;false;69071100-1;ENT-RUT-69071100-1;I MUNICIPALIDAD DE PUDAHUEL;EXACT_NORMALIZED_NAME_UNIQUE;HIGH;https://datos-abiertos.chilecompra.cl/organismos-compradores;https://api.mercadopublico.cl/servicios/v1/Publico/Empresas/BuscarComprador?ticket=F8537A18-6766-4DEF-9E59-426B4FEE2844;https://www.dipres.gob.cl/597/w3-multipropertyvalues-15145-37782.html
PUB-CL-C0D9DBEEE05D1F84D780;MUNICIPALIDAD DE TRAIGUEN;MUNICIPALIDAD DE TRAIGUEN;CHILECOMPRA_MERCADO_PUBLICO;115163;true;false;MUNICIPALITY;false;69180700-2;ENT-RUT-69180700-2;I MUNICIPALIDAD DE TRAIGUEN;EXACT_NORMALIZED_NAME_UNIQUE;HIGH;https://datos-abiertos.chilecompra.cl/organismos-compradores;https://api.mercadopublico.cl/servicios/v1/Publico/Empresas/BuscarComprador?ticket=F8537A18-6766-4DEF-9E59-426B4FEE2844;https://www.dipres.gob.cl/597/w3-multipropertyvalues-15145-37782.html
PUB-CL-9F34E82C53BA463A35A5;Municipalidad de Gorbea;MUNICIPALIDAD DE GORBEA;CHILECOMPRA_MERCADO_PUBLICO;117586;true;false;MUNICIPALITY;false;69191200-0;ENT-RUT-69191200-0;I MUNICIPALIDAD DE GORBEA;EXACT_NORMALIZED_NAME_UNIQUE;HIGH;https://datos-abiertos.chilecompra.cl/organismos-compradores;https://api.mercadopublico.cl/servicios/v1/Publico/Empresas/BuscarComprador?ticket=F8537A18-6766-4DEF-9E59-426B4FEE2844;https://www.dipres.gob.cl/597/w3-multipropertyvalues-15145-37782.html
PUB-CL-9A08EFD3E890DB82F90F;Municipalidad de Huechuraba;MUNICIPALIDAD DE HUECHURABA;CHILECOMPRA_MERCADO_PUBLICO;100739;true;false;MUNICIPALITY;false;69255400-0;ENT-RUT-69255400-0;I MUNICIPALIDAD DE HUECHURABA;EXACT_NORMALIZED_NAME_UNIQUE;HIGH;https://datos-abiertos.chilecompra.cl/organismos-compradores;https://api.mercadopublico.cl/servicios/v1/Publico/Empresas/BuscarComprador?ticket=F8537A18-6766-4DEF-9E59-426B4FEE2844;https://www.dipres.gob.cl/597/w3-multipropertyvalues-15145-37782.html
PUB-CL-3D065793F54AB49831D6;ASOCIACION DE MUNICIPIOS METROPOLITANOS PARA LA SEGURIDAD CIUDADANA;ASOCIACION DE MUNICIPIOS METROPOLITANOS PARA LA SEGURIDAD CIUDADANA;CHILECOMPRA_MERCADO_PUBLICO;1824441;true;false;OTHER_PUBLIC_BUYER;false;65165009-7;ENT-RUT-65165009-7;ASOCIACION DE MUNICIPIOS METROPOLITANOS PARA LA SEGURIDAD CIUDADANA;EXACT_NORMALIZED_NAME_UNIQUE;HIGH;https://datos-abiertos.chilecompra.cl/organismos-compradores;https://api.mercadopublico.cl/servicios/v1/Publico/Empresas/BuscarComprador?ticket=F8537A18-6766-4DEF-9E59-426B4FEE2844;https://www.dipres.gob.cl/597/w3-multipropertyvalues-15145-37782.html
PUB-CL-BE766653F61C5124722C;Asociación para el desarrollo productivo del turismo Alto del Carmen;ASOCIACION PARA EL DESARROLLO PRODUCTIVO DEL TURISMO ALTO DEL CARMEN;CHILECOMPRA_MERCADO_PUBLICO;1806837;true;false;OTHER_PUBLIC_BUYER;false;;;;NO_RUT_MATCH;UNMATCHED;https://datos-abiertos.chilecompra.cl/organismos-compradores;https://api.mercadopublico.cl/servicios/v1/Publico/Empresas/BuscarComprador?ticket=F8537A18-6766-4DEF-9E59-426B4FEE2844;https://www.dipres.gob.cl/597/w3-multipropertyvalues-15145-37782.html
PUB-CL-69B991E691F9614A8D98;Biblioteca del Congreso Nacional;BIBLIOTECA DEL CONGRESO NACIONAL;CHILECOMPRA_MERCADO_PUBLICO;7265;true;false;OTHER_PUBLIC_BUYER;false;60203000-8;ENT-RUT-60203000-8;BIBLIOTECA DEL CONGRESO NACIONAL;EXACT_NORMALIZED_NAME_UNIQUE;HIGH;https://datos-abiertos.chilecompra.cl/organismos-compradores;https://api.mercadopublico.cl/servicios/v1/Publico/Empresas/BuscarComprador?ticket=F8537A18-6766-4DEF-9E59-426B4FEE2844;https://www.dipres.gob.cl/597/w3-multipropertyvalues-15145-37782.html
PUB-CL-E37754E63B5F43309385;Bienestar del Registro Civil;BIENESTAR DEL REGISTRO CIVIL;CHILECOMPRA_MERCADO_PUBLICO;7038;true;false;OTHER_PUBLIC_BUYER;false;;;;NO_RUT_MATCH;UNMATCHED;https://datos-abiertos.chilecompra.cl/organismos-compradores;https://api.mercadopublico.cl/servicios/v1/Publico/Empresas/BuscarComprador?ticket=F8537A18-6766-4DEF-9E59-426B4FEE2844;https://www.dipres.gob.cl/597/w3-multipropertyvalues-15145-37782.html
PUB-CL-ED362B0CE0CC337F08E4;C.D.T. Doctora Eloisa Díaz;C D T DOCTORA ELOISA DIAZ;CHILECOMPRA_MERCADO_PUBLICO;7313;true;false;OTHER_PUBLIC_BUYER;false;;;;NO_RUT_MATCH;UNMATCHED;https://datos-abiertos.chilecompra.cl/organismos-compradores;https://api.mercadopublico.cl/servicios/v1/Publico/Empresas/BuscarComprador?ticket=F8537A18-6766-4DEF-9E59-426B4FEE2844;https://www.dipres.gob.cl/597/w3-multipropertyvalues-15145-37782.html
PUB-CL-E22923AF00BBA3DED49E;CAJA DE PREVISION DE LA DEFENSA NACIONAL;CAJA DE PREVISION DE LA DEFENSA NACIONAL;CHILECOMPRA_MERCADO_PUBLICO;7175;true;false;OTHER_PUBLIC_BUYER;false;;;;NO_RUT_MATCH;UNMATCHED;https://datos-abiertos.chilecompra.cl/organismos-compradores;https://api.mercadopublico.cl/servicios/v1/Publico/Empresas/BuscarComprador?ticket=F8537A18-6766-4DEF-9E59-426B4FEE2844;https://www.dipres.gob.cl/597/w3-multipropertyvalues-15145-37782.html
PUB-CL-FB4FEAA455819430D491;CENTRAL DE ABASTECIMIENTO DEL SISTEMA NACIONAL DE SERVICIO DE SALUD;CENTRAL DE ABASTECIMIENTO DEL SISTEMA NACIONAL DE SERVICIO DE SALUD;CHILECOMPRA_MERCADO_PUBLICO;6957;true;false;OTHER_PUBLIC_BUYER;false;61608700-2;ENT-RUT-61608700-2;CENTRAL DE ABASTECIMIENTO DEL SISTEMA NACIONAL DE SERVICIO DE SALUD;EXACT_NORMALIZED_NAME_UNIQUE;HIGH;https://datos-abiertos.chilecompra.cl/organismos-compradores;https://api.mercadopublico.cl/servicios/v1/Publico/Empresas/BuscarComprador?ticket=F8537A18-6766-4DEF-9E59-426B4FEE2844;https://www.dipres.gob.cl/597/w3-multipropertyvalues-15145-37782.html
PUB-CL-4DF3A2278C1A19567A89;CENTRO ASISTENCIAL NORTE DE ANTOFAGASTA;CENTRO ASISTENCIAL NORTE DE ANTOFAGASTA;CHILECOMPRA_MERCADO_PUBLICO;1339711;true;false;OTHER_PUBLIC_BUYER;false;61980050-8;ENT-RUT-61980050-8;CENTRO ASISTENCIAL NORTE DE ANTOFAGASTA;EXACT_NORMALIZED_NAME_UNIQUE;HIGH;https://datos-abiertos.chilecompra.cl/organismos-compradores;https://api.mercadopublico.cl/servicios/v1/Publico/Empresas/BuscarComprador?ticket=F8537A18-6766-4DEF-9E59-426B4FEE2844;https://www.dipres.gob.cl/597/w3-multipropertyvalues-15145-37782.html
PUB-CL-09B7938A74387A186080;CENTRO DE FORMACION TECNICA DE LA REGION DE ATACAMA;CENTRO DE FORMACION TECNICA DE LA REGION DE ATACAMA;CHILECOMPRA_MERCADO_PUBLICO;1741046;true;false;OTHER_PUBLIC_BUYER;false;;;;NO_RUT_MATCH;UNMATCHED;https://datos-abiertos.chilecompra.cl/organismos-compradores;https://api.mercadopublico.cl/servicios/v1/Publico/Empresas/BuscarComprador?ticket=F8537A18-6766-4DEF-9E59-426B4FEE2844;https://www.dipres.gob.cl/597/w3-multipropertyvalues-15145-37782.html
PUB-CL-E0DD835BA82A94CAAD30;CENTRO DE INFORMACION DE RECURSOS NATURALES;CENTRO DE INFORMACION DE RECURSOS NATURALES;CHILECOMPRA_MERCADO_PUBLICO;7380;true;false;OTHER_PUBLIC_BUYER;false;71294800-0;ENT-RUT-71294800-0;CENTRO DE INFORMACION DE RECURSOS NATURALES;EXACT_NORMALIZED_NAME_UNIQUE;HIGH;https://datos-abiertos.chilecompra.cl/organismos-compradores;https://api.mercadopublico.cl/servicios/v1/Publico/Empresas/BuscarComprador?ticket=F8537A18-6766-4DEF-9E59-426B4FEE2844;https://www.dipres.gob.cl/597/w3-multipropertyvalues-15145-37782.html
PUB-CL-B6E0FA7AD3F2504CD197;CENTRO DE REFERENCIA DE SALUD DE MAIPU;CENTRO DE REFERENCIA DE SALUD DE MAIPU;CHILECOMPRA_MERCADO_PUBLICO;7317;true;false;OTHER_PUBLIC_BUYER;false;65061030-K;ENT-RUT-65061030-K;CENTRO DE REFERENCIA DE SALUD DE MAIPU;EXACT_NORMALIZED_NAME_UNIQUE;HIGH;https://datos-abiertos.chilecompra.cl/organismos-compradores;https://api.mercadopublico.cl/servicios/v1/Publico/Empresas/BuscarComprador?ticket=F8537A18-6766-4DEF-9E59-426B4FEE2844;https://www.dipres.gob.cl/597/w3-multipropertyvalues-15145-37782.html
PUB-CL-704F550486B0B2C1FD1D;CENTRO DE REFERENCIA DE SALUD DE PENALOLEN CORDILLERA ORIENTE;CENTRO DE REFERENCIA DE SALUD DE PENALOLEN CORDILLERA ORIENTE;CHILECOMPRA_MERCADO_PUBLICO;7136;true;false;OTHER_PUBLIC_BUYER;false;;;;NO_RUT_MATCH;UNMATCHED;https://datos-abiertos.chilecompra.cl/organismos-compradores;https://api.mercadopublico.cl/servicios/v1/Publico/Empresas/BuscarComprador?ticket=F8537A18-6766-4DEF-9E59-426B4FEE2844;https://www.dipres.gob.cl/597/w3-multipropertyvalues-15145-37782.html
PUB-CL-8B4532789B494B09007D;CENTRO REFERENCIAL DE SALUD DR SALVADOR ALLENDE GOSSENS;CENTRO REFERENCIAL DE SALUD DR SALVADOR ALLENDE GOSSENS;CHILECOMPRA_MERCADO_PUBLICO;7373;true;false;OTHER_PUBLIC_BUYER;false;61933400-0;ENT-RUT-61933400-0;CENTRO REFERENCIAL DE SALUD DR SALVADOR ALLENDE GOSSENS;EXACT_NORMALIZED_NAME_UNIQUE;HIGH;https://datos-abiertos.chilecompra.cl/organismos-compradores;https://api.mercadopublico.cl/servicios/v1/Publico/Empresas/BuscarComprador?ticket=F8537A18-6766-4DEF-9E59-426B4FEE2844;https://www.dipres.gob.cl/597/w3-multipropertyvalues-15145-37782.html
PUB-CL-1F71335320F20231E63E;COMISION ADMINISTRADORA DEL SISTEMA DE CREDITOS P. ESTUDIOS SUPERIORES;COMISION ADMINISTRADORA DEL SISTEMA DE CREDITOS P ESTUDIOS SUPERIORES;CHILECOMPRA_MERCADO_PUBLICO;192032;true;false;OTHER_PUBLIC_BUYER;false;65613130-6;ENT-RUT-65613130-6;COMISION ADMINISTRADORA DEL SISTEMA DE CREDITOS P. ESTUDIOS SUPERIORES;EXACT_NORMALIZED_NAME_UNIQUE;HIGH;https://datos-abiertos.chilecompra.cl/organismos-compradores;https://api.mercadopublico.cl/servicios/v1/Publico/Empresas/BuscarComprador?ticket=F8537A18-6766-4DEF-9E59-426B4FEE2844;https://www.dipres.gob.cl/597/w3-multipropertyvalues-15145-37782.html
PUB-CL-8E1DA4BF877D2093C9BA;COMISION NACIONAL DE ACREDITACION;COMISION NACIONAL DE ACREDITACION;CHILECOMPRA_MERCADO_PUBLICO;262897;true;false;OTHER_PUBLIC_BUYER;false;61978810-9;ENT-RUT-61978810-9;COMISION NACIONAL DE ACREDITACION;EXACT_NORMALIZED_NAME_UNIQUE;HIGH;https://datos-abiertos.chilecompra.cl/organismos-compradores;https://api.mercadopublico.cl/servicios/v1/Publico/Empresas/BuscarComprador?ticket=F8537A18-6766-4DEF-9E59-426B4FEE2844;https://www.dipres.gob.cl/597/w3-multipropertyvalues-15145-37782.html
PUB-CL-4F78A03A5E4C166851F6;COMISION NACIONAL DE RIEGO;COMISION NACIONAL DE RIEGO;CHILECOMPRA_MERCADO_PUBLICO;7186;true;false;OTHER_PUBLIC_BUYER;false;60718000-8;ENT-RUT-60718000-8;COMISION NACIONAL DE RIEGO;EXACT_NORMALIZED_NAME_UNIQUE;HIGH;https://datos-abiertos.chilecompra.cl/organismos-compradores;https://api.mercadopublico.cl/servicios/v1/Publico/Empresas/BuscarComprador?ticket=F8537A18-6766-4DEF-9E59-426B4FEE2844;https://www.dipres.gob.cl/597/w3-multipropertyvalues-15145-37782.html
PUB-CL-D5E72A354B3C96DB5518;COMPLEJO ASISTENCIAL DR. SOTERO DEL RIO;COMPLEJO ASISTENCIAL DR SOTERO DEL RIO;CHILECOMPRA_MERCADO_PUBLICO;7320;true;false;OTHER_PUBLIC_BUYER;false;61608502-6;ENT-RUT-61608502-6;COMPLEJO ASISTENCIAL DR. SOTERO DEL RIO;EXACT_NORMALIZED_NAME_UNIQUE;HIGH;https://datos-abiertos.chilecompra.cl/organismos-compradores;https://api.mercadopublico.cl/servicios/v1/Publico/Empresas/BuscarComprador?ticket=F8537A18-6766-4DEF-9E59-426B4FEE2844;https://www.dipres.gob.cl/597/w3-multipropertyvalues-15145-37782.html
PUB-CL-62FEEDD393344DF170E8;COMPLEJO ASISTENCIAL DR.VICTOR RIOS RUIZ;COMPLEJO ASISTENCIAL DR VICTOR RIOS RUIZ;CHILECOMPRA_MERCADO_PUBLICO;7375;true;false;OTHER_PUBLIC_BUYER;false;61607301-K;ENT-RUT-61607301-K;COMPLEJO ASISTENCIAL DR.VICTOR RIOS RUIZ;EXACT_NORMALIZED_NAME_UNIQUE;HIGH;https://datos-abiertos.chilecompra.cl/organismos-compradores;https://api.mercadopublico.cl/servicios/v1/Publico/Empresas/BuscarComprador?ticket=F8537A18-6766-4DEF-9E59-426B4FEE2844;https://www.dipres.gob.cl/597/w3-multipropertyvalues-15145-37782.html
PUB-CL-CDDA6E1B7FCB371CBF9E;CONGREGACIÓN HIJAS DE SANTA MARIA DE LA PROVIDENCIA;CONGREGACION HIJAS DE SANTA MARIA DE LA PROVIDENCIA;CHILECOMPRA_MERCADO_PUBLICO;1090137;true;false;OTHER_PUBLIC_BUYER;false;70655808-K;ENT-RUT-70655808-K;CONGREGACION HIJAS DE SANTA MARIA DE LA PROVIDENCIA;EXACT_NORMALIZED_NAME_UNIQUE;HIGH;https://datos-abiertos.chilecompra.cl/organismos-compradores;https://api.mercadopublico.cl/servicios/v1/Publico/Empresas/BuscarComprador?ticket=F8537A18-6766-4DEF-9E59-426B4FEE2844;https://www.dipres.gob.cl/597/w3-multipropertyvalues-15145-37782.html
PUB-CL-7E7BFA7598DE052A681F;CONSEJO FISCAL AUTONOMO;CONSEJO FISCAL AUTONOMO;CHILECOMPRA_MERCADO_PUBLICO;1692048;true;false;OTHER_PUBLIC_BUYER;false;62000700-5;ENT-RUT-62000700-5;CONSEJO FISCAL AUTÓNOMO;EXACT_NORMALIZED_NAME_UNIQUE;HIGH;https://datos-abiertos.chilecompra.cl/organismos-compradores;https://api.mercadopublico.cl/servicios/v1/Publico/Empresas/BuscarComprador?ticket=F8537A18-6766-4DEF-9E59-426B4FEE2844;https://www.dipres.gob.cl/597/w3-multipropertyvalues-15145-37782.html
PUB-CL-7968B2C11E9ABF5A920F;CONSEJO NACIONAL DE EDUCACION;CONSEJO NACIONAL DE EDUCACION;CHILECOMPRA_MERCADO_PUBLICO;7082;true;false;OTHER_PUBLIC_BUYER;false;60930000-0;ENT-RUT-60930000-0;CONSEJO NACIONAL DE EDUCACION;EXACT_NORMALIZED_NAME_UNIQUE;HIGH;https://datos-abiertos.chilecompra.cl/organismos-compradores;https://api.mercadopublico.cl/servicios/v1/Publico/Empresas/BuscarComprador?ticket=F8537A18-6766-4DEF-9E59-426B4FEE2844;https://www.dipres.gob.cl/597/w3-multipropertyvalues-15145-37782.html
PUB-CL-5F678713F3B6CF28146C;CONSEJO PARA LA TRANSPARENCIA;CONSEJO PARA LA TRANSPARENCIA;CHILECOMPRA_MERCADO_PUBLICO;1060064;true;false;OTHER_PUBLIC_BUYER;false;61979430-3;ENT-RUT-61979430-3;CONSEJO PARA LA TRANSPARENCIA;EXACT_NORMALIZED_NAME_UNIQUE;HIGH;https://datos-abiertos.chilecompra.cl/organismos-compradores;https://api.mercadopublico.cl/servicios/v1/Publico/Empresas/BuscarComprador?ticket=F8537A18-6766-4DEF-9E59-426B4FEE2844;https://www.dipres.gob.cl/597/w3-multipropertyvalues-15145-37782.html
PUB-CL-091E94F0A4EFD966EC2B;CONTRALORIA GENERAL DE LA REPUBLICA;CONTRALORIA GENERAL DE LA REPUBLICA;CHILECOMPRA_MERCADO_PUBLICO;7231;true;false;OTHER_PUBLIC_BUYER;false;60400000-9;ENT-RUT-60400000-9;CONTRALORIA GENERAL DE LA REPUBLICA;EXACT_NORMALIZED_NAME_UNIQUE;HIGH;https://datos-abiertos.chilecompra.cl/organismos-compradores;https://api.mercadopublico.cl/servicios/v1/Publico/Empresas/BuscarComprador?ticket=F8537A18-6766-4DEF-9E59-426B4FEE2844;https://www.dipres.gob.cl/597/w3-multipropertyvalues-15145-37782.html
PUB-CL-2A737B536A566D9783A3;CORP ADMINISTRATIVA DEL PODER JUDICIAL;CORP ADMINISTRATIVA DEL PODER JUDICIAL;CHILECOMPRA_MERCADO_PUBLICO;7342;true;false;OTHER_PUBLIC_BUYER;false;60301001-9;ENT-RUT-60301001-9;CORP ADMINISTRATIVA DEL PODER JUDICIAL;EXACT_NORMALIZED_NAME_UNIQUE;HIGH;https://datos-abiertos.chilecompra.cl/organismos-compradores;https://api.mercadopublico.cl/servicios/v1/Publico/Empresas/BuscarComprador?ticket=F8537A18-6766-4DEF-9E59-426B4FEE2844;https://www.dipres.gob.cl/597/w3-multipropertyvalues-15145-37782.html
PUB-CL-9D195281844B8C087F32;CORP CULTURAL DE OSORNO;CORP CULTURAL DE OSORNO;CHILECOMPRA_MERCADO_PUBLICO;1812443;true;false;OTHER_PUBLIC_BUYER;false;65137070-1;ENT-RUT-65137070-1;CORP CULTURAL DE OSORNO;EXACT_NORMALIZED_NAME_UNIQUE;HIGH;https://datos-abiertos.chilecompra.cl/organismos-compradores;https://api.mercadopublico.cl/servicios/v1/Publico/Empresas/BuscarComprador?ticket=F8537A18-6766-4DEF-9E59-426B4FEE2844;https://www.dipres.gob.cl/597/w3-multipropertyvalues-15145-37782.html
PUB-CL-81E2564129F0CC9C5A4A;CORP DE ASISTENCIA JUDICIAL DE LA REGION DE VALPARAISO;CORP DE ASISTENCIA JUDICIAL DE LA REGION DE VALPARAISO;CHILECOMPRA_MERCADO_PUBLICO;7235;true;false;OTHER_PUBLIC_BUYER;false;70816800-9;ENT-RUT-70816800-9;CORP DE ASISTENCIA JUDICIAL DE LA REGION DE VALPARAISO;EXACT_NORMALIZED_NAME_UNIQUE;HIGH;https://datos-abiertos.chilecompra.cl/organismos-compradores;https://api.mercadopublico.cl/servicios/v1/Publico/Empresas/BuscarComprador?ticket=F8537A18-6766-4DEF-9E59-426B4FEE2844;https://www.dipres.gob.cl/597/w3-multipropertyvalues-15145-37782.html
PUB-CL-A7DACC4EB2CBF24AD4C2;CORP DE ASISTENCIA JUDICIAL DE LAS REG T;CORP DE ASISTENCIA JUDICIAL DE LAS REG T;CHILECOMPRA_MERCADO_PUBLICO;272303;true;false;OTHER_PUBLIC_BUYER;false;60318000-3;ENT-RUT-60318000-3;CORP DE ASISTENCIA JUDICIAL DE LAS REG T;EXACT_NORMALIZED_NAME_UNIQUE;HIGH;https://datos-abiertos.chilecompra.cl/organismos-compradores;https://api.mercadopublico.cl/servicios/v1/Publico/Empresas/BuscarComprador?ticket=F8537A18-6766-4DEF-9E59-426B4FEE2844;https://www.dipres.gob.cl/597/w3-multipropertyvalues-15145-37782.html
PUB-CL-3CD145213B582216A12D;CORP MUNICIP ANCUD PARA LA EDUCAC SALUD;CORP MUNICIP ANCUD PARA LA EDUCAC SALUD;CHILECOMPRA_MERCADO_PUBLICO;1812422;true;false;OTHER_PUBLIC_BUYER;false;71420700-8;ENT-RUT-71420700-8;CORP MUNICIP ANCUD PARA LA EDUCAC SALUD;EXACT_NORMALIZED_NAME_UNIQUE;HIGH;https://datos-abiertos.chilecompra.cl/organismos-compradores;https://api.mercadopublico.cl/servicios/v1/Publico/Empresas/BuscarComprador?ticket=F8537A18-6766-4DEF-9E59-426B4FEE2844;https://www.dipres.gob.cl/597/w3-multipropertyvalues-15145-37782.html
PUB-CL-1C7F6ABC3DF521EE2989;CORP MUNICIPAL DE CASTRO PARA LA EDUCACION SALUD Y ATENCION AL MENOR;CORP MUNICIPAL DE CASTRO PARA LA EDUCACION SALUD Y ATENCION AL MENOR;CHILECOMPRA_MERCADO_PUBLICO;1088974;true;false;OTHER_PUBLIC_BUYER;false;71149700-5;ENT-RUT-71149700-5;CORP MUNICIPAL DE CASTRO PARA LA EDUCACION SALUD Y ATENCION AL MENOR;EXACT_NORMALIZED_NAME_UNIQUE;HIGH;https://datos-abiertos.chilecompra.cl/organismos-compradores;https://api.mercadopublico.cl/servicios/v1/Publico/Empresas/BuscarComprador?ticket=F8537A18-6766-4DEF-9E59-426B4FEE2844;https://www.dipres.gob.cl/597/w3-multipropertyvalues-15145-37782.html
PUB-CL-9E7EA2C7F54DBD1450A3;CORP MUNICIPAL DE DESARROLLO SOCIAL DE CALERA DE TANGO;CORP MUNICIPAL DE DESARROLLO SOCIAL DE CALERA DE TANGO;CHILECOMPRA_MERCADO_PUBLICO;1812146;true;false;OTHER_PUBLIC_BUYER;false;70993200-4;ENT-RUT-70993200-4;CORP MUNICIPAL DE DESARROLLO SOCIAL DE CALERA DE TANGO;EXACT_NORMALIZED_NAME_UNIQUE;HIGH;https://datos-abiertos.chilecompra.cl/organismos-compradores;https://api.mercadopublico.cl/servicios/v1/Publico/Empresas/BuscarComprador?ticket=F8537A18-6766-4DEF-9E59-426B4FEE2844;https://www.dipres.gob.cl/597/w3-multipropertyvalues-15145-37782.html
PUB-CL-5199620404EBD73BBEBA;CORP MUNICIPAL DE DESARROLLO SOCIAL DE NUNOA;CORP MUNICIPAL DE DESARROLLO SOCIAL DE NUNOA;CHILECOMPRA_MERCADO_PUBLICO;1812426;true;false;OTHER_PUBLIC_BUYER;false;70932800-K;ENT-RUT-70932800-K;CORP MUNICIPAL DE DESARROLLO SOCIAL DE NUNOA;EXACT_NORMALIZED_NAME_UNIQUE;HIGH;https://datos-abiertos.chilecompra.cl/organismos-compradores;https://api.mercadopublico.cl/servicios/v1/Publico/Empresas/BuscarComprador?ticket=F8537A18-6766-4DEF-9E59-426B4FEE2844;https://www.dipres.gob.cl/597/w3-multipropertyvalues-15145-37782.html
PUB-CL-2C8E71C0B72E8A432555;CORP MUNICIPAL DE DESARROLLO SOCIAL DE POZO ALMONTE;CORP MUNICIPAL DE DESARROLLO SOCIAL DE POZO ALMONTE;CHILECOMPRA_MERCADO_PUBLICO;1800776;true;false;OTHER_PUBLIC_BUYER;false;71497400-9;ENT-RUT-71497400-9;CORP MUNICIPAL DE DESARROLLO SOCIAL DE POZO ALMONTE;EXACT_NORMALIZED_NAME_UNIQUE;HIGH;https://datos-abiertos.chilecompra.cl/organismos-compradores;https://api.mercadopublico.cl/servicios/v1/Publico/Empresas/BuscarComprador?ticket=F8537A18-6766-4DEF-9E59-426B4FEE2844;https://www.dipres.gob.cl/597/w3-multipropertyvalues-15145-37782.html
PUB-CL-22C5525E8CE206744BBC;CORP MUNICIPAL DE EDUC SALUD CULTURA Y RECREACION DE LA FLORIDA;CORP MUNICIPAL DE EDUC SALUD CULTURA Y RECREACION DE LA FLORIDA;CHILECOMPRA_MERCADO_PUBLICO;7105;true;false;OTHER_PUBLIC_BUYER;false;70933700-9;ENT-RUT-70933700-9;CORP MUNICIPAL DE EDUC SALUD CULTURA Y RECREACION DE LA FLORIDA;EXACT_NORMALIZED_NAME_UNIQUE;HIGH;https://datos-abiertos.chilecompra.cl/organismos-compradores;https://api.mercadopublico.cl/servicios/v1/Publico/Empresas/BuscarComprador?ticket=F8537A18-6766-4DEF-9E59-426B4FEE2844;https://www.dipres.gob.cl/597/w3-multipropertyvalues-15145-37782.html
PUB-CL-3ECE2D4D4EA7C008CFE2;CORP MUNICIPAL DE EDUCACION Y SAL;CORP MUNICIPAL DE EDUCACION Y SAL;CHILECOMPRA_MERCADO_PUBLICO;1800773;true;false;OTHER_PUBLIC_BUYER;false;70880300-6;ENT-RUT-70880300-6;CORP MUNICIPAL DE EDUCACION Y SAL;EXACT_NORMALIZED_NAME_UNIQUE;HIGH;https://datos-abiertos.chilecompra.cl/organismos-compradores;https://api.mercadopublico.cl/servicios/v1/Publico/Empresas/BuscarComprador?ticket=F8537A18-6766-4DEF-9E59-426B4FEE2844;https://www.dipres.gob.cl/597/w3-multipropertyvalues-15145-37782.html
PUB-CL-3F50068C4F1F08008758;CORP MUNICIPAL DE PANGUIPULLI;CORP MUNICIPAL DE PANGUIPULLI;CHILECOMPRA_MERCADO_PUBLICO;7483;true;false;OTHER_PUBLIC_BUYER;false;71016300-6;ENT-RUT-71016300-6;CORP MUNICIPAL DE PANGUIPULLI;EXACT_NORMALIZED_NAME_UNIQUE;HIGH;https://datos-abiertos.chilecompra.cl/organismos-compradores;https://api.mercadopublico.cl/servicios/v1/Publico/Empresas/BuscarComprador?ticket=F8537A18-6766-4DEF-9E59-426B4FEE2844;https://www.dipres.gob.cl/597/w3-multipropertyvalues-15145-37782.html
PUB-CL-5282725AE4CC4524A240;CORP MUNICIPAL DE SERVICIOS Y DESARROLLO;CORP MUNICIPAL DE SERVICIOS Y DESARROLLO;CHILECOMPRA_MERCADO_PUBLICO;1035946;true;false;OTHER_PUBLIC_BUYER;false;71309800-0;ENT-RUT-71309800-0;CORP MUNICIPAL DE SERVICIOS Y DESARROLLO;EXACT_NORMALIZED_NAME_UNIQUE;HIGH;https://datos-abiertos.chilecompra.cl/organismos-compradores;https://api.mercadopublico.cl/servicios/v1/Publico/Empresas/BuscarComprador?ticket=F8537A18-6766-4DEF-9E59-426B4FEE2844;https://www.dipres.gob.cl/597/w3-multipropertyvalues-15145-37782.html
PUB-CL-F9A10846ECEBBE1E1146;CORP NACIONAL DE DESARROLLO INDIGENA;CORP NACIONAL DE DESARROLLO INDIGENA;CHILECOMPRA_MERCADO_PUBLICO;7183;true;false;OTHER_PUBLIC_BUYER;false;;;;NO_RUT_MATCH;UNMATCHED;https://datos-abiertos.chilecompra.cl/organismos-compradores;https://api.mercadopublico.cl/servicios/v1/Publico/Empresas/BuscarComprador?ticket=F8537A18-6766-4DEF-9E59-426B4FEE2844;https://www.dipres.gob.cl/597/w3-multipropertyvalues-15145-37782.html
PUB-CL-F84FA47BFE0343155644;CORP NACIONAL FORESTAL;CORP NACIONAL FORESTAL;CHILECOMPRA_MERCADO_PUBLICO;6924;true;false;OTHER_PUBLIC_BUYER;false;;;;NO_RUT_MATCH;UNMATCHED;https://datos-abiertos.chilecompra.cl/organismos-compradores;https://api.mercadopublico.cl/servicios/v1/Publico/Empresas/BuscarComprador?ticket=F8537A18-6766-4DEF-9E59-426B4FEE2844;https://www.dipres.gob.cl/597/w3-multipropertyvalues-15145-37782.html
PUB-CL-2D2B2F82F1C5AA41FBC1;CORPORACION ALDEA DEL ENCUENTRO DE LA REINA;CORPORACION ALDEA DEL ENCUENTRO DE LA REINA;CHILECOMPRA_MERCADO_PUBLICO;1824379;true;false;OTHER_PUBLIC_BUYER;false;;;;NO_RUT_MATCH;UNMATCHED;https://datos-abiertos.chilecompra.cl/organismos-compradores;https://api.mercadopublico.cl/servicios/v1/Publico/Empresas/BuscarComprador?ticket=F8537A18-6766-4DEF-9E59-426B4FEE2844;https://www.dipres.gob.cl/597/w3-multipropertyvalues-15145-37782.html
PUB-CL-64AAF01B52C5F96611C4;CORPORACION CULTURAL DE LA REINA;CORPORACION CULTURAL DE LA REINA;CHILECOMPRA_MERCADO_PUBLICO;1824375;true;false;OTHER_PUBLIC_BUYER;false;;;;NO_RUT_MATCH;UNMATCHED;https://datos-abiertos.chilecompra.cl/organismos-compradores;https://api.mercadopublico.cl/servicios/v1/Publico/Empresas/BuscarComprador?ticket=F8537A18-6766-4DEF-9E59-426B4FEE2844;https://www.dipres.gob.cl/597/w3-multipropertyvalues-15145-37782.html
PUB-CL-9DB6FA3F863E67763CD1;CORPORACION CULTURAL DE PENALOLEN;CORPORACION CULTURAL DE PENALOLEN;CHILECOMPRA_MERCADO_PUBLICO;1814748;true;false;OTHER_PUBLIC_BUYER;false;72256100-7;ENT-RUT-72256100-7;CORPORACION CULTURAL DE PENALOLEN;EXACT_NORMALIZED_NAME_UNIQUE;HIGH;https://datos-abiertos.chilecompra.cl/organismos-compradores;https://api.mercadopublico.cl/servicios/v1/Publico/Empresas/BuscarComprador?ticket=F8537A18-6766-4DEF-9E59-426B4FEE2844;https://www.dipres.gob.cl/597/w3-multipropertyvalues-15145-37782.html
PUB-CL-C1E9F891FFA24BD34A9A;CORPORACION CULTURAL MUNICIPAL DE ANCUD;CORPORACION CULTURAL MUNICIPAL DE ANCUD;CHILECOMPRA_MERCADO_PUBLICO;1823674;true;false;OTHER_PUBLIC_BUYER;false;;;;NO_RUT_MATCH;UNMATCHED;https://datos-abiertos.chilecompra.cl/organismos-compradores;https://api.mercadopublico.cl/servicios/v1/Publico/Empresas/BuscarComprador?ticket=F8537A18-6766-4DEF-9E59-426B4FEE2844;https://www.dipres.gob.cl/597/w3-multipropertyvalues-15145-37782.html
PUB-CL-2C6EABD3A8881EE158E8;CORPORACION DE ASISTENCIA JUDICIAL DE LA REGION DEL BIO BIO;CORPORACION DE ASISTENCIA JUDICIAL DE LA REGION DEL BIO BIO;CHILECOMPRA_MERCADO_PUBLICO;7354;true;false;OTHER_PUBLIC_BUYER;false;70816700-2;ENT-RUT-70816700-2;CORPORACION DE ASISTENCIA JUDICIAL DE LA REGION DEL BIO BIO;EXACT_NORMALIZED_NAME_UNIQUE;HIGH;https://datos-abiertos.chilecompra.cl/organismos-compradores;https://api.mercadopublico.cl/servicios/v1/Publico/Empresas/BuscarComprador?ticket=F8537A18-6766-4DEF-9E59-426B4FEE2844;https://www.dipres.gob.cl/597/w3-multipropertyvalues-15145-37782.html
PUB-CL-4911865513B1F6A5E7D3;CORPORACION DE FOMENTO DE LA PRODUCCION;CORPORACION DE FOMENTO DE LA PRODUCCION;CHILECOMPRA_MERCADO_PUBLICO;6942;true;false;OTHER_PUBLIC_BUYER;false;60706000-2;ENT-RUT-60706000-2;CORPORACION DE FOMENTO DE LA PRODUCCION;EXACT_NORMALIZED_NAME_UNIQUE;HIGH;https://datos-abiertos.chilecompra.cl/organismos-compradores;https://api.mercadopublico.cl/servicios/v1/Publico/Empresas/BuscarComprador?ticket=F8537A18-6766-4DEF-9E59-426B4FEE2844;https://www.dipres.gob.cl/597/w3-multipropertyvalues-15145-37782.html
PUB-CL-37809A9837936BFF2AE8;CORPORACION MUNICIPAL  DE DEPORTES  DE SAN CLEMENTE;CORPORACION MUNICIPAL DE DEPORTES DE SAN CLEMENTE;CHILECOMPRA_MERCADO_PUBLICO;1821972;true;false;OTHER_PUBLIC_BUYER;false;65145951-6;ENT-RUT-65145951-6;CORPORACION MUNICIPAL  DE DEPORTES  DE SAN CLEMENTE;EXACT_NORMALIZED_NAME_UNIQUE;HIGH;https://datos-abiertos.chilecompra.cl/organismos-compradores;https://api.mercadopublico.cl/servicios/v1/Publico/Empresas/BuscarComprador?ticket=F8537A18-6766-4DEF-9E59-426B4FEE2844;https://www.dipres.gob.cl/597/w3-multipropertyvalues-15145-37782.html
PUB-CL-74254F9F78476FF0038F;CORPORACION MUNICIPAL CLUB DE LA REINA SOCIAL DEPORTIVO Y RECREACIONAL;CORPORACION MUNICIPAL CLUB DE LA REINA SOCIAL DEPORTIVO Y RECREACIONAL;CHILECOMPRA_MERCADO_PUBLICO;1824396;true;false;OTHER_PUBLIC_BUYER;false;;;;NO_RUT_MATCH;UNMATCHED;https://datos-abiertos.chilecompra.cl/organismos-compradores;https://api.mercadopublico.cl/servicios/v1/Publico/Empresas/BuscarComprador?ticket=F8537A18-6766-4DEF-9E59-426B4FEE2844;https://www.dipres.gob.cl/597/w3-multipropertyvalues-15145-37782.html
PUB-CL-CBEEE40885ABD0064D7B;CORPORACION MUNICIPAL DE CULTURA DE SAN JOAQUIN;CORPORACION MUNICIPAL DE CULTURA DE SAN JOAQUIN;CHILECOMPRA_MERCADO_PUBLICO;1806860;true;false;OTHER_PUBLIC_BUYER;false;65762710-0;ENT-RUT-65762710-0;CORPORACION MUNICIPAL DE CULTURA DE SAN JOAQUIN;EXACT_NORMALIZED_NAME_UNIQUE;HIGH;https://datos-abiertos.chilecompra.cl/organismos-compradores;https://api.mercadopublico.cl/servicios/v1/Publico/Empresas/BuscarComprador?ticket=F8537A18-6766-4DEF-9E59-426B4FEE2844;https://www.dipres.gob.cl/597/w3-multipropertyvalues-15145-37782.html
PUB-CL-7DED2E92AB5A87AC32B4;CORPORACION MUNICIPAL DE CULTURA Y TURISMO DE LA COMUNA DE QUINTERO;CORPORACION MUNICIPAL DE CULTURA Y TURISMO DE LA COMUNA DE QUINTERO;CHILECOMPRA_MERCADO_PUBLICO;1806052;true;false;OTHER_PUBLIC_BUYER;false;65077445-0;ENT-RUT-65077445-0;CORPORACION MUNICIPAL DE CULTURA Y TURISMO DE LA COMUNA DE QUINTERO;EXACT_NORMALIZED_NAME_UNIQUE;HIGH;https://datos-abiertos.chilecompra.cl/organismos-compradores;https://api.mercadopublico.cl/servicios/v1/Publico/Empresas/BuscarComprador?ticket=F8537A18-6766-4DEF-9E59-426B4FEE2844;https://www.dipres.gob.cl/597/w3-multipropertyvalues-15145-37782.html
PUB-CL-FC8C0A9465FC16D2E817;CORPORACION MUNICIPAL DE DEPORTES Y RECREACION DE LA REINA;CORPORACION MUNICIPAL DE DEPORTES Y RECREACION DE LA REINA;CHILECOMPRA_MERCADO_PUBLICO;1824391;true;false;OTHER_PUBLIC_BUYER;false;;;;NO_RUT_MATCH;UNMATCHED;https://datos-abiertos.chilecompra.cl/organismos-compradores;https://api.mercadopublico.cl/servicios/v1/Publico/Empresas/BuscarComprador?ticket=F8537A18-6766-4DEF-9E59-426B4FEE2844;https://www.dipres.gob.cl/597/w3-multipropertyvalues-15145-37782.html
PUB-CL-50E596758D1DAE2D5676;CORPORACION MUNICIPAL DE DEPORTES Y RECREACION DE TEMUCO;CORPORACION MUNICIPAL DE DEPORTES Y RECREACION DE TEMUCO;CHILECOMPRA_MERCADO_PUBLICO;1812445;true;false;OTHER_PUBLIC_BUYER;false;65058816-9;ENT-RUT-65058816-9;CORPORACION MUNICIPAL DE DEPORTES Y RECREACION DE TEMUCO;EXACT_NORMALIZED_NAME_UNIQUE;HIGH;https://datos-abiertos.chilecompra.cl/organismos-compradores;https://api.mercadopublico.cl/servicios/v1/Publico/Empresas/BuscarComprador?ticket=F8537A18-6766-4DEF-9E59-426B4FEE2844;https://www.dipres.gob.cl/597/w3-multipropertyvalues-15145-37782.html
PUB-CL-A318A3B4D89F90929B7C;CORPORACION MUNICIPAL DE DESARROLLO URBANO DE COLINA;CORPORACION MUNICIPAL DE DESARROLLO URBANO DE COLINA;CHILECOMPRA_MERCADO_PUBLICO;1824403;true;false;OTHER_PUBLIC_BUYER;false;;;;NO_RUT_MATCH;UNMATCHED;https://datos-abiertos.chilecompra.cl/organismos-compradores;https://api.mercadopublico.cl/servicios/v1/Publico/Empresas/BuscarComprador?ticket=F8537A18-6766-4DEF-9E59-426B4FEE2844;https://www.dipres.gob.cl/597/w3-multipropertyvalues-15145-37782.html
PUB-CL-A29977C341A879D1F316;CORPORACION MUNICIPAL DE EDUCACION Y SALUD DE SAN BERNARDO;CORPORACION MUNICIPAL DE EDUCACION Y SALUD DE SAN BERNARDO;CHILECOMPRA_MERCADO_PUBLICO;1033466;true;false;OTHER_PUBLIC_BUYER;false;70925500-2;ENT-RUT-70925500-2;CORPORACION MUNICIPAL DE EDUCACION Y SALUD DE SAN BERNARDO;EXACT_NORMALIZED_NAME_UNIQUE;HIGH;https://datos-abiertos.chilecompra.cl/organismos-compradores;https://api.mercadopublico.cl/servicios/v1/Publico/Empresas/BuscarComprador?ticket=F8537A18-6766-4DEF-9E59-426B4FEE2844;https://www.dipres.gob.cl/597/w3-multipropertyvalues-15145-37782.html
PUB-CL-BE398771B482346953AF;CORPORACION MUNICIPAL DE PENALOLEN PARA EL DESARROLO SOCIAL CORMUP;CORPORACION MUNICIPAL DE PENALOLEN PARA EL DESARROLO SOCIAL CORMUP;CHILECOMPRA_MERCADO_PUBLICO;1034640;true;false;OTHER_PUBLIC_BUYER;false;71234100-9;ENT-RUT-71234100-9;CORPORACION MUNICIPAL DE PENALOLEN PARA EL DESARROLO SOCIAL CORMUP;EXACT_NORMALIZED_NAME_UNIQUE;HIGH;https://datos-abiertos.chilecompra.cl/organismos-compradores;https://api.mercadopublico.cl/servicios/v1/Publico/Empresas/BuscarComprador?ticket=F8537A18-6766-4DEF-9E59-426B4FEE2844;https://www.dipres.gob.cl/597/w3-multipropertyvalues-15145-37782.html
PUB-CL-9112A1A4BACFB6AEEFAE;CORPORACION MUNICIPAL DEL DEPORTE DE LAMPA;CORPORACION MUNICIPAL DEL DEPORTE DE LAMPA;CHILECOMPRA_MERCADO_PUBLICO;1812428;true;false;OTHER_PUBLIC_BUYER;false;65069626-3;ENT-RUT-65069626-3;CORPORACION MUNICIPAL DEL DEPORTE DE LAMPA;EXACT_NORMALIZED_NAME_UNIQUE;HIGH;https://datos-abiertos.chilecompra.cl/organismos-compradores;https://api.mercadopublico.cl/servicios/v1/Publico/Empresas/BuscarComprador?ticket=F8537A18-6766-4DEF-9E59-426B4FEE2844;https://www.dipres.gob.cl/597/w3-multipropertyvalues-15145-37782.html
PUB-CL-9A094E8494A2B5FBC2BC;CORPORACION MUNICIPAL PARA EL DESARROLLO COMUNAL SOL DE ATACAMA;CORPORACION MUNICIPAL PARA EL DESARROLLO COMUNAL SOL DE ATACAMA;CHILECOMPRA_MERCADO_PUBLICO;1812413;true;false;OTHER_PUBLIC_BUYER;false;65189756-4;ENT-RUT-65189756-4;CORPORACION MUNICIPAL PARA EL DESARROLLO COMUNAL SOL DE ATACAMA;EXACT_NORMALIZED_NAME_UNIQUE;HIGH;https://datos-abiertos.chilecompra.cl/organismos-compradores;https://api.mercadopublico.cl/servicios/v1/Publico/Empresas/BuscarComprador?ticket=F8537A18-6766-4DEF-9E59-426B4FEE2844;https://www.dipres.gob.cl/597/w3-multipropertyvalues-15145-37782.html
PUB-CL-C809E06939AA72B0BE67;CORPORACIÓN MUNICIPAL PUEBLITO DE LAS VIZCACHAS;CORPORACION MUNICIPAL PUEBLITO DE LAS VIZCACHAS;CHILECOMPRA_MERCADO_PUBLICO;1806867;true;false;OTHER_PUBLIC_BUYER;false;65108319-2;ENT-RUT-65108319-2;CORPORACION MUNICIPAL PUEBLITO DE LAS VIZCACHAS;EXACT_NORMALIZED_NAME_UNIQUE;HIGH;https://datos-abiertos.chilecompra.cl/organismos-compradores;https://api.mercadopublico.cl/servicios/v1/Publico/Empresas/BuscarComprador?ticket=F8537A18-6766-4DEF-9E59-426B4FEE2844;https://www.dipres.gob.cl/597/w3-multipropertyvalues-15145-37782.html
PUB-CL-F7664B7FFEF2D8AE80C1;CORPORACIÓN YUNUS;CORPORACION YUNUS;CHILECOMPRA_MERCADO_PUBLICO;1799808;true;false;OTHER_PUBLIC_BUYER;false;65192585-1;ENT-RUT-65192585-1;CORPORACIÓN YUNUS;EXACT_NORMALIZED_NAME_UNIQUE;HIGH;https://datos-abiertos.chilecompra.cl/organismos-compradores;https://api.mercadopublico.cl/servicios/v1/Publico/Empresas/BuscarComprador?ticket=F8537A18-6766-4DEF-9E59-426B4FEE2844;https://www.dipres.gob.cl/597/w3-multipropertyvalues-15145-37782.html
PUB-CL-18A48BD5BD37E2C173BA;Casa de Moneda de Chile;CASA DE MONEDA DE CHILE;CHILECOMPRA_MERCADO_PUBLICO;7198;true;false;OTHER_PUBLIC_BUYER;false;;;;NO_RUT_MATCH;UNMATCHED;https://datos-abiertos.chilecompra.cl/organismos-compradores;https://api.mercadopublico.cl/servicios/v1/Publico/Empresas/BuscarComprador?ticket=F8537A18-6766-4DEF-9E59-426B4FEE2844;https://www.dipres.gob.cl/597/w3-multipropertyvalues-15145-37782.html
PUB-CL-4F475B9F0D6F525B2118;Centro Diagnóstico Terapéutico Los Angeles;CENTRO DIAGNOSTICO TERAPEUTICO LOS ANGELES;CHILECOMPRA_MERCADO_PUBLICO;7461;true;false;OTHER_PUBLIC_BUYER;false;;;;NO_RUT_MATCH;UNMATCHED;https://datos-abiertos.chilecompra.cl/organismos-compradores;https://api.mercadopublico.cl/servicios/v1/Publico/Empresas/BuscarComprador?ticket=F8537A18-6766-4DEF-9E59-426B4FEE2844;https://www.dipres.gob.cl/597/w3-multipropertyvalues-15145-37782.html
PUB-CL-FB10A7ABE61938EFC39B;Comisión Chilena de Energía Nuclear;COMISION CHILENA DE ENERGIA NUCLEAR;CHILECOMPRA_MERCADO_PUBLICO;7219;true;false;OTHER_PUBLIC_BUYER;false;;;;NO_RUT_MATCH;UNMATCHED;https://datos-abiertos.chilecompra.cl/organismos-compradores;https://api.mercadopublico.cl/servicios/v1/Publico/Empresas/BuscarComprador?ticket=F8537A18-6766-4DEF-9E59-426B4FEE2844;https://www.dipres.gob.cl/597/w3-multipropertyvalues-15145-37782.html
PUB-CL-2402B8640A013C23112F;Comisión Chilena del Cobre - COCHILCO;COMISION CHILENA DEL COBRE COCHILCO;CHILECOMPRA_MERCADO_PUBLICO;7075;true;false;OTHER_PUBLIC_BUYER;false;;;;NO_RUT_MATCH;UNMATCHED;https://datos-abiertos.chilecompra.cl/organismos-compradores;https://api.mercadopublico.cl/servicios/v1/Publico/Empresas/BuscarComprador?ticket=F8537A18-6766-4DEF-9E59-426B4FEE2844;https://www.dipres.gob.cl/597/w3-multipropertyvalues-15145-37782.html
PUB-CL-77EB59A0F17338ADA414;Comisión Nacional de Energía;COMISION NACIONAL DE ENERGIA;CHILECOMPRA_MERCADO_PUBLICO;6938;true;false;OTHER_PUBLIC_BUYER;false;61707000-6;ENT-RUT-61707000-6;COMISION NACIONAL DE ENERGIA;EXACT_NORMALIZED_NAME_UNIQUE;HIGH;https://datos-abiertos.chilecompra.cl/organismos-compradores;https://api.mercadopublico.cl/servicios/v1/Publico/Empresas/BuscarComprador?ticket=F8537A18-6766-4DEF-9E59-426B4FEE2844;https://www.dipres.gob.cl/597/w3-multipropertyvalues-15145-37782.html
PUB-CL-426D9E487F52AB82A7AB;Comisión Nacional de Investigación Científica y Tecnológicas - CONICYT;COMISION NACIONAL DE INVESTIGACION CIENTIFICA Y TECNOLOGICAS CONICYT;CHILECOMPRA_MERCADO_PUBLICO;7213;true;false;OTHER_PUBLIC_BUYER;false;;;;NO_RUT_MATCH;UNMATCHED;https://datos-abiertos.chilecompra.cl/organismos-compradores;https://api.mercadopublico.cl/servicios/v1/Publico/Empresas/BuscarComprador?ticket=F8537A18-6766-4DEF-9E59-426B4FEE2844;https://www.dipres.gob.cl/597/w3-multipropertyvalues-15145-37782.html
PUB-CL-6A25B147165B8F8DC470;Comité SEP;COMITE SEP;CHILECOMPRA_MERCADO_PUBLICO;7057;true;false;OTHER_PUBLIC_BUYER;false;;;;NO_RUT_MATCH;UNMATCHED;https://datos-abiertos.chilecompra.cl/organismos-compradores;https://api.mercadopublico.cl/servicios/v1/Publico/Empresas/BuscarComprador?ticket=F8537A18-6766-4DEF-9E59-426B4FEE2844;https://www.dipres.gob.cl/597/w3-multipropertyvalues-15145-37782.html
PUB-CL-C95990685818093FD9D0;Comité de Seguros del Agro;COMITE DE SEGUROS DEL AGRO;CHILECOMPRA_MERCADO_PUBLICO;7043;true;false;OTHER_PUBLIC_BUYER;false;;;;NO_RUT_MATCH;UNMATCHED;https://datos-abiertos.chilecompra.cl/organismos-compradores;https://api.mercadopublico.cl/servicios/v1/Publico/Empresas/BuscarComprador?ticket=F8537A18-6766-4DEF-9E59-426B4FEE2844;https://www.dipres.gob.cl/597/w3-multipropertyvalues-15145-37782.html
PUB-CL-F9DB3BD635301EEE4528;Complejo Penitenciario de Valparaiso;COMPLEJO PENITENCIARIO DE VALPARAISO;CHILECOMPRA_MERCADO_PUBLICO;7103;true;false;OTHER_PUBLIC_BUYER;false;61004023-3;ENT-RUT-61004023-3;COMPLEJO PENITENCIARIO DE VALPARAISO;EXACT_NORMALIZED_NAME_UNIQUE;HIGH;https://datos-abiertos.chilecompra.cl/organismos-compradores;https://api.mercadopublico.cl/servicios/v1/Publico/Empresas/BuscarComprador?ticket=F8537A18-6766-4DEF-9E59-426B4FEE2844;https://www.dipres.gob.cl/597/w3-multipropertyvalues-15145-37782.html
PUB-CL-D23750956A63131FD8A6;Consejo de Defensa del Estado;CONSEJO DE DEFENSA DEL ESTADO;CHILECOMPRA_MERCADO_PUBLICO;6933;true;true;OTHER_PUBLIC_BUYER;true;;;;NO_RUT_MATCH;UNMATCHED;https://datos-abiertos.chilecompra.cl/organismos-compradores;https://api.mercadopublico.cl/servicios/v1/Publico/Empresas/BuscarComprador?ticket=F8537A18-6766-4DEF-9E59-426B4FEE2844;https://www.dipres.gob.cl/597/w3-multipropertyvalues-15145-37782.html
PUB-CL-9EC6B06C96951FAAE7C7;Consejo de Rectores de las Universidades Chilenas;CONSEJO DE RECTORES DE LAS UNIVERSIDADES CHILENAS;CHILECOMPRA_MERCADO_PUBLICO;7224;true;false;OTHER_PUBLIC_BUYER;false;;;;NO_RUT_MATCH;UNMATCHED;https://datos-abiertos.chilecompra.cl/organismos-compradores;https://api.mercadopublico.cl/servicios/v1/Publico/Empresas/BuscarComprador?ticket=F8537A18-6766-4DEF-9E59-426B4FEE2844;https://www.dipres.gob.cl/597/w3-multipropertyvalues-15145-37782.html
PUB-CL-7D7D798F5D581A2CB91E;Corporación Municipal de Deporte de Salamanca;CORPORACION MUNICIPAL DE DEPORTE DE SALAMANCA;CHILECOMPRA_MERCADO_PUBLICO;1809257;true;false;OTHER_PUBLIC_BUYER;false;;;;NO_RUT_MATCH;UNMATCHED;https://datos-abiertos.chilecompra.cl/organismos-compradores;https://api.mercadopublico.cl/servicios/v1/Publico/Empresas/BuscarComprador?ticket=F8537A18-6766-4DEF-9E59-426B4FEE2844;https://www.dipres.gob.cl/597/w3-multipropertyvalues-15145-37782.html
PUB-CL-16458EEE0EA3BA831447;Corporación Municipal de Deportes de Maule;CORPORACION MUNICIPAL DE DEPORTES DE MAULE;CHILECOMPRA_MERCADO_PUBLICO;1812754;true;false;OTHER_PUBLIC_BUYER;false;;;;NO_RUT_MATCH;UNMATCHED;https://datos-abiertos.chilecompra.cl/organismos-compradores;https://api.mercadopublico.cl/servicios/v1/Publico/Empresas/BuscarComprador?ticket=F8537A18-6766-4DEF-9E59-426B4FEE2844;https://www.dipres.gob.cl/597/w3-multipropertyvalues-15145-37782.html
PUB-CL-3355C76B471C33593B79;Corporación de Asistencia Judicial RM;CORPORACION DE ASISTENCIA JUDICIAL RM;CHILECOMPRA_MERCADO_PUBLICO;7152;true;false;OTHER_PUBLIC_BUYER;false;;;;NO_RUT_MATCH;UNMATCHED;https://datos-abiertos.chilecompra.cl/organismos-compradores;https://api.mercadopublico.cl/servicios/v1/Publico/Empresas/BuscarComprador?ticket=F8537A18-6766-4DEF-9E59-426B4FEE2844;https://www.dipres.gob.cl/597/w3-multipropertyvalues-15145-37782.html
PUB-CL-359028EF075B049483E9;Corporación de Cultura Isla de Maipo;CORPORACION DE CULTURA ISLA DE MAIPO;CHILECOMPRA_MERCADO_PUBLICO;1806878;true;false;OTHER_PUBLIC_BUYER;false;;;;NO_RUT_MATCH;UNMATCHED;https://datos-abiertos.chilecompra.cl/organismos-compradores;https://api.mercadopublico.cl/servicios/v1/Publico/Empresas/BuscarComprador?ticket=F8537A18-6766-4DEF-9E59-426B4FEE2844;https://www.dipres.gob.cl/597/w3-multipropertyvalues-15145-37782.html
PUB-CL-9A07888E3006478D9CB1;Corporación de Ecuación, Salud y Menores de Puerto Natales;CORPORACION DE ECUACION SALUD Y MENORES DE PUERTO NATALES;CHILECOMPRA_MERCADO_PUBLICO;1085182;true;false;OTHER_PUBLIC_BUYER;false;;;;NO_RUT_MATCH;UNMATCHED;https://datos-abiertos.chilecompra.cl/organismos-compradores;https://api.mercadopublico.cl/servicios/v1/Publico/Empresas/BuscarComprador?ticket=F8537A18-6766-4DEF-9E59-426B4FEE2844;https://www.dipres.gob.cl/597/w3-multipropertyvalues-15145-37782.html
PUB-CL-8CD8F058D467C417C097;Cámara de Diputados de Chile;CAMARA DE DIPUTADOS DE CHILE;CHILECOMPRA_MERCADO_PUBLICO;156657;true;false;OTHER_PUBLIC_BUYER;false;;;;NO_RUT_MATCH;UNMATCHED;https://datos-abiertos.chilecompra.cl/organismos-compradores;https://api.mercadopublico.cl/servicios/v1/Publico/Empresas/BuscarComprador?ticket=F8537A18-6766-4DEF-9E59-426B4FEE2844;https://www.dipres.gob.cl/597/w3-multipropertyvalues-15145-37782.html
PUB-CL-226AB5325582B6628F09;DEFENSA CIVIL DE CHILE;DEFENSA CIVIL DE CHILE;CHILECOMPRA_MERCADO_PUBLICO;7129;true;false;OTHER_PUBLIC_BUYER;false;61109000-5;ENT-RUT-61109000-5;DEFENSA CIVIL DE CHILE;EXACT_NORMALIZED_NAME_UNIQUE;HIGH;https://datos-abiertos.chilecompra.cl/organismos-compradores;https://api.mercadopublico.cl/servicios/v1/Publico/Empresas/BuscarComprador?ticket=F8537A18-6766-4DEF-9E59-426B4FEE2844;https://www.dipres.gob.cl/597/w3-multipropertyvalues-15145-37782.html
PUB-CL-D1BEB99FB03FEAA6203B;DEFENSORIA PENAL PUBLICA;DEFENSORIA PENAL PUBLICA;CHILECOMPRA_MERCADO_PUBLICO;7034;true;false;OTHER_PUBLIC_BUYER;false;61941900-6;ENT-RUT-61941900-6;DEFENSORIA PENAL PUBLICA;EXACT_NORMALIZED_NAME_UNIQUE;HIGH;https://datos-abiertos.chilecompra.cl/organismos-compradores;https://api.mercadopublico.cl/servicios/v1/Publico/Empresas/BuscarComprador?ticket=F8537A18-6766-4DEF-9E59-426B4FEE2844;https://www.dipres.gob.cl/597/w3-multipropertyvalues-15145-37782.html
PUB-CL-A469BEDC8E725D5834EE;DR. VICTOR HUGO MOLL DE CABILDO;DR VICTOR HUGO MOLL DE CABILDO;CHILECOMPRA_MERCADO_PUBLICO;7491;true;false;OTHER_PUBLIC_BUYER;false;61606610-2;ENT-RUT-61606610-2;DR. VICTOR HUGO MOLL DE CABILDO;EXACT_NORMALIZED_NAME_UNIQUE;HIGH;https://datos-abiertos.chilecompra.cl/organismos-compradores;https://api.mercadopublico.cl/servicios/v1/Publico/Empresas/BuscarComprador?ticket=F8537A18-6766-4DEF-9E59-426B4FEE2844;https://www.dipres.gob.cl/597/w3-multipropertyvalues-15145-37782.html
PUB-CL-01AD641DC3D6CFD7B6A3;Defensoría del Contribuyente;DEFENSORIA DEL CONTRIBUYENTE;CHILECOMPRA_MERCADO_PUBLICO;1806732;true;false;OTHER_PUBLIC_BUYER;false;62000930-K;ENT-RUT-62000930-K;DEFENSORÍA DEL CONTRIBUYENTE;EXACT_NORMALIZED_NAME_UNIQUE;HIGH;https://datos-abiertos.chilecompra.cl/organismos-compradores;https://api.mercadopublico.cl/servicios/v1/Publico/Empresas/BuscarComprador?ticket=F8537A18-6766-4DEF-9E59-426B4FEE2844;https://www.dipres.gob.cl/597/w3-multipropertyvalues-15145-37782.html
PUB-CL-CF7EA0072ABFED0E7051;Departamento de Salud Parral;DEPARTAMENTO DE SALUD PARRAL;CHILECOMPRA_MERCADO_PUBLICO;7299;true;false;OTHER_PUBLIC_BUYER;false;;;;NO_RUT_MATCH;UNMATCHED;https://datos-abiertos.chilecompra.cl/organismos-compradores;https://api.mercadopublico.cl/servicios/v1/Publico/Empresas/BuscarComprador?ticket=F8537A18-6766-4DEF-9E59-426B4FEE2844;https://www.dipres.gob.cl/597/w3-multipropertyvalues-15145-37782.html
PUB-CL-B64596750A1EAAF99BF9;ESTADO MAYOR CONJUNTO;ESTADO MAYOR CONJUNTO;CHILECOMPRA_MERCADO_PUBLICO;7266;true;true;OTHER_PUBLIC_BUYER;true;61101040-0;ENT-RUT-61101040-0;ESTADO MAYOR CONJUNTO;EXACT_NORMALIZED_NAME_UNIQUE;HIGH;https://datos-abiertos.chilecompra.cl/organismos-compradores;https://api.mercadopublico.cl/servicios/v1/Publico/Empresas/BuscarComprador?ticket=F8537A18-6766-4DEF-9E59-426B4FEE2844;https://www.dipres.gob.cl/597/w3-multipropertyvalues-15145-37782.html
PUB-CL-91EA69AC55670868723E;FISCALIA NACIONAL ECONOMICA;FISCALIA NACIONAL ECONOMICA;CHILECOMPRA_MERCADO_PUBLICO;7076;true;false;OTHER_PUBLIC_BUYER;false;60701001-3;ENT-RUT-60701001-3;FISCALIA NACIONAL ECONOMICA;EXACT_NORMALIZED_NAME_UNIQUE;HIGH;https://datos-abiertos.chilecompra.cl/organismos-compradores;https://api.mercadopublico.cl/servicios/v1/Publico/Empresas/BuscarComprador?ticket=F8537A18-6766-4DEF-9E59-426B4FEE2844;https://www.dipres.gob.cl/597/w3-multipropertyvalues-15145-37782.html
PUB-CL-4FB3B43A844BE41AF959;FONDO DE SOLIDARIDAD E INVERSION SOCIAL;FONDO DE SOLIDARIDAD E INVERSION SOCIAL;CHILECOMPRA_MERCADO_PUBLICO;7182;true;false;OTHER_PUBLIC_BUYER;false;60109000-7;ENT-RUT-60109000-7;FONDO DE SOLIDARIDAD E INVERSION SOCIAL;EXACT_NORMALIZED_NAME_UNIQUE;HIGH;https://datos-abiertos.chilecompra.cl/organismos-compradores;https://api.mercadopublico.cl/servicios/v1/Publico/Empresas/BuscarComprador?ticket=F8537A18-6766-4DEF-9E59-426B4FEE2844;https://www.dipres.gob.cl/597/w3-multipropertyvalues-15145-37782.html
PUB-CL-B849E631D68FDA648758;FONDO NACIONAL DE SALUD;FONDO NACIONAL DE SALUD;CHILECOMPRA_MERCADO_PUBLICO;6954;true;true;OTHER_PUBLIC_BUYER;true;61603000-0;ENT-RUT-61603000-0;FONDO NACIONAL DE SALUD;EXACT_NORMALIZED_NAME_UNIQUE;HIGH;https://datos-abiertos.chilecompra.cl/organismos-compradores;https://api.mercadopublico.cl/servicios/v1/Publico/Empresas/BuscarComprador?ticket=F8537A18-6766-4DEF-9E59-426B4FEE2844;https://www.dipres.gob.cl/597/w3-multipropertyvalues-15145-37782.html
PUB-CL-AFBF1B8D2F00F12870DE;FUND NACIONAL DE ORQUESTAS JUVENILES E INFANTILES DE CHILE;FUND NACIONAL DE ORQUESTAS JUVENILES E INFANTILES DE CHILE;CHILECOMPRA_MERCADO_PUBLICO;1090451;true;false;OTHER_PUBLIC_BUYER;false;75991930-0;ENT-RUT-75991930-0;FUND NACIONAL DE ORQUESTAS JUVENILES E INFANTILES DE CHILE;EXACT_NORMALIZED_NAME_UNIQUE;HIGH;https://datos-abiertos.chilecompra.cl/organismos-compradores;https://api.mercadopublico.cl/servicios/v1/Publico/Empresas/BuscarComprador?ticket=F8537A18-6766-4DEF-9E59-426B4FEE2844;https://www.dipres.gob.cl/597/w3-multipropertyvalues-15145-37782.html
PUB-CL-7A785F2AF5ABC046CF9A;FUNDACION CLUB PROVIDENCIA;FUNDACION CLUB PROVIDENCIA;CHILECOMPRA_MERCADO_PUBLICO;1824436;true;false;OTHER_PUBLIC_BUYER;false;;;;NO_RUT_MATCH;UNMATCHED;https://datos-abiertos.chilecompra.cl/organismos-compradores;https://api.mercadopublico.cl/servicios/v1/Publico/Empresas/BuscarComprador?ticket=F8537A18-6766-4DEF-9E59-426B4FEE2844;https://www.dipres.gob.cl/597/w3-multipropertyvalues-15145-37782.html
PUB-CL-07663A7DD41BC75033F9;FUNDACION MUNICIPAL DE CULTURA DE PROVIDENCIA;FUNDACION MUNICIPAL DE CULTURA DE PROVIDENCIA;CHILECOMPRA_MERCADO_PUBLICO;1824423;true;false;OTHER_PUBLIC_BUYER;false;65081285-9;ENT-RUT-65081285-9;FUNDACION MUNICIPAL DE CULTURA DE PROVIDENCIA;EXACT_NORMALIZED_NAME_UNIQUE;HIGH;https://datos-abiertos.chilecompra.cl/organismos-compradores;https://api.mercadopublico.cl/servicios/v1/Publico/Empresas/BuscarComprador?ticket=F8537A18-6766-4DEF-9E59-426B4FEE2844;https://www.dipres.gob.cl/597/w3-multipropertyvalues-15145-37782.html
PUB-CL-E3CA6FA3251DF27993B5;FUNDACION TEATRO MUNICIPAL DE LAS CONDES;FUNDACION TEATRO MUNICIPAL DE LAS CONDES;CHILECOMPRA_MERCADO_PUBLICO;1857193;true;false;OTHER_PUBLIC_BUYER;false;65027349-4;ENT-RUT-65027349-4;FUNDACION TEATRO MUNICIPAL DE LAS CONDES;EXACT_NORMALIZED_NAME_UNIQUE;HIGH;https://datos-abiertos.chilecompra.cl/organismos-compradores;https://api.mercadopublico.cl/servicios/v1/Publico/Empresas/BuscarComprador?ticket=F8537A18-6766-4DEF-9E59-426B4FEE2844;https://www.dipres.gob.cl/597/w3-multipropertyvalues-15145-37782.html
PUB-CL-6DE3C2D11692955D255C;Fundación para la Innovación Agraria;FUNDACION PARA LA INNOVACION AGRARIA;CHILECOMPRA_MERCADO_PUBLICO;1736867;true;false;OTHER_PUBLIC_BUYER;false;;;;NO_RUT_MATCH;UNMATCHED;https://datos-abiertos.chilecompra.cl/organismos-compradores;https://api.mercadopublico.cl/servicios/v1/Publico/Empresas/BuscarComprador?ticket=F8537A18-6766-4DEF-9E59-426B4FEE2844;https://www.dipres.gob.cl/597/w3-multipropertyvalues-15145-37782.html
PUB-CL-376F88BBD320FAF893A7;GOBERNACION DE CAUTIN;GOBERNACION DE CAUTIN;CHILECOMPRA_MERCADO_PUBLICO;7061;true;false;OTHER_PUBLIC_BUYER;false;60511092-4;ENT-RUT-60511092-4;GOBERNACION DE CAUTIN;EXACT_NORMALIZED_NAME_UNIQUE;HIGH;https://datos-abiertos.chilecompra.cl/organismos-compradores;https://api.mercadopublico.cl/servicios/v1/Publico/Empresas/BuscarComprador?ticket=F8537A18-6766-4DEF-9E59-426B4FEE2844;https://www.dipres.gob.cl/597/w3-multipropertyvalues-15145-37782.html
PUB-CL-8BB61866738B582FED01;Gobernación Provincia de Elqui;GOBERNACION PROVINCIA DE ELQUI;CHILECOMPRA_MERCADO_PUBLICO;7347;true;false;OTHER_PUBLIC_BUYER;false;;;;NO_RUT_MATCH;UNMATCHED;https://datos-abiertos.chilecompra.cl/organismos-compradores;https://api.mercadopublico.cl/servicios/v1/Publico/Empresas/BuscarComprador?ticket=F8537A18-6766-4DEF-9E59-426B4FEE2844;https://www.dipres.gob.cl/597/w3-multipropertyvalues-15145-37782.html
PUB-CL-9FF4C2433E8BCEE072D1;Hermanas Misioneras Franciscanas de Purulón;HERMANAS MISIONERAS FRANCISCANAS DE PURULON;CHILECOMPRA_MERCADO_PUBLICO;103933;true;false;OTHER_PUBLIC_BUYER;false;65305530-7;ENT-RUT-65305530-7;HERMANAS MISIONERAS FRANCISCANAS DE PURULON;EXACT_NORMALIZED_NAME_UNIQUE;HIGH;https://datos-abiertos.chilecompra.cl/organismos-compradores;https://api.mercadopublico.cl/servicios/v1/Publico/Empresas/BuscarComprador?ticket=F8537A18-6766-4DEF-9E59-426B4FEE2844;https://www.dipres.gob.cl/597/w3-multipropertyvalues-15145-37782.html
PUB-CL-0FA55DF170A47BC250B3;ILUSTRE MINICIPALIDAD DE COMBARBALA;ILUSTRE MINICIPALIDAD DE COMBARBALA;CHILECOMPRA_MERCADO_PUBLICO;115297;true;false;OTHER_PUBLIC_BUYER;false;;;;NO_RUT_MATCH;UNMATCHED;https://datos-abiertos.chilecompra.cl/organismos-compradores;https://api.mercadopublico.cl/servicios/v1/Publico/Empresas/BuscarComprador?ticket=F8537A18-6766-4DEF-9E59-426B4FEE2844;https://www.dipres.gob.cl/597/w3-multipropertyvalues-15145-37782.html
PUB-CL-BECEE31428FB66D59CA5;JUNTA DE AERONAUTICA CIVIL;JUNTA DE AERONAUTICA CIVIL;CHILECOMPRA_MERCADO_PUBLICO;7014;true;false;OTHER_PUBLIC_BUYER;false;60705000-7;ENT-RUT-60705000-7;JUNTA DE AERONAUTICA CIVIL;EXACT_NORMALIZED_NAME_UNIQUE;HIGH;https://datos-abiertos.chilecompra.cl/organismos-compradores;https://api.mercadopublico.cl/servicios/v1/Publico/Empresas/BuscarComprador?ticket=F8537A18-6766-4DEF-9E59-426B4FEE2844;https://www.dipres.gob.cl/597/w3-multipropertyvalues-15145-37782.html
PUB-CL-420CEC8A4989F21F1CA9;JUNTA NACIONAL DE AUXILIO ESCOLAR Y BECA;JUNTA NACIONAL DE AUXILIO ESCOLAR Y BECA;CHILECOMPRA_MERCADO_PUBLICO;7002;true;false;OTHER_PUBLIC_BUYER;false;60908000-0;ENT-RUT-60908000-0;JUNTA NACIONAL DE AUXILIO ESCOLAR Y BECA;EXACT_NORMALIZED_NAME_UNIQUE;HIGH;https://datos-abiertos.chilecompra.cl/organismos-compradores;https://api.mercadopublico.cl/servicios/v1/Publico/Empresas/BuscarComprador?ticket=F8537A18-6766-4DEF-9E59-426B4FEE2844;https://www.dipres.gob.cl/597/w3-multipropertyvalues-15145-37782.html
PUB-CL-DA1E08E2697CBE1A695D;JUNTA NACIONAL DE CUERPOS DE BOMBEROS DE CHILE;JUNTA NACIONAL DE CUERPOS DE BOMBEROS DE CHILE;CHILECOMPRA_MERCADO_PUBLICO;1079772;true;false;OTHER_PUBLIC_BUYER;false;70073800-0;ENT-RUT-70073800-0;JUNTA NACIONAL DE CUERPOS DE BOMBEROS DE CHILE;EXACT_NORMALIZED_NAME_UNIQUE;HIGH;https://datos-abiertos.chilecompra.cl/organismos-compradores;https://api.mercadopublico.cl/servicios/v1/Publico/Empresas/BuscarComprador?ticket=F8537A18-6766-4DEF-9E59-426B4FEE2844;https://www.dipres.gob.cl/597/w3-multipropertyvalues-15145-37782.html
PUB-CL-2E6F58010218BC99CC7B;JUNTA NACIONAL DE JARDINES         INFANTILES;JUNTA NACIONAL DE JARDINES INFANTILES;CHILECOMPRA_MERCADO_PUBLICO;6928;true;true;OTHER_PUBLIC_BUYER;true;;;;NO_RUT_MATCH;UNMATCHED;https://datos-abiertos.chilecompra.cl/organismos-compradores;https://api.mercadopublico.cl/servicios/v1/Publico/Empresas/BuscarComprador?ticket=F8537A18-6766-4DEF-9E59-426B4FEE2844;https://www.dipres.gob.cl/597/w3-multipropertyvalues-15145-37782.html
PUB-CL-18151AF900634EF2B635;LICEO EL ROSARIO;LICEO EL ROSARIO;CHILECOMPRA_MERCADO_PUBLICO;1065029;true;false;OTHER_PUBLIC_BUYER;false;60923268-4;ENT-RUT-60923268-4;LICEO EL ROSARIO;EXACT_NORMALIZED_NAME_UNIQUE;HIGH;https://datos-abiertos.chilecompra.cl/organismos-compradores;https://api.mercadopublico.cl/servicios/v1/Publico/Empresas/BuscarComprador?ticket=F8537A18-6766-4DEF-9E59-426B4FEE2844;https://www.dipres.gob.cl/597/w3-multipropertyvalues-15145-37782.html
PUB-CL-35D66DC6EA773D675ACB;Liceo Industrial Presidente Pedro Aguirre Cerda;LICEO INDUSTRIAL PRESIDENTE PEDRO AGUIRRE CERDA;CHILECOMPRA_MERCADO_PUBLICO;1757222;true;false;OTHER_PUBLIC_BUYER;false;60904034-3;ENT-RUT-60904034-3;LICEO INDUSTRIAL PRESIDENTE PEDRO AGUIRRE CERDA;EXACT_NORMALIZED_NAME_UNIQUE;HIGH;https://datos-abiertos.chilecompra.cl/organismos-compradores;https://api.mercadopublico.cl/servicios/v1/Publico/Empresas/BuscarComprador?ticket=F8537A18-6766-4DEF-9E59-426B4FEE2844;https://www.dipres.gob.cl/597/w3-multipropertyvalues-15145-37782.html
PUB-CL-E2C3271A163211014ED5;MOP Dirección General de Concesiones;MOP DIRECCION GENERAL DE CONCESIONES;CHILECOMPRA_MERCADO_PUBLICO;7353;true;false;OTHER_PUBLIC_BUYER;false;;;;NO_RUT_MATCH;UNMATCHED;https://datos-abiertos.chilecompra.cl/organismos-compradores;https://api.mercadopublico.cl/servicios/v1/Publico/Empresas/BuscarComprador?ticket=F8537A18-6766-4DEF-9E59-426B4FEE2844;https://www.dipres.gob.cl/597/w3-multipropertyvalues-15145-37782.html
PUB-CL-14DDC8DA1187FD502E1E;OFICINA DE ESTUDIOS Y POLITICAS AGRARIAS;OFICINA DE ESTUDIOS Y POLITICAS AGRARIAS;CHILECOMPRA_MERCADO_PUBLICO;7005;true;false;OTHER_PUBLIC_BUYER;false;61301100-5;ENT-RUT-61301100-5;OFICINA DE ESTUDIOS Y POLITICAS AGRARIAS;EXACT_NORMALIZED_NAME_UNIQUE;HIGH;https://datos-abiertos.chilecompra.cl/organismos-compradores;https://api.mercadopublico.cl/servicios/v1/Publico/Empresas/BuscarComprador?ticket=F8537A18-6766-4DEF-9E59-426B4FEE2844;https://www.dipres.gob.cl/597/w3-multipropertyvalues-15145-37782.html
PUB-CL-C201A6658C026386CE1D;PARQUE METROPOLITANO DE SANTIAGO;PARQUE METROPOLITANO DE SANTIAGO;CHILECOMPRA_MERCADO_PUBLICO;6935;true;false;OTHER_PUBLIC_BUYER;false;61809000-0;ENT-RUT-61809000-0;PARQUE METROPOLITANO DE SANTIAGO;EXACT_NORMALIZED_NAME_UNIQUE;HIGH;https://datos-abiertos.chilecompra.cl/organismos-compradores;https://api.mercadopublico.cl/servicios/v1/Publico/Empresas/BuscarComprador?ticket=F8537A18-6766-4DEF-9E59-426B4FEE2844;https://www.dipres.gob.cl/597/w3-multipropertyvalues-15145-37782.html
PUB-CL-6578FE9D2AA6D2126A67;PRESIDENCIA DE LA REPUBLICA;PRESIDENCIA DE LA REPUBLICA;CHILECOMPRA_MERCADO_PUBLICO;7238;true;false;OTHER_PUBLIC_BUYER;false;60000000-4;ENT-RUT-60000000-4;PRESIDENCIA DE LA REPUBLICA;EXACT_NORMALIZED_NAME_UNIQUE;HIGH;https://datos-abiertos.chilecompra.cl/organismos-compradores;https://api.mercadopublico.cl/servicios/v1/Publico/Empresas/BuscarComprador?ticket=F8537A18-6766-4DEF-9E59-426B4FEE2844;https://www.dipres.gob.cl/597/w3-multipropertyvalues-15145-37782.html
PUB-CL-3C2140E3C7794DB245DE;Poder Judicial - Academia Judicial;PODER JUDICIAL ACADEMIA JUDICIAL;CHILECOMPRA_MERCADO_PUBLICO;7143;true;false;OTHER_PUBLIC_BUYER;false;;;;NO_RUT_MATCH;UNMATCHED;https://datos-abiertos.chilecompra.cl/organismos-compradores;https://api.mercadopublico.cl/servicios/v1/Publico/Empresas/BuscarComprador?ticket=F8537A18-6766-4DEF-9E59-426B4FEE2844;https://www.dipres.gob.cl/597/w3-multipropertyvalues-15145-37782.html
PUB-CL-4947D32979A54397F3DC;Polla Chilena de Beneficencia S.A.;POLLA CHILENA DE BENEFICENCIA S A;CHILECOMPRA_MERCADO_PUBLICO;6967;true;false;OTHER_PUBLIC_BUYER;false;61604000-6;ENT-RUT-61604000-6;POLLA CHILENA DE BENEFICENCIA S A;EXACT_NORMALIZED_NAME_UNIQUE;HIGH;https://datos-abiertos.chilecompra.cl/organismos-compradores;https://api.mercadopublico.cl/servicios/v1/Publico/Empresas/BuscarComprador?ticket=F8537A18-6766-4DEF-9E59-426B4FEE2844;https://www.dipres.gob.cl/597/w3-multipropertyvalues-15145-37782.html
PUB-CL-967C056DC3A38424B088;S. S. Aysén - Dirección de Atención Primaria;S S AYSEN DIRECCION DE ATENCION PRIMARIA;CHILECOMPRA_MERCADO_PUBLICO;7478;true;false;OTHER_PUBLIC_BUYER;false;;;;NO_RUT_MATCH;UNMATCHED;https://datos-abiertos.chilecompra.cl/organismos-compradores;https://api.mercadopublico.cl/servicios/v1/Publico/Empresas/BuscarComprador?ticket=F8537A18-6766-4DEF-9E59-426B4FEE2844;https://www.dipres.gob.cl/597/w3-multipropertyvalues-15145-37782.html
PUB-CL-E8B555244BEB1947F3EC;SAG CONCEPCION;SAG CONCEPCION;CHILECOMPRA_MERCADO_PUBLICO;7096;true;false;OTHER_PUBLIC_BUYER;false;;;;NO_RUT_MATCH;UNMATCHED;https://datos-abiertos.chilecompra.cl/organismos-compradores;https://api.mercadopublico.cl/servicios/v1/Publico/Empresas/BuscarComprador?ticket=F8537A18-6766-4DEF-9E59-426B4FEE2844;https://www.dipres.gob.cl/597/w3-multipropertyvalues-15145-37782.html
PUB-CL-8F6AC78D54360EC5DAB5;SECRETARIA GENERAL DE GOBIERNO;SECRETARIA GENERAL DE GOBIERNO;CHILECOMPRA_MERCADO_PUBLICO;7194;true;false;OTHER_PUBLIC_BUYER;false;60101000-3;ENT-RUT-60101000-3;SECRETARIA GENERAL DE GOBIERNO;EXACT_NORMALIZED_NAME_UNIQUE;HIGH;https://datos-abiertos.chilecompra.cl/organismos-compradores;https://api.mercadopublico.cl/servicios/v1/Publico/Empresas/BuscarComprador?ticket=F8537A18-6766-4DEF-9E59-426B4FEE2844;https://www.dipres.gob.cl/597/w3-multipropertyvalues-15145-37782.html
PUB-CL-AEC4F3DDAB1204573F36;SENADO DE LA REPUBLICA;SENADO DE LA REPUBLICA;CHILECOMPRA_MERCADO_PUBLICO;174692;true;false;OTHER_PUBLIC_BUYER;false;60201000-7;ENT-RUT-60201000-7;SENADO DE LA REPUBLICA;EXACT_NORMALIZED_NAME_UNIQUE;HIGH;https://datos-abiertos.chilecompra.cl/organismos-compradores;https://api.mercadopublico.cl/servicios/v1/Publico/Empresas/BuscarComprador?ticket=F8537A18-6766-4DEF-9E59-426B4FEE2844;https://www.dipres.gob.cl/597/w3-multipropertyvalues-15145-37782.html
PUB-CL-E23C944268AE40641CD7;SERV NACIONAL DE PESCA;SERV NACIONAL DE PESCA;CHILECOMPRA_MERCADO_PUBLICO;7008;true;false;OTHER_PUBLIC_BUYER;false;60701002-1;ENT-RUT-60701002-1;SERV NACIONAL DE PESCA;EXACT_NORMALIZED_NAME_UNIQUE;HIGH;https://datos-abiertos.chilecompra.cl/organismos-compradores;https://api.mercadopublico.cl/servicios/v1/Publico/Empresas/BuscarComprador?ticket=F8537A18-6766-4DEF-9E59-426B4FEE2844;https://www.dipres.gob.cl/597/w3-multipropertyvalues-15145-37782.html
PUB-CL-A940EC5BCFDD0C2C48AE;SERV SALUD ARAUC SUR HOSP DR ARTURO HILLERNS LARRANAGA DE PTO SAAVEDRA;SERV SALUD ARAUC SUR HOSP DR ARTURO HILLERNS LARRANAGA DE PTO SAAVEDRA;CHILECOMPRA_MERCADO_PUBLICO;7307;true;false;OTHER_PUBLIC_BUYER;false;61602299-7;ENT-RUT-61602299-7;SERV SALUD ARAUC SUR HOSP DR ARTURO HILLERNS LARRANAGA DE PTO SAAVEDRA;EXACT_NORMALIZED_NAME_UNIQUE;HIGH;https://datos-abiertos.chilecompra.cl/organismos-compradores;https://api.mercadopublico.cl/servicios/v1/Publico/Empresas/BuscarComprador?ticket=F8537A18-6766-4DEF-9E59-426B4FEE2844;https://www.dipres.gob.cl/597/w3-multipropertyvalues-15145-37782.html
PUB-CL-FBC3E744A1E859C0927C;SERVIU REGION DE MAGALLANES Y DE LA ANTARTICA CHILENA;SERVIU REGION DE MAGALLANES Y DE LA ANTARTICA CHILENA;CHILECOMPRA_MERCADO_PUBLICO;6964;true;false;OTHER_PUBLIC_BUYER;false;61824000-2;ENT-RUT-61824000-2;SERVIU REGION DE MAGALLANES Y DE LA ANTARTICA CHILENA;EXACT_NORMALIZED_NAME_UNIQUE;HIGH;https://datos-abiertos.chilecompra.cl/organismos-compradores;https://api.mercadopublico.cl/servicios/v1/Publico/Empresas/BuscarComprador?ticket=F8537A18-6766-4DEF-9E59-426B4FEE2844;https://www.dipres.gob.cl/597/w3-multipropertyvalues-15145-37782.html
PUB-CL-4E65EB69E8D926842E0A;Subdirección del Ambiente Servicio de Salud Thno.;SUBDIRECCION DEL AMBIENTE SERVICIO DE SALUD THNO;CHILECOMPRA_MERCADO_PUBLICO;7333;true;false;OTHER_PUBLIC_BUYER;false;;;;NO_RUT_MATCH;UNMATCHED;https://datos-abiertos.chilecompra.cl/organismos-compradores;https://api.mercadopublico.cl/servicios/v1/Publico/Empresas/BuscarComprador?ticket=F8537A18-6766-4DEF-9E59-426B4FEE2844;https://www.dipres.gob.cl/597/w3-multipropertyvalues-15145-37782.html
PUB-CL-A9A30A9BBE64A20612E7;TESORERIA GENERAL DE LA REPUBLICA;TESORERIA GENERAL DE LA REPUBLICA;CHILECOMPRA_MERCADO_PUBLICO;6956;true;false;OTHER_PUBLIC_BUYER;false;60805000-0;ENT-RUT-60805000-0;TESORERIA GENERAL DE LA REPUBLICA;EXACT_NORMALIZED_NAME_UNIQUE;HIGH;https://datos-abiertos.chilecompra.cl/organismos-compradores;https://api.mercadopublico.cl/servicios/v1/Publico/Empresas/BuscarComprador?ticket=F8537A18-6766-4DEF-9E59-426B4FEE2844;https://www.dipres.gob.cl/597/w3-multipropertyvalues-15145-37782.html
PUB-CL-8DD4A687F758D041DB16;UNIDAD ADMINISTRADORA DE LOS TRIBUNALES TRIBUTARIOS Y ADUANEROS;UNIDAD ADMINISTRADORA DE LOS TRIBUNALES TRIBUTARIOS Y ADUANEROS;CHILECOMPRA_MERCADO_PUBLICO;1083414;true;false;OTHER_PUBLIC_BUYER;false;61979490-7;ENT-RUT-61979490-7;UNIDAD ADMINISTRADORA DE LOS TRIBUNALES TRIBUTARIOS Y ADUANEROS;EXACT_NORMALIZED_NAME_UNIQUE;HIGH;https://datos-abiertos.chilecompra.cl/organismos-compradores;https://api.mercadopublico.cl/servicios/v1/Publico/Empresas/BuscarComprador?ticket=F8537A18-6766-4DEF-9E59-426B4FEE2844;https://www.dipres.gob.cl/597/w3-multipropertyvalues-15145-37782.html
PUB-CL-8F18DB345BB937179063;UNIDAD DE ANALISIS FINANCIERO;UNIDAD DE ANALISIS FINANCIERO;CHILECOMPRA_MERCADO_PUBLICO;85017;true;false;OTHER_PUBLIC_BUYER;false;61973000-3;ENT-RUT-61973000-3;UNIDAD DE ANALISIS FINANCIERO;EXACT_NORMALIZED_NAME_UNIQUE;HIGH;https://datos-abiertos.chilecompra.cl/organismos-compradores;https://api.mercadopublico.cl/servicios/v1/Publico/Empresas/BuscarComprador?ticket=F8537A18-6766-4DEF-9E59-426B4FEE2844;https://www.dipres.gob.cl/597/w3-multipropertyvalues-15145-37782.html
PUB-CL-B77663A47449EC927FC4;Zona Franca de Iquique;ZONA FRANCA DE IQUIQUE;CHILECOMPRA_MERCADO_PUBLICO;7438;true;false;OTHER_PUBLIC_BUYER;false;;;;NO_RUT_MATCH;UNMATCHED;https://datos-abiertos.chilecompra.cl/organismos-compradores;https://api.mercadopublico.cl/servicios/v1/Publico/Empresas/BuscarComprador?ticket=F8537A18-6766-4DEF-9E59-426B4FEE2844;https://www.dipres.gob.cl/597/w3-multipropertyvalues-15145-37782.html
PUB-CL-9DAB13B03688D4D698E3;DELEGACIÓN PRESIDENCIAL PROVINCIAL DE ARAUCO;DELEGACION PRESIDENCIAL PROVINCIAL DE ARAUCO;CHILECOMPRA_MERCADO_PUBLICO;7450;true;false;PRESIDENTIAL_DELEGATION;false;60511083-5;ENT-RUT-60511083-5;DELEGACIÓN PRESIDENCIAL PROVINCIAL DE ARAUCO;EXACT_NORMALIZED_NAME_UNIQUE;HIGH;https://datos-abiertos.chilecompra.cl/organismos-compradores;https://api.mercadopublico.cl/servicios/v1/Publico/Empresas/BuscarComprador?ticket=F8537A18-6766-4DEF-9E59-426B4FEE2844;https://www.dipres.gob.cl/597/w3-multipropertyvalues-15145-37782.html
PUB-CL-08BD703CDD722F19B3F0;DELEGACIÓN PRESIDENCIAL PROVINCIAL DE AYSÉN;DELEGACION PRESIDENCIAL PROVINCIAL DE AYSEN;CHILECOMPRA_MERCADO_PUBLICO;7059;true;false;PRESIDENTIAL_DELEGATION;false;60511111-4;ENT-RUT-60511111-4;DELEGACIÓN PRESIDENCIAL PROVINCIAL DE AYSÉN;EXACT_NORMALIZED_NAME_UNIQUE;HIGH;https://datos-abiertos.chilecompra.cl/organismos-compradores;https://api.mercadopublico.cl/servicios/v1/Publico/Empresas/BuscarComprador?ticket=F8537A18-6766-4DEF-9E59-426B4FEE2844;https://www.dipres.gob.cl/597/w3-multipropertyvalues-15145-37782.html
PUB-CL-93694B3A0C094E24D2DB;DELEGACIÓN PRESIDENCIAL PROVINCIAL DE CAPITÁN PRAT;DELEGACION PRESIDENCIAL PROVINCIAL DE CAPITAN PRAT;CHILECOMPRA_MERCADO_PUBLICO;7134;true;false;PRESIDENTIAL_DELEGATION;false;60511113-0;ENT-RUT-60511113-0;DELEGACIÓN PRESIDENCIAL PROVINCIAL DE CAPITÁN PRAT;EXACT_NORMALIZED_NAME_UNIQUE;HIGH;https://datos-abiertos.chilecompra.cl/organismos-compradores;https://api.mercadopublico.cl/servicios/v1/Publico/Empresas/BuscarComprador?ticket=F8537A18-6766-4DEF-9E59-426B4FEE2844;https://www.dipres.gob.cl/597/w3-multipropertyvalues-15145-37782.html
PUB-CL-72CD6395C2B7860D126D;DELEGACIÓN PRESIDENCIAL PROVINCIAL DE CARDENAL CARO;DELEGACION PRESIDENCIAL PROVINCIAL DE CARDENAL CARO;CHILECOMPRA_MERCADO_PUBLICO;7387;true;false;PRESIDENTIAL_DELEGATION;false;60511141-6;ENT-RUT-60511141-6;DELEGACIÓN PRESIDENCIAL PROVINCIAL DE CARDENAL CARO;EXACT_NORMALIZED_NAME_UNIQUE;HIGH;https://datos-abiertos.chilecompra.cl/organismos-compradores;https://api.mercadopublico.cl/servicios/v1/Publico/Empresas/BuscarComprador?ticket=F8537A18-6766-4DEF-9E59-426B4FEE2844;https://www.dipres.gob.cl/597/w3-multipropertyvalues-15145-37782.html
PUB-CL-934CA857DF3CD9FA2562;DELEGACIÓN PRESIDENCIAL PROVINCIAL DE CAUQUENES;DELEGACION PRESIDENCIAL PROVINCIAL DE CAUQUENES;CHILECOMPRA_MERCADO_PUBLICO;7281;true;false;PRESIDENTIAL_DELEGATION;false;60511140-8;ENT-RUT-60511140-8;DELEGACIÓN PRESIDENCIAL PROVINCIAL DE CAUQUENES;EXACT_NORMALIZED_NAME_UNIQUE;HIGH;https://datos-abiertos.chilecompra.cl/organismos-compradores;https://api.mercadopublico.cl/servicios/v1/Publico/Empresas/BuscarComprador?ticket=F8537A18-6766-4DEF-9E59-426B4FEE2844;https://www.dipres.gob.cl/597/w3-multipropertyvalues-15145-37782.html
PUB-CL-8C6E02B54ED4E2E71C2E;DELEGACIÓN PRESIDENCIAL PROVINCIAL DE CHACABUCO;DELEGACION PRESIDENCIAL PROVINCIAL DE CHACABUCO;CHILECOMPRA_MERCADO_PUBLICO;7271;true;false;PRESIDENTIAL_DELEGATION;false;71537200-2;ENT-RUT-71537200-2;DELEGACIÓN PRESIDENCIAL PROVINCIAL DE CHACABUCO;EXACT_NORMALIZED_NAME_UNIQUE;HIGH;https://datos-abiertos.chilecompra.cl/organismos-compradores;https://api.mercadopublico.cl/servicios/v1/Publico/Empresas/BuscarComprador?ticket=F8537A18-6766-4DEF-9E59-426B4FEE2844;https://www.dipres.gob.cl/597/w3-multipropertyvalues-15145-37782.html
PUB-CL-ADD9A751FBFF8DC09EE5;DELEGACIÓN PRESIDENCIAL PROVINCIAL DE CHAÑARAL;DELEGACION PRESIDENCIAL PROVINCIAL DE CHANARAL;CHILECOMPRA_MERCADO_PUBLICO;7155;true;false;PRESIDENTIAL_DELEGATION;false;60511032-0;ENT-RUT-60511032-0;DELEGACIÓN PRESIDENCIAL PROVINCIAL DE CHAÑARAL;EXACT_NORMALIZED_NAME_UNIQUE;HIGH;https://datos-abiertos.chilecompra.cl/organismos-compradores;https://api.mercadopublico.cl/servicios/v1/Publico/Empresas/BuscarComprador?ticket=F8537A18-6766-4DEF-9E59-426B4FEE2844;https://www.dipres.gob.cl/597/w3-multipropertyvalues-15145-37782.html
PUB-CL-F424D0EB8335D29C4442;DELEGACIÓN PRESIDENCIAL PROVINCIAL DE CHILOÉ;DELEGACION PRESIDENCIAL PROVINCIAL DE CHILOE;CHILECOMPRA_MERCADO_PUBLICO;7499;true;false;PRESIDENTIAL_DELEGATION;false;60511104-1;ENT-RUT-60511104-1;DELEGACIÓN PRESIDENCIAL PROVINCIAL DE CHILOÉ;EXACT_NORMALIZED_NAME_UNIQUE;HIGH;https://datos-abiertos.chilecompra.cl/organismos-compradores;https://api.mercadopublico.cl/servicios/v1/Publico/Empresas/BuscarComprador?ticket=F8537A18-6766-4DEF-9E59-426B4FEE2844;https://www.dipres.gob.cl/597/w3-multipropertyvalues-15145-37782.html
PUB-CL-5325C156F23FAB4E20BA;DELEGACIÓN PRESIDENCIAL PROVINCIAL DE CHOAPA;DELEGACION PRESIDENCIAL PROVINCIAL DE CHOAPA;CHILECOMPRA_MERCADO_PUBLICO;7286;true;false;PRESIDENTIAL_DELEGATION;false;60511043-6;ENT-RUT-60511043-6;DELEGACIÓN PRESIDENCIAL PROVINCIAL DE CHOAPA;EXACT_NORMALIZED_NAME_UNIQUE;HIGH;https://datos-abiertos.chilecompra.cl/organismos-compradores;https://api.mercadopublico.cl/servicios/v1/Publico/Empresas/BuscarComprador?ticket=F8537A18-6766-4DEF-9E59-426B4FEE2844;https://www.dipres.gob.cl/597/w3-multipropertyvalues-15145-37782.html
PUB-CL-2B187F0B673C400123A6;DELEGACIÓN PRESIDENCIAL PROVINCIAL DE COLCHAGUA;DELEGACION PRESIDENCIAL PROVINCIAL DE COLCHAGUA;CHILECOMPRA_MERCADO_PUBLICO;7376;true;false;PRESIDENTIAL_DELEGATION;false;60511062-2;ENT-RUT-60511062-2;DELEGACIÓN PRESIDENCIAL PROVINCIAL DE COLCHAGUA;EXACT_NORMALIZED_NAME_UNIQUE;HIGH;https://datos-abiertos.chilecompra.cl/organismos-compradores;https://api.mercadopublico.cl/servicios/v1/Publico/Empresas/BuscarComprador?ticket=F8537A18-6766-4DEF-9E59-426B4FEE2844;https://www.dipres.gob.cl/597/w3-multipropertyvalues-15145-37782.html
PUB-CL-BB8C537C48ED514FDA1E;DELEGACIÓN PRESIDENCIAL PROVINCIAL DE CORDILLERA;DELEGACION PRESIDENCIAL PROVINCIAL DE CORDILLERA;CHILECOMPRA_MERCADO_PUBLICO;7284;true;false;PRESIDENTIAL_DELEGATION;false;60511131-9;ENT-RUT-60511131-9;DELEGACIÓN PRESIDENCIAL PROVINCIAL DE CORDILLERA;EXACT_NORMALIZED_NAME_UNIQUE;HIGH;https://datos-abiertos.chilecompra.cl/organismos-compradores;https://api.mercadopublico.cl/servicios/v1/Publico/Empresas/BuscarComprador?ticket=F8537A18-6766-4DEF-9E59-426B4FEE2844;https://www.dipres.gob.cl/597/w3-multipropertyvalues-15145-37782.html
PUB-CL-F5DDB9D02AA92DDE6777;DELEGACIÓN PRESIDENCIAL PROVINCIAL DE CURICÓ;DELEGACION PRESIDENCIAL PROVINCIAL DE CURICO;CHILECOMPRA_MERCADO_PUBLICO;7263;true;false;PRESIDENTIAL_DELEGATION;false;60511071-1;ENT-RUT-60511071-1;DELEGACIÓN PRESIDENCIAL PROVINCIAL DE CURICÓ;EXACT_NORMALIZED_NAME_UNIQUE;HIGH;https://datos-abiertos.chilecompra.cl/organismos-compradores;https://api.mercadopublico.cl/servicios/v1/Publico/Empresas/BuscarComprador?ticket=F8537A18-6766-4DEF-9E59-426B4FEE2844;https://www.dipres.gob.cl/597/w3-multipropertyvalues-15145-37782.html
PUB-CL-7A0160037A7707CC3063;DELEGACIÓN PRESIDENCIAL PROVINCIAL DE EL LOA;DELEGACION PRESIDENCIAL PROVINCIAL DE EL LOA;CHILECOMPRA_MERCADO_PUBLICO;7237;true;false;PRESIDENTIAL_DELEGATION;false;60511023-1;ENT-RUT-60511023-1;DELEGACIÓN PRESIDENCIAL PROVINCIAL DE EL LOA;EXACT_NORMALIZED_NAME_UNIQUE;HIGH;https://datos-abiertos.chilecompra.cl/organismos-compradores;https://api.mercadopublico.cl/servicios/v1/Publico/Empresas/BuscarComprador?ticket=F8537A18-6766-4DEF-9E59-426B4FEE2844;https://www.dipres.gob.cl/597/w3-multipropertyvalues-15145-37782.html
PUB-CL-062618AB919BF7136B60;DELEGACIÓN PRESIDENCIAL PROVINCIAL DE GENERAL CARRERA;DELEGACION PRESIDENCIAL PROVINCIAL DE GENERAL CARRERA;CHILECOMPRA_MERCADO_PUBLICO;7309;true;false;PRESIDENTIAL_DELEGATION;false;60511112-2;ENT-RUT-60511112-2;DELEGACIÓN PRESIDENCIAL PROVINCIAL DE GENERAL CARRERA;EXACT_NORMALIZED_NAME_UNIQUE;HIGH;https://datos-abiertos.chilecompra.cl/organismos-compradores;https://api.mercadopublico.cl/servicios/v1/Publico/Empresas/BuscarComprador?ticket=F8537A18-6766-4DEF-9E59-426B4FEE2844;https://www.dipres.gob.cl/597/w3-multipropertyvalues-15145-37782.html
PUB-CL-7833AA2600DD8AD1BE47;DELEGACIÓN PRESIDENCIAL PROVINCIAL DE HUASCO;DELEGACION PRESIDENCIAL PROVINCIAL DE HUASCO;CHILECOMPRA_MERCADO_PUBLICO;7150;true;false;PRESIDENTIAL_DELEGATION;false;60511033-9;ENT-RUT-60511033-9;DELEGACIÓN PRESIDENCIAL PROVINCIAL DE HUASCO;EXACT_NORMALIZED_NAME_UNIQUE;HIGH;https://datos-abiertos.chilecompra.cl/organismos-compradores;https://api.mercadopublico.cl/servicios/v1/Publico/Empresas/BuscarComprador?ticket=F8537A18-6766-4DEF-9E59-426B4FEE2844;https://www.dipres.gob.cl/597/w3-multipropertyvalues-15145-37782.html
PUB-CL-E94C798F37F0BC22B506;DELEGACIÓN PRESIDENCIAL PROVINCIAL DE ISLA DE PASCUA;DELEGACION PRESIDENCIAL PROVINCIAL DE ISLA DE PASCUA;CHILECOMPRA_MERCADO_PUBLICO;135959;true;false;PRESIDENTIAL_DELEGATION;false;60511053-3;ENT-RUT-60511053-3;DELEGACIÓN PRESIDENCIAL PROVINCIAL DE ISLA DE PASCUA;EXACT_NORMALIZED_NAME_UNIQUE;HIGH;https://datos-abiertos.chilecompra.cl/organismos-compradores;https://api.mercadopublico.cl/servicios/v1/Publico/Empresas/BuscarComprador?ticket=F8537A18-6766-4DEF-9E59-426B4FEE2844;https://www.dipres.gob.cl/597/w3-multipropertyvalues-15145-37782.html
PUB-CL-FABC4D83BBFDBF4801FE;DELEGACIÓN PRESIDENCIAL PROVINCIAL DE LA ANTÁRTICA CHILENA;DELEGACION PRESIDENCIAL PROVINCIAL DE LA ANTARTICA CHILENA;CHILECOMPRA_MERCADO_PUBLICO;7148;true;false;PRESIDENTIAL_DELEGATION;false;60511124-6;ENT-RUT-60511124-6;DELEGACIÓN PRESIDENCIAL PROVINCIAL DE LA ANTÁRTICA CHILENA;EXACT_NORMALIZED_NAME_UNIQUE;HIGH;https://datos-abiertos.chilecompra.cl/organismos-compradores;https://api.mercadopublico.cl/servicios/v1/Publico/Empresas/BuscarComprador?ticket=F8537A18-6766-4DEF-9E59-426B4FEE2844;https://www.dipres.gob.cl/597/w3-multipropertyvalues-15145-37782.html
PUB-CL-9254F267A5823E524ACF;DELEGACIÓN PRESIDENCIAL PROVINCIAL DE LIMARÍ;DELEGACION PRESIDENCIAL PROVINCIAL DE LIMARI;CHILECOMPRA_MERCADO_PUBLICO;7037;true;false;PRESIDENTIAL_DELEGATION;false;60511042-8;ENT-RUT-60511042-8;DELEGACIÓN PRESIDENCIAL PROVINCIAL DE LIMARÍ;EXACT_NORMALIZED_NAME_UNIQUE;HIGH;https://datos-abiertos.chilecompra.cl/organismos-compradores;https://api.mercadopublico.cl/servicios/v1/Publico/Empresas/BuscarComprador?ticket=F8537A18-6766-4DEF-9E59-426B4FEE2844;https://www.dipres.gob.cl/597/w3-multipropertyvalues-15145-37782.html
PUB-CL-AFEECF71EB522D733D26;DELEGACIÓN PRESIDENCIAL PROVINCIAL DE LINARES;DELEGACION PRESIDENCIAL PROVINCIAL DE LINARES;CHILECOMPRA_MERCADO_PUBLICO;7282;true;false;PRESIDENTIAL_DELEGATION;false;60511073-8;ENT-RUT-60511073-8;DELEGACIÓN PRESIDENCIAL PROVINCIAL DE LINARES;EXACT_NORMALIZED_NAME_UNIQUE;HIGH;https://datos-abiertos.chilecompra.cl/organismos-compradores;https://api.mercadopublico.cl/servicios/v1/Publico/Empresas/BuscarComprador?ticket=F8537A18-6766-4DEF-9E59-426B4FEE2844;https://www.dipres.gob.cl/597/w3-multipropertyvalues-15145-37782.html
PUB-CL-9112F854D059A7E3D83A;DELEGACIÓN PRESIDENCIAL PROVINCIAL DE MAIPO;DELEGACION PRESIDENCIAL PROVINCIAL DE MAIPO;CHILECOMPRA_MERCADO_PUBLICO;7253;true;false;PRESIDENTIAL_DELEGATION;false;60511136-K;ENT-RUT-60511136-K;DELEGACIÓN PRESIDENCIAL PROVINCIAL DE MAIPO;EXACT_NORMALIZED_NAME_UNIQUE;HIGH;https://datos-abiertos.chilecompra.cl/organismos-compradores;https://api.mercadopublico.cl/servicios/v1/Publico/Empresas/BuscarComprador?ticket=F8537A18-6766-4DEF-9E59-426B4FEE2844;https://www.dipres.gob.cl/597/w3-multipropertyvalues-15145-37782.html
PUB-CL-132EB421F9CF147180EB;DELEGACIÓN PRESIDENCIAL PROVINCIAL DE MALLECO;DELEGACION PRESIDENCIAL PROVINCIAL DE MALLECO;CHILECOMPRA_MERCADO_PUBLICO;7275;true;false;PRESIDENTIAL_DELEGATION;false;60511091-6;ENT-RUT-60511091-6;DELEGACIÓN PRESIDENCIAL PROVINCIAL DE MALLECO;EXACT_NORMALIZED_NAME_UNIQUE;HIGH;https://datos-abiertos.chilecompra.cl/organismos-compradores;https://api.mercadopublico.cl/servicios/v1/Publico/Empresas/BuscarComprador?ticket=F8537A18-6766-4DEF-9E59-426B4FEE2844;https://www.dipres.gob.cl/597/w3-multipropertyvalues-15145-37782.html
PUB-CL-CB381F20667CC829A42D;DELEGACIÓN PRESIDENCIAL PROVINCIAL DE MARGA MARGA;DELEGACION PRESIDENCIAL PROVINCIAL DE MARGA MARGA;CHILECOMPRA_MERCADO_PUBLICO;1163597;true;false;PRESIDENTIAL_DELEGATION;false;61979850-3;ENT-RUT-61979850-3;DELEGACIÓN PRESIDENCIAL PROVINCIAL DE MARGA MARGA;EXACT_NORMALIZED_NAME_UNIQUE;HIGH;https://datos-abiertos.chilecompra.cl/organismos-compradores;https://api.mercadopublico.cl/servicios/v1/Publico/Empresas/BuscarComprador?ticket=F8537A18-6766-4DEF-9E59-426B4FEE2844;https://www.dipres.gob.cl/597/w3-multipropertyvalues-15145-37782.html
PUB-CL-AF5ED1029F9FED552B1E;DELEGACIÓN PRESIDENCIAL PROVINCIAL DE MELIPILLA;DELEGACION PRESIDENCIAL PROVINCIAL DE MELIPILLA;CHILECOMPRA_MERCADO_PUBLICO;7056;true;false;PRESIDENTIAL_DELEGATION;false;60511133-5;ENT-RUT-60511133-5;DELEGACIÓN PRESIDENCIAL PROVINCIAL DE MELIPILLA;EXACT_NORMALIZED_NAME_UNIQUE;HIGH;https://datos-abiertos.chilecompra.cl/organismos-compradores;https://api.mercadopublico.cl/servicios/v1/Publico/Empresas/BuscarComprador?ticket=F8537A18-6766-4DEF-9E59-426B4FEE2844;https://www.dipres.gob.cl/597/w3-multipropertyvalues-15145-37782.html
PUB-CL-563E7EC59587DBF324CD;DELEGACIÓN PRESIDENCIAL PROVINCIAL DE OSORNO;DELEGACION PRESIDENCIAL PROVINCIAL DE OSORNO;CHILECOMPRA_MERCADO_PUBLICO;7283;true;false;PRESIDENTIAL_DELEGATION;false;60511102-5;ENT-RUT-60511102-5;DELEGACIÓN PRESIDENCIAL PROVINCIAL DE OSORNO;EXACT_NORMALIZED_NAME_UNIQUE;HIGH;https://datos-abiertos.chilecompra.cl/organismos-compradores;https://api.mercadopublico.cl/servicios/v1/Publico/Empresas/BuscarComprador?ticket=F8537A18-6766-4DEF-9E59-426B4FEE2844;https://www.dipres.gob.cl/597/w3-multipropertyvalues-15145-37782.html
PUB-CL-ABA0D02EA0DF52ABD838;DELEGACIÓN PRESIDENCIAL PROVINCIAL DE PALENA;DELEGACION PRESIDENCIAL PROVINCIAL DE PALENA;CHILECOMPRA_MERCADO_PUBLICO;7252;true;false;PRESIDENTIAL_DELEGATION;false;61955300-4;ENT-RUT-61955300-4;DELEGACIÓN PRESIDENCIAL PROVINCIAL DE PALENA;EXACT_NORMALIZED_NAME_UNIQUE;HIGH;https://datos-abiertos.chilecompra.cl/organismos-compradores;https://api.mercadopublico.cl/servicios/v1/Publico/Empresas/BuscarComprador?ticket=F8537A18-6766-4DEF-9E59-426B4FEE2844;https://www.dipres.gob.cl/597/w3-multipropertyvalues-15145-37782.html
PUB-CL-3F2684FD01D5AC6A8A67;DELEGACIÓN PRESIDENCIAL PROVINCIAL DE PARINACOTA;DELEGACION PRESIDENCIAL PROVINCIAL DE PARINACOTA;CHILECOMPRA_MERCADO_PUBLICO;7350;true;false;PRESIDENTIAL_DELEGATION;false;60511139-4;ENT-RUT-60511139-4;DELEGACIÓN PRESIDENCIAL PROVINCIAL DE PARINACOTA;EXACT_NORMALIZED_NAME_UNIQUE;HIGH;https://datos-abiertos.chilecompra.cl/organismos-compradores;https://api.mercadopublico.cl/servicios/v1/Publico/Empresas/BuscarComprador?ticket=F8537A18-6766-4DEF-9E59-426B4FEE2844;https://www.dipres.gob.cl/597/w3-multipropertyvalues-15145-37782.html
PUB-CL-2502BADC9D06DA03FFE1;DELEGACIÓN PRESIDENCIAL PROVINCIAL DE PETORCA;DELEGACION PRESIDENCIAL PROVINCIAL DE PETORCA;CHILECOMPRA_MERCADO_PUBLICO;7420;true;false;PRESIDENTIAL_DELEGATION;false;60511057-6;ENT-RUT-60511057-6;DELEGACIÓN PRESIDENCIAL PROVINCIAL DE PETORCA;EXACT_NORMALIZED_NAME_UNIQUE;HIGH;https://datos-abiertos.chilecompra.cl/organismos-compradores;https://api.mercadopublico.cl/servicios/v1/Publico/Empresas/BuscarComprador?ticket=F8537A18-6766-4DEF-9E59-426B4FEE2844;https://www.dipres.gob.cl/597/w3-multipropertyvalues-15145-37782.html
PUB-CL-34F20B11F3419CE41BA3;DELEGACIÓN PRESIDENCIAL PROVINCIAL DE QUILLOTA;DELEGACION PRESIDENCIAL PROVINCIAL DE QUILLOTA;CHILECOMPRA_MERCADO_PUBLICO;7346;true;false;PRESIDENTIAL_DELEGATION;false;60511052-5;ENT-RUT-60511052-5;DELEGACIÓN PRESIDENCIAL PROVINCIAL DE QUILLOTA;EXACT_NORMALIZED_NAME_UNIQUE;HIGH;https://datos-abiertos.chilecompra.cl/organismos-compradores;https://api.mercadopublico.cl/servicios/v1/Publico/Empresas/BuscarComprador?ticket=F8537A18-6766-4DEF-9E59-426B4FEE2844;https://www.dipres.gob.cl/597/w3-multipropertyvalues-15145-37782.html
PUB-CL-F95F517354B611DE005B;DELEGACIÓN PRESIDENCIAL PROVINCIAL DE SAN ANTONIO;DELEGACION PRESIDENCIAL PROVINCIAL DE SAN ANTONIO;CHILECOMPRA_MERCADO_PUBLICO;111119;true;false;PRESIDENTIAL_DELEGATION;false;60511054-1;ENT-RUT-60511054-1;DELEGACIÓN PRESIDENCIAL PROVINCIAL DE SAN ANTONIO;EXACT_NORMALIZED_NAME_UNIQUE;HIGH;https://datos-abiertos.chilecompra.cl/organismos-compradores;https://api.mercadopublico.cl/servicios/v1/Publico/Empresas/BuscarComprador?ticket=F8537A18-6766-4DEF-9E59-426B4FEE2844;https://www.dipres.gob.cl/597/w3-multipropertyvalues-15145-37782.html
PUB-CL-376FBD17249AC8494E77;DELEGACIÓN PRESIDENCIAL PROVINCIAL DE SAN FELIPE DE ACONCAGUA;DELEGACION PRESIDENCIAL PROVINCIAL DE SAN FELIPE DE ACONCAGUA;CHILECOMPRA_MERCADO_PUBLICO;7495;true;false;PRESIDENTIAL_DELEGATION;false;60511055-K;ENT-RUT-60511055-K;DELEGACIÓN PRESIDENCIAL PROVINCIAL DE SAN FELIPE DE ACONCAGUA;EXACT_NORMALIZED_NAME_UNIQUE;HIGH;https://datos-abiertos.chilecompra.cl/organismos-compradores;https://api.mercadopublico.cl/servicios/v1/Publico/Empresas/BuscarComprador?ticket=F8537A18-6766-4DEF-9E59-426B4FEE2844;https://www.dipres.gob.cl/597/w3-multipropertyvalues-15145-37782.html
PUB-CL-1A8C74ECAF22EB7B933E;DELEGACIÓN PRESIDENCIAL PROVINCIAL DE TALAGANTE;DELEGACION PRESIDENCIAL PROVINCIAL DE TALAGANTE;CHILECOMPRA_MERCADO_PUBLICO;7055;true;false;PRESIDENTIAL_DELEGATION;false;60511132-7;ENT-RUT-60511132-7;DELEGACIÓN PRESIDENCIAL PROVINCIAL DE TALAGANTE;EXACT_NORMALIZED_NAME_UNIQUE;HIGH;https://datos-abiertos.chilecompra.cl/organismos-compradores;https://api.mercadopublico.cl/servicios/v1/Publico/Empresas/BuscarComprador?ticket=F8537A18-6766-4DEF-9E59-426B4FEE2844;https://www.dipres.gob.cl/597/w3-multipropertyvalues-15145-37782.html
PUB-CL-E6B5E95ACEE578B3C9FF;DELEGACIÓN PRESIDENCIAL PROVINCIAL DE TIERRA DEL FUEGO;DELEGACION PRESIDENCIAL PROVINCIAL DE TIERRA DEL FUEGO;CHILECOMPRA_MERCADO_PUBLICO;7381;true;false;PRESIDENTIAL_DELEGATION;false;60511123-8;ENT-RUT-60511123-8;DELEGACIÓN PRESIDENCIAL PROVINCIAL DE TIERRA DEL FUEGO;EXACT_NORMALIZED_NAME_UNIQUE;HIGH;https://datos-abiertos.chilecompra.cl/organismos-compradores;https://api.mercadopublico.cl/servicios/v1/Publico/Empresas/BuscarComprador?ticket=F8537A18-6766-4DEF-9E59-426B4FEE2844;https://www.dipres.gob.cl/597/w3-multipropertyvalues-15145-37782.html
PUB-CL-90D95745D36413DDC0A9;DELEGACIÓN PRESIDENCIAL PROVINCIAL DE TOCOPILLA;DELEGACION PRESIDENCIAL PROVINCIAL DE TOCOPILLA;CHILECOMPRA_MERCADO_PUBLICO;7063;true;false;PRESIDENTIAL_DELEGATION;false;60511021-5;ENT-RUT-60511021-5;DELEGACIÓN PRESIDENCIAL PROVINCIAL DE TOCOPILLA;EXACT_NORMALIZED_NAME_UNIQUE;HIGH;https://datos-abiertos.chilecompra.cl/organismos-compradores;https://api.mercadopublico.cl/servicios/v1/Publico/Empresas/BuscarComprador?ticket=F8537A18-6766-4DEF-9E59-426B4FEE2844;https://www.dipres.gob.cl/597/w3-multipropertyvalues-15145-37782.html
PUB-CL-12D8CCD374051F5FBA4E;DELEGACIÓN PRESIDENCIAL PROVINCIAL DE ÚLTIMA ESPERANZA;DELEGACION PRESIDENCIAL PROVINCIAL DE ULTIMA ESPERANZA;CHILECOMPRA_MERCADO_PUBLICO;7264;true;false;PRESIDENTIAL_DELEGATION;false;60511122-K;ENT-RUT-60511122-K;DELEGACIÓN PRESIDENCIAL PROVINCIAL DE ÚLTIMA ESPERANZA;EXACT_NORMALIZED_NAME_UNIQUE;HIGH;https://datos-abiertos.chilecompra.cl/organismos-compradores;https://api.mercadopublico.cl/servicios/v1/Publico/Empresas/BuscarComprador?ticket=F8537A18-6766-4DEF-9E59-426B4FEE2844;https://www.dipres.gob.cl/597/w3-multipropertyvalues-15145-37782.html
PUB-CL-6573E4319F19E19B9B1D;DELEGACIÓN PRESIDENCIAL PROVINCIAL DEL BIOBÍO;DELEGACION PRESIDENCIAL PROVINCIAL DEL BIOBIO;CHILECOMPRA_MERCADO_PUBLICO;7140;true;false;PRESIDENTIAL_DELEGATION;false;60511084-3;ENT-RUT-60511084-3;DELEGACIÓN PRESIDENCIAL PROVINCIAL DEL BIOBÍO;EXACT_NORMALIZED_NAME_UNIQUE;HIGH;https://datos-abiertos.chilecompra.cl/organismos-compradores;https://api.mercadopublico.cl/servicios/v1/Publico/Empresas/BuscarComprador?ticket=F8537A18-6766-4DEF-9E59-426B4FEE2844;https://www.dipres.gob.cl/597/w3-multipropertyvalues-15145-37782.html
PUB-CL-4983B88B0B393532C263;DELEGACIÓN PRESIDENCIAL PROVINCIAL DEL RANCO;DELEGACION PRESIDENCIAL PROVINCIAL DEL RANCO;CHILECOMPRA_MERCADO_PUBLICO;269793;true;false;PRESIDENTIAL_DELEGATION;false;65852930-7;ENT-RUT-65852930-7;DELEGACIÓN PRESIDENCIAL PROVINCIAL DEL RANCO;EXACT_NORMALIZED_NAME_UNIQUE;HIGH;https://datos-abiertos.chilecompra.cl/organismos-compradores;https://api.mercadopublico.cl/servicios/v1/Publico/Empresas/BuscarComprador?ticket=F8537A18-6766-4DEF-9E59-426B4FEE2844;https://www.dipres.gob.cl/597/w3-multipropertyvalues-15145-37782.html
PUB-CL-783649317A3A8BC508B5;DELEGACIÓN PRESIDENCIAL PROVINCIAL DEL TAMARUGAL;DELEGACION PRESIDENCIAL PROVINCIAL DEL TAMARUGAL;CHILECOMPRA_MERCADO_PUBLICO;275314;true;false;PRESIDENTIAL_DELEGATION;false;61979010-3;ENT-RUT-61979010-3;DELEGACIÓN PRESIDENCIAL PROVINCIAL DEL TAMARUGAL;EXACT_NORMALIZED_NAME_UNIQUE;HIGH;https://datos-abiertos.chilecompra.cl/organismos-compradores;https://api.mercadopublico.cl/servicios/v1/Publico/Empresas/BuscarComprador?ticket=F8537A18-6766-4DEF-9E59-426B4FEE2844;https://www.dipres.gob.cl/597/w3-multipropertyvalues-15145-37782.html
PUB-CL-9EF152C6611451D12B47;DELEGACIÓN PRESIDENCIAL REGIONAL DE ANTOFAGASTA;DELEGACION PRESIDENCIAL REGIONAL DE ANTOFAGASTA;CHILECOMPRA_MERCADO_PUBLICO;7204;true;false;PRESIDENTIAL_DELEGATION;false;60511020-7;ENT-RUT-60511020-7;DELEGACIÓN PRESIDENCIAL REGIONAL DE ANTOFAGASTA;EXACT_NORMALIZED_NAME_UNIQUE;HIGH;https://datos-abiertos.chilecompra.cl/organismos-compradores;https://api.mercadopublico.cl/servicios/v1/Publico/Empresas/BuscarComprador?ticket=F8537A18-6766-4DEF-9E59-426B4FEE2844;https://www.dipres.gob.cl/597/w3-multipropertyvalues-15145-37782.html
PUB-CL-CDF8C25DE770CB210173;DELEGACIÓN PRESIDENCIAL REGIONAL DE ARICA Y PARINACOTA;DELEGACION PRESIDENCIAL REGIONAL DE ARICA Y PARINACOTA;CHILECOMPRA_MERCADO_PUBLICO;270727;true;false;PRESIDENTIAL_DELEGATION;false;61978970-9;ENT-RUT-61978970-9;DELEGACIÓN PRESIDENCIAL REGIONAL DE ARICA Y PARINACOTA;EXACT_NORMALIZED_NAME_UNIQUE;HIGH;https://datos-abiertos.chilecompra.cl/organismos-compradores;https://api.mercadopublico.cl/servicios/v1/Publico/Empresas/BuscarComprador?ticket=F8537A18-6766-4DEF-9E59-426B4FEE2844;https://www.dipres.gob.cl/597/w3-multipropertyvalues-15145-37782.html
PUB-CL-733E732C949F4A11224C;DELEGACIÓN PRESIDENCIAL REGIONAL DE ATACAMA;DELEGACION PRESIDENCIAL REGIONAL DE ATACAMA;CHILECOMPRA_MERCADO_PUBLICO;7115;true;false;PRESIDENTIAL_DELEGATION;false;60511030-4;ENT-RUT-60511030-4;DELEGACIÓN PRESIDENCIAL REGIONAL DE ATACAMA;EXACT_NORMALIZED_NAME_UNIQUE;HIGH;https://datos-abiertos.chilecompra.cl/organismos-compradores;https://api.mercadopublico.cl/servicios/v1/Publico/Empresas/BuscarComprador?ticket=F8537A18-6766-4DEF-9E59-426B4FEE2844;https://www.dipres.gob.cl/597/w3-multipropertyvalues-15145-37782.html
PUB-CL-71F38C9AB54D4A94AEDD;DELEGACIÓN PRESIDENCIAL REGIONAL DE AYSÉN DEL GENERAL CARLOS IBÁÑEZ DE;DELEGACION PRESIDENCIAL REGIONAL DE AYSEN DEL GENERAL CARLOS IBANEZ DE;CHILECOMPRA_MERCADO_PUBLICO;7229;true;false;PRESIDENTIAL_DELEGATION;false;;;;NO_RUT_MATCH;UNMATCHED;https://datos-abiertos.chilecompra.cl/organismos-compradores;https://api.mercadopublico.cl/servicios/v1/Publico/Empresas/BuscarComprador?ticket=F8537A18-6766-4DEF-9E59-426B4FEE2844;https://www.dipres.gob.cl/597/w3-multipropertyvalues-15145-37782.html
PUB-CL-3523F0BCCAA8C5A9EA83;DELEGACIÓN PRESIDENCIAL REGIONAL DE COQUIMBO;DELEGACION PRESIDENCIAL REGIONAL DE COQUIMBO;CHILECOMPRA_MERCADO_PUBLICO;7236;true;false;PRESIDENTIAL_DELEGATION;false;60511040-1;ENT-RUT-60511040-1;DELEGACIÓN PRESIDENCIAL REGIONAL DE COQUIMBO;EXACT_NORMALIZED_NAME_UNIQUE;HIGH;https://datos-abiertos.chilecompra.cl/organismos-compradores;https://api.mercadopublico.cl/servicios/v1/Publico/Empresas/BuscarComprador?ticket=F8537A18-6766-4DEF-9E59-426B4FEE2844;https://www.dipres.gob.cl/597/w3-multipropertyvalues-15145-37782.html
PUB-CL-1CAD5A7F5978A29D56E8;DELEGACIÓN PRESIDENCIAL REGIONAL DE LA ARAUCANÍA;DELEGACION PRESIDENCIAL REGIONAL DE LA ARAUCANIA;CHILECOMPRA_MERCADO_PUBLICO;7220;true;false;PRESIDENTIAL_DELEGATION;false;60511090-8;ENT-RUT-60511090-8;DELEGACIÓN PRESIDENCIAL REGIONAL DE LA ARAUCANÍA;EXACT_NORMALIZED_NAME_UNIQUE;HIGH;https://datos-abiertos.chilecompra.cl/organismos-compradores;https://api.mercadopublico.cl/servicios/v1/Publico/Empresas/BuscarComprador?ticket=F8537A18-6766-4DEF-9E59-426B4FEE2844;https://www.dipres.gob.cl/597/w3-multipropertyvalues-15145-37782.html
PUB-CL-0A7289205DA661B246B6;DELEGACIÓN PRESIDENCIAL REGIONAL DE LOS LAGOS;DELEGACION PRESIDENCIAL REGIONAL DE LOS LAGOS;CHILECOMPRA_MERCADO_PUBLICO;7215;true;false;PRESIDENTIAL_DELEGATION;false;60511100-9;ENT-RUT-60511100-9;DELEGACIÓN PRESIDENCIAL REGIONAL DE LOS LAGOS;EXACT_NORMALIZED_NAME_UNIQUE;HIGH;https://datos-abiertos.chilecompra.cl/organismos-compradores;https://api.mercadopublico.cl/servicios/v1/Publico/Empresas/BuscarComprador?ticket=F8537A18-6766-4DEF-9E59-426B4FEE2844;https://www.dipres.gob.cl/597/w3-multipropertyvalues-15145-37782.html
PUB-CL-C463181FBA6505176D23;DELEGACIÓN PRESIDENCIAL REGIONAL DE LOS RÍOS;DELEGACION PRESIDENCIAL REGIONAL DE LOS RIOS;CHILECOMPRA_MERCADO_PUBLICO;270726;true;false;PRESIDENTIAL_DELEGATION;false;61978950-4;ENT-RUT-61978950-4;DELEGACIÓN PRESIDENCIAL REGIONAL DE LOS RÍOS;EXACT_NORMALIZED_NAME_UNIQUE;HIGH;https://datos-abiertos.chilecompra.cl/organismos-compradores;https://api.mercadopublico.cl/servicios/v1/Publico/Empresas/BuscarComprador?ticket=F8537A18-6766-4DEF-9E59-426B4FEE2844;https://www.dipres.gob.cl/597/w3-multipropertyvalues-15145-37782.html
PUB-CL-8049C8EA7A1507E451E3;DELEGACIÓN PRESIDENCIAL REGIONAL DE MAGALLANES Y DE LA ANTÁRTICA CHILE;DELEGACION PRESIDENCIAL REGIONAL DE MAGALLANES Y DE LA ANTARTICA CHILE;CHILECOMPRA_MERCADO_PUBLICO;7214;true;false;PRESIDENTIAL_DELEGATION;false;;;;NO_RUT_MATCH;UNMATCHED;https://datos-abiertos.chilecompra.cl/organismos-compradores;https://api.mercadopublico.cl/servicios/v1/Publico/Empresas/BuscarComprador?ticket=F8537A18-6766-4DEF-9E59-426B4FEE2844;https://www.dipres.gob.cl/597/w3-multipropertyvalues-15145-37782.html
PUB-CL-556353828E563D9E7DB5;DELEGACIÓN PRESIDENCIAL REGIONAL DE TARAPACÁ;DELEGACION PRESIDENCIAL REGIONAL DE TARAPACA;CHILECOMPRA_MERCADO_PUBLICO;7234;true;false;PRESIDENTIAL_DELEGATION;false;60511010-K;ENT-RUT-60511010-K;DELEGACIÓN PRESIDENCIAL REGIONAL DE TARAPACÁ;EXACT_NORMALIZED_NAME_UNIQUE;HIGH;https://datos-abiertos.chilecompra.cl/organismos-compradores;https://api.mercadopublico.cl/servicios/v1/Publico/Empresas/BuscarComprador?ticket=F8537A18-6766-4DEF-9E59-426B4FEE2844;https://www.dipres.gob.cl/597/w3-multipropertyvalues-15145-37782.html
PUB-CL-D97F5F4E009E581EE629;DELEGACIÓN PRESIDENCIAL REGIONAL DE VALPARAÍSO;DELEGACION PRESIDENCIAL REGIONAL DE VALPARAISO;CHILECOMPRA_MERCADO_PUBLICO;7196;true;false;PRESIDENTIAL_DELEGATION;false;60511050-9;ENT-RUT-60511050-9;DELEGACIÓN PRESIDENCIAL REGIONAL DE VALPARAÍSO;EXACT_NORMALIZED_NAME_UNIQUE;HIGH;https://datos-abiertos.chilecompra.cl/organismos-compradores;https://api.mercadopublico.cl/servicios/v1/Publico/Empresas/BuscarComprador?ticket=F8537A18-6766-4DEF-9E59-426B4FEE2844;https://www.dipres.gob.cl/597/w3-multipropertyvalues-15145-37782.html
PUB-CL-0FE7DE2C45F87205E398;DELEGACIÓN PRESIDENCIAL REGIONAL DEL BIOBÍO;DELEGACION PRESIDENCIAL REGIONAL DEL BIOBIO;CHILECOMPRA_MERCADO_PUBLICO;7226;true;false;PRESIDENTIAL_DELEGATION;false;60511080-0;ENT-RUT-60511080-0;DELEGACIÓN PRESIDENCIAL REGIONAL DEL BIOBÍO;EXACT_NORMALIZED_NAME_UNIQUE;HIGH;https://datos-abiertos.chilecompra.cl/organismos-compradores;https://api.mercadopublico.cl/servicios/v1/Publico/Empresas/BuscarComprador?ticket=F8537A18-6766-4DEF-9E59-426B4FEE2844;https://www.dipres.gob.cl/597/w3-multipropertyvalues-15145-37782.html
PUB-CL-0CD6E891102CBD7369E3;DELEGACIÓN PRESIDENCIAL REGIONAL DEL LIBERTADOR BERNARDO  O´HIGGINS;DELEGACION PRESIDENCIAL REGIONAL DEL LIBERTADOR BERNARDO O HIGGINS;CHILECOMPRA_MERCADO_PUBLICO;7201;true;false;PRESIDENTIAL_DELEGATION;false;60511060-6;ENT-RUT-60511060-6;DELEGACIÓN PRESIDENCIAL REGIONAL DEL LIBERTADOR BERNARDO  O´HIGGINS;EXACT_NORMALIZED_NAME_UNIQUE;HIGH;https://datos-abiertos.chilecompra.cl/organismos-compradores;https://api.mercadopublico.cl/servicios/v1/Publico/Empresas/BuscarComprador?ticket=F8537A18-6766-4DEF-9E59-426B4FEE2844;https://www.dipres.gob.cl/597/w3-multipropertyvalues-15145-37782.html
PUB-CL-ED5C1521DFF1E7DCBBDB;DELEGACIÓN PRESIDENCIAL REGIONAL DEL MAULE;DELEGACION PRESIDENCIAL REGIONAL DEL MAULE;CHILECOMPRA_MERCADO_PUBLICO;7225;true;false;PRESIDENTIAL_DELEGATION;false;60511070-3;ENT-RUT-60511070-3;DELEGACIÓN PRESIDENCIAL REGIONAL DEL MAULE;EXACT_NORMALIZED_NAME_UNIQUE;HIGH;https://datos-abiertos.chilecompra.cl/organismos-compradores;https://api.mercadopublico.cl/servicios/v1/Publico/Empresas/BuscarComprador?ticket=F8537A18-6766-4DEF-9E59-426B4FEE2844;https://www.dipres.gob.cl/597/w3-multipropertyvalues-15145-37782.html
PUB-CL-7C15FA808E1411B96E36;DELEGACIÓN PRESIDENCIAL REGIONAL METROPOLITANA DE SANTIAGO;DELEGACION PRESIDENCIAL REGIONAL METROPOLITANA DE SANTIAGO;CHILECOMPRA_MERCADO_PUBLICO;7195;true;false;PRESIDENTIAL_DELEGATION;false;60511130-0;ENT-RUT-60511130-0;DELEGACIÓN PRESIDENCIAL REGIONAL METROPOLITANA DE SANTIAGO;EXACT_NORMALIZED_NAME_UNIQUE;HIGH;https://datos-abiertos.chilecompra.cl/organismos-compradores;https://api.mercadopublico.cl/servicios/v1/Publico/Empresas/BuscarComprador?ticket=F8537A18-6766-4DEF-9E59-426B4FEE2844;https://www.dipres.gob.cl/597/w3-multipropertyvalues-15145-37782.html
PUB-CL-A0582ABA3052D0F96376;GOBERNACION PROVINCIAL DE CACHAPOAL;GOBERNACION PROVINCIAL DE CACHAPOAL;CHILECOMPRA_MERCADO_PUBLICO;7379;true;false;PRESIDENTIAL_DELEGATION;false;60511061-4;ENT-RUT-60511061-4;GOBERNACION PROVINCIAL DE CACHAPOAL;EXACT_NORMALIZED_NAME_UNIQUE;HIGH;https://datos-abiertos.chilecompra.cl/organismos-compradores;https://api.mercadopublico.cl/servicios/v1/Publico/Empresas/BuscarComprador?ticket=F8537A18-6766-4DEF-9E59-426B4FEE2844;https://www.dipres.gob.cl/597/w3-multipropertyvalues-15145-37782.html
PUB-CL-D2A42724F8034D31CB2D;GOBERNACION PROVINCIAL DE COYHAIQUE;GOBERNACION PROVINCIAL DE COYHAIQUE;CHILECOMPRA_MERCADO_PUBLICO;7292;true;false;PRESIDENTIAL_DELEGATION;false;60511105-K;ENT-RUT-60511105-K;GOBERNACION PROVINCIAL DE COYHAIQUE;EXACT_NORMALIZED_NAME_UNIQUE;HIGH;https://datos-abiertos.chilecompra.cl/organismos-compradores;https://api.mercadopublico.cl/servicios/v1/Publico/Empresas/BuscarComprador?ticket=F8537A18-6766-4DEF-9E59-426B4FEE2844;https://www.dipres.gob.cl/597/w3-multipropertyvalues-15145-37782.html
PUB-CL-8D1A23D2B779EED85E36;GOBERNACION PROVINCIAL DE IQUIQUE;GOBERNACION PROVINCIAL DE IQUIQUE;CHILECOMPRA_MERCADO_PUBLICO;7349;true;false;PRESIDENTIAL_DELEGATION;false;60511012-6;ENT-RUT-60511012-6;GOBERNACION PROVINCIAL DE IQUIQUE;EXACT_NORMALIZED_NAME_UNIQUE;HIGH;https://datos-abiertos.chilecompra.cl/organismos-compradores;https://api.mercadopublico.cl/servicios/v1/Publico/Empresas/BuscarComprador?ticket=F8537A18-6766-4DEF-9E59-426B4FEE2844;https://www.dipres.gob.cl/597/w3-multipropertyvalues-15145-37782.html
PUB-CL-E1A50F69A1184A361A8D;GOBERNACION PROVINCIAL DE LOS ANDES;GOBERNACION PROVINCIAL DE LOS ANDES;CHILECOMPRA_MERCADO_PUBLICO;7009;true;false;PRESIDENTIAL_DELEGATION;false;;;;NO_RUT_MATCH;UNMATCHED;https://datos-abiertos.chilecompra.cl/organismos-compradores;https://api.mercadopublico.cl/servicios/v1/Publico/Empresas/BuscarComprador?ticket=F8537A18-6766-4DEF-9E59-426B4FEE2844;https://www.dipres.gob.cl/597/w3-multipropertyvalues-15145-37782.html
PUB-CL-73D19CA1F4383113D31D;GOBERNACION PROVINCIAL DE MAGALLANES;GOBERNACION PROVINCIAL DE MAGALLANES;CHILECOMPRA_MERCADO_PUBLICO;7484;true;false;PRESIDENTIAL_DELEGATION;false;60511121-1;ENT-RUT-60511121-1;GOBERNACION PROVINCIAL DE MAGALLANES;EXACT_NORMALIZED_NAME_UNIQUE;HIGH;https://datos-abiertos.chilecompra.cl/organismos-compradores;https://api.mercadopublico.cl/servicios/v1/Publico/Empresas/BuscarComprador?ticket=F8537A18-6766-4DEF-9E59-426B4FEE2844;https://www.dipres.gob.cl/597/w3-multipropertyvalues-15145-37782.html
PUB-CL-8E9FFA629BC29CD8E263;GOBERNACION PROVINCIAL DE TALCA;GOBERNACION PROVINCIAL DE TALCA;CHILECOMPRA_MERCADO_PUBLICO;7269;true;false;PRESIDENTIAL_DELEGATION;false;60511072-K;ENT-RUT-60511072-K;GOBERNACION PROVINCIAL DE TALCA;EXACT_NORMALIZED_NAME_UNIQUE;HIGH;https://datos-abiertos.chilecompra.cl/organismos-compradores;https://api.mercadopublico.cl/servicios/v1/Publico/Empresas/BuscarComprador?ticket=F8537A18-6766-4DEF-9E59-426B4FEE2844;https://www.dipres.gob.cl/597/w3-multipropertyvalues-15145-37782.html
PUB-CL-8583011ED2E9D68006BB;GOBERNACION PROVINCIAL DE VALDIVIA;GOBERNACION PROVINCIAL DE VALDIVIA;CHILECOMPRA_MERCADO_PUBLICO;7322;true;false;PRESIDENTIAL_DELEGATION;false;60511101-7;ENT-RUT-60511101-7;GOBERNACION PROVINCIAL DE VALDIVIA;EXACT_NORMALIZED_NAME_UNIQUE;HIGH;https://datos-abiertos.chilecompra.cl/organismos-compradores;https://api.mercadopublico.cl/servicios/v1/Publico/Empresas/BuscarComprador?ticket=F8537A18-6766-4DEF-9E59-426B4FEE2844;https://www.dipres.gob.cl/597/w3-multipropertyvalues-15145-37782.html
PUB-CL-373319216D9ED2600DB9;GOBERNACION PROVINCIAL DE VALPARAISO;GOBERNACION PROVINCIAL DE VALPARAISO;CHILECOMPRA_MERCADO_PUBLICO;7352;true;false;PRESIDENTIAL_DELEGATION;false;60511051-7;ENT-RUT-60511051-7;GOBERNACION PROVINCIAL DE VALPARAISO;EXACT_NORMALIZED_NAME_UNIQUE;HIGH;https://datos-abiertos.chilecompra.cl/organismos-compradores;https://api.mercadopublico.cl/servicios/v1/Publico/Empresas/BuscarComprador?ticket=F8537A18-6766-4DEF-9E59-426B4FEE2844;https://www.dipres.gob.cl/597/w3-multipropertyvalues-15145-37782.html
PUB-CL-BE6FF42FFF164C606D42;Gobernación Provincial de Arica;GOBERNACION PROVINCIAL DE ARICA;CHILECOMPRA_MERCADO_PUBLICO;7357;true;false;PRESIDENTIAL_DELEGATION;false;60511011-8;ENT-RUT-60511011-8;GOBERNACION PROVINCIAL DE ARICA;EXACT_NORMALIZED_NAME_UNIQUE;HIGH;https://datos-abiertos.chilecompra.cl/organismos-compradores;https://api.mercadopublico.cl/servicios/v1/Publico/Empresas/BuscarComprador?ticket=F8537A18-6766-4DEF-9E59-426B4FEE2844;https://www.dipres.gob.cl/597/w3-multipropertyvalues-15145-37782.html
PUB-CL-37C82D6CF0390963A191;Gobernación Provincial de Concepción;GOBERNACION PROVINCIAL DE CONCEPCION;CHILECOMPRA_MERCADO_PUBLICO;7300;true;false;PRESIDENTIAL_DELEGATION;false;60511082-7;ENT-RUT-60511082-7;GOBERNACION PROVINCIAL DE CONCEPCION;EXACT_NORMALIZED_NAME_UNIQUE;HIGH;https://datos-abiertos.chilecompra.cl/organismos-compradores;https://api.mercadopublico.cl/servicios/v1/Publico/Empresas/BuscarComprador?ticket=F8537A18-6766-4DEF-9E59-426B4FEE2844;https://www.dipres.gob.cl/597/w3-multipropertyvalues-15145-37782.html
PUB-CL-96E29391312D709FDD52;Gobernación Provincial de Copiapó;GOBERNACION PROVINCIAL DE COPIAPO;CHILECOMPRA_MERCADO_PUBLICO;7145;true;false;PRESIDENTIAL_DELEGATION;false;60511031-2;ENT-RUT-60511031-2;GOBERNACION PROVINCIAL DE COPIAPO;EXACT_NORMALIZED_NAME_UNIQUE;HIGH;https://datos-abiertos.chilecompra.cl/organismos-compradores;https://api.mercadopublico.cl/servicios/v1/Publico/Empresas/BuscarComprador?ticket=F8537A18-6766-4DEF-9E59-426B4FEE2844;https://www.dipres.gob.cl/597/w3-multipropertyvalues-15145-37782.html
PUB-CL-93CD16B5E16A359FB6B5;Gobernación Provincial de Llanquihue;GOBERNACION PROVINCIAL DE LLANQUIHUE;CHILECOMPRA_MERCADO_PUBLICO;7267;true;false;PRESIDENTIAL_DELEGATION;false;60511103-3;ENT-RUT-60511103-3;GOBERNACION PROVINCIAL DE LLANQUIHUE;EXACT_NORMALIZED_NAME_UNIQUE;HIGH;https://datos-abiertos.chilecompra.cl/organismos-compradores;https://api.mercadopublico.cl/servicios/v1/Publico/Empresas/BuscarComprador?ticket=F8537A18-6766-4DEF-9E59-426B4FEE2844;https://www.dipres.gob.cl/597/w3-multipropertyvalues-15145-37782.html
PUB-CL-F0151B4B27CAB1078B81;Gobernación Provincial de Ñuble;GOBERNACION PROVINCIAL DE NUBLE;CHILECOMPRA_MERCADO_PUBLICO;7142;true;false;PRESIDENTIAL_DELEGATION;false;60511081-9;ENT-RUT-60511081-9;GOBERNACION PROVINCIAL DE NUBLE;EXACT_NORMALIZED_NAME_UNIQUE;HIGH;https://datos-abiertos.chilecompra.cl/organismos-compradores;https://api.mercadopublico.cl/servicios/v1/Publico/Empresas/BuscarComprador?ticket=F8537A18-6766-4DEF-9E59-426B4FEE2844;https://www.dipres.gob.cl/597/w3-multipropertyvalues-15145-37782.html
PUB-CL-229C29AE3B4CE90638CA;CONSULTORIO GENERAL URBANO DR ALEJANDRO GUTIERREZ;CONSULTORIO GENERAL URBANO DR ALEJANDRO GUTIERREZ;CHILECOMPRA_MERCADO_PUBLICO;118627;true;false;PUBLIC_HEALTH;false;61974500-0;ENT-RUT-61974500-0;CONSULTORIO GENERAL URBANO DR ALEJANDRO GUTIERREZ;EXACT_NORMALIZED_NAME_UNIQUE;HIGH;https://datos-abiertos.chilecompra.cl/organismos-compradores;https://api.mercadopublico.cl/servicios/v1/Publico/Empresas/BuscarComprador?ticket=F8537A18-6766-4DEF-9E59-426B4FEE2844;https://www.dipres.gob.cl/597/w3-multipropertyvalues-15145-37782.html
PUB-CL-3D44E1F0FFD6CD03E7F7;CONSULTORIO GENERAL URBANO VICTOR DOMINGO SILVA;CONSULTORIO GENERAL URBANO VICTOR DOMINGO SILVA;CHILECOMPRA_MERCADO_PUBLICO;118630;true;false;PUBLIC_HEALTH;false;61974700-3;ENT-RUT-61974700-3;CONSULTORIO GENERAL URBANO VICTOR DOMINGO SILVA;EXACT_NORMALIZED_NAME_UNIQUE;HIGH;https://datos-abiertos.chilecompra.cl/organismos-compradores;https://api.mercadopublico.cl/servicios/v1/Publico/Empresas/BuscarComprador?ticket=F8537A18-6766-4DEF-9E59-426B4FEE2844;https://www.dipres.gob.cl/597/w3-multipropertyvalues-15145-37782.html
PUB-CL-A31898047E72B1EF993A;CONSULTORIO GENERAL URBANO VIOLETA PARRA;CONSULTORIO GENERAL URBANO VIOLETA PARRA;CHILECOMPRA_MERCADO_PUBLICO;7144;true;false;PUBLIC_HEALTH;false;61931800-5;ENT-RUT-61931800-5;CONSULTORIO GENERAL URBANO VIOLETA PARRA;EXACT_NORMALIZED_NAME_UNIQUE;HIGH;https://datos-abiertos.chilecompra.cl/organismos-compradores;https://api.mercadopublico.cl/servicios/v1/Publico/Empresas/BuscarComprador?ticket=F8537A18-6766-4DEF-9E59-426B4FEE2844;https://www.dipres.gob.cl/597/w3-multipropertyvalues-15145-37782.html
PUB-CL-27909205733C1AF90D02;Consultorio Miraflores;CONSULTORIO MIRAFLORES;CHILECOMPRA_MERCADO_PUBLICO;7133;true;false;PUBLIC_HEALTH;false;70744700-1;ENT-RUT-70744700-1;CONSULTORIO MIRAFLORES;EXACT_NORMALIZED_NAME_UNIQUE;HIGH;https://datos-abiertos.chilecompra.cl/organismos-compradores;https://api.mercadopublico.cl/servicios/v1/Publico/Empresas/BuscarComprador?ticket=F8537A18-6766-4DEF-9E59-426B4FEE2844;https://www.dipres.gob.cl/597/w3-multipropertyvalues-15145-37782.html
PUB-CL-19CD759BC06CBBF51AB0;FONDO HOSPITAL DE LA DIRECCION DE PREVISION DE CARABINEROS DE CHILE;FONDO HOSPITAL DE LA DIRECCION DE PREVISION DE CARABINEROS DE CHILE;CHILECOMPRA_MERCADO_PUBLICO;220665;true;false;PUBLIC_HEALTH;false;61513003-6;ENT-RUT-61513003-6;FONDO HOSPITAL DE LA DIRECCION DE PREVISION DE CARABINEROS DE CHILE;EXACT_NORMALIZED_NAME_UNIQUE;HIGH;https://datos-abiertos.chilecompra.cl/organismos-compradores;https://api.mercadopublico.cl/servicios/v1/Publico/Empresas/BuscarComprador?ticket=F8537A18-6766-4DEF-9E59-426B4FEE2844;https://www.dipres.gob.cl/597/w3-multipropertyvalues-15145-37782.html
PUB-CL-FAE7795784A948EEED8B;HOSPITAL ADRIANA COUSINO DE QUINTERO;HOSPITAL ADRIANA COUSINO DE QUINTERO;CHILECOMPRA_MERCADO_PUBLICO;7348;true;false;PUBLIC_HEALTH;false;61606603-K;ENT-RUT-61606603-K;HOSPITAL ADRIANA COUSINO DE QUINTERO;EXACT_NORMALIZED_NAME_UNIQUE;HIGH;https://datos-abiertos.chilecompra.cl/organismos-compradores;https://api.mercadopublico.cl/servicios/v1/Publico/Empresas/BuscarComprador?ticket=F8537A18-6766-4DEF-9E59-426B4FEE2844;https://www.dipres.gob.cl/597/w3-multipropertyvalues-15145-37782.html
PUB-CL-52929C54B2D80FE0BDA8;HOSPITAL BASE OSORNO;HOSPITAL BASE OSORNO;CHILECOMPRA_MERCADO_PUBLICO;7393;true;false;PUBLIC_HEALTH;false;61602260-1;ENT-RUT-61602260-1;HOSPITAL BASE OSORNO;EXACT_NORMALIZED_NAME_UNIQUE;HIGH;https://datos-abiertos.chilecompra.cl/organismos-compradores;https://api.mercadopublico.cl/servicios/v1/Publico/Empresas/BuscarComprador?ticket=F8537A18-6766-4DEF-9E59-426B4FEE2844;https://www.dipres.gob.cl/597/w3-multipropertyvalues-15145-37782.html
PUB-CL-9BF1C63C7888257D5C5B;HOSPITAL CLINICO DE MAGALLANES DR. LAUTARO NAVARRO AVARIA;HOSPITAL CLINICO DE MAGALLANES DR LAUTARO NAVARRO AVARIA;CHILECOMPRA_MERCADO_PUBLICO;7297;true;false;PUBLIC_HEALTH;false;61607901-8;ENT-RUT-61607901-8;HOSPITAL CLINICO DE MAGALLANES DR. LAUTARO NAVARRO AVARIA;EXACT_NORMALIZED_NAME_UNIQUE;HIGH;https://datos-abiertos.chilecompra.cl/organismos-compradores;https://api.mercadopublico.cl/servicios/v1/Publico/Empresas/BuscarComprador?ticket=F8537A18-6766-4DEF-9E59-426B4FEE2844;https://www.dipres.gob.cl/597/w3-multipropertyvalues-15145-37782.html
PUB-CL-050BEA2348A9870701DC;HOSPITAL CLINICO HERMINDA MARTIN;HOSPITAL CLINICO HERMINDA MARTIN;CHILECOMPRA_MERCADO_PUBLICO;7042;true;false;PUBLIC_HEALTH;false;61607001-0;ENT-RUT-61607001-0;HOSPITAL CLINICO HERMINDA MARTIN;EXACT_NORMALIZED_NAME_UNIQUE;HIGH;https://datos-abiertos.chilecompra.cl/organismos-compradores;https://api.mercadopublico.cl/servicios/v1/Publico/Empresas/BuscarComprador?ticket=F8537A18-6766-4DEF-9E59-426B4FEE2844;https://www.dipres.gob.cl/597/w3-multipropertyvalues-15145-37782.html
PUB-CL-0A5D25366CB27EAEA79F;HOSPITAL CLINICO METROPOLITANO DE LA FLORIDA DOCTORA ELOISA DIAZ;HOSPITAL CLINICO METROPOLITANO DE LA FLORIDA DOCTORA ELOISA DIAZ;CHILECOMPRA_MERCADO_PUBLICO;1375151;true;false;PUBLIC_HEALTH;false;65075485-9;ENT-RUT-65075485-9;HOSPITAL CLINICO METROPOLITANO DE LA FLORIDA DOCTORA ELOISA DIAZ;EXACT_NORMALIZED_NAME_UNIQUE;HIGH;https://datos-abiertos.chilecompra.cl/organismos-compradores;https://api.mercadopublico.cl/servicios/v1/Publico/Empresas/BuscarComprador?ticket=F8537A18-6766-4DEF-9E59-426B4FEE2844;https://www.dipres.gob.cl/597/w3-multipropertyvalues-15145-37782.html
PUB-CL-75331BFED5E37A61BDBF;HOSPITAL CLINICO METROPOLITANO EL CARMEN DOCTOR LUIS VALENTIN FERRADA;HOSPITAL CLINICO METROPOLITANO EL CARMEN DOCTOR LUIS VALENTIN FERRADA;CHILECOMPRA_MERCADO_PUBLICO;1379869;true;false;PUBLIC_HEALTH;false;;;;NO_RUT_MATCH;UNMATCHED;https://datos-abiertos.chilecompra.cl/organismos-compradores;https://api.mercadopublico.cl/servicios/v1/Publico/Empresas/BuscarComprador?ticket=F8537A18-6766-4DEF-9E59-426B4FEE2844;https://www.dipres.gob.cl/597/w3-multipropertyvalues-15145-37782.html
PUB-CL-AB594BBB2AF405DA4AF1;HOSPITAL COMPLEJO ASISTENCIAL PADRE LAS CASAS;HOSPITAL COMPLEJO ASISTENCIAL PADRE LAS CASAS;CHILECOMPRA_MERCADO_PUBLICO;1759990;true;false;PUBLIC_HEALTH;false;62000830-3;ENT-RUT-62000830-3;HOSPITAL COMPLEJO ASISTENCIAL PADRE LAS CASAS;EXACT_NORMALIZED_NAME_UNIQUE;HIGH;https://datos-abiertos.chilecompra.cl/organismos-compradores;https://api.mercadopublico.cl/servicios/v1/Publico/Empresas/BuscarComprador?ticket=F8537A18-6766-4DEF-9E59-426B4FEE2844;https://www.dipres.gob.cl/597/w3-multipropertyvalues-15145-37782.html
PUB-CL-9DC6C24EB2A79742F2ED;HOSPITAL COMUNITARIO DE SALUD FAMILIAR DE BULNES;HOSPITAL COMUNITARIO DE SALUD FAMILIAR DE BULNES;CHILECOMPRA_MERCADO_PUBLICO;7137;true;false;PUBLIC_HEALTH;false;61607003-7;ENT-RUT-61607003-7;HOSPITAL COMUNITARIO DE SALUD FAMILIAR DE BULNES;EXACT_NORMALIZED_NAME_UNIQUE;HIGH;https://datos-abiertos.chilecompra.cl/organismos-compradores;https://api.mercadopublico.cl/servicios/v1/Publico/Empresas/BuscarComprador?ticket=F8537A18-6766-4DEF-9E59-426B4FEE2844;https://www.dipres.gob.cl/597/w3-multipropertyvalues-15145-37782.html
PUB-CL-2C8CA05BB7B39826EC9B;HOSPITAL DE CASTRO DR. AUGUSTO RIFFART;HOSPITAL DE CASTRO DR AUGUSTO RIFFART;CHILECOMPRA_MERCADO_PUBLICO;1286160;true;false;PUBLIC_HEALTH;false;;;;NO_RUT_MATCH;UNMATCHED;https://datos-abiertos.chilecompra.cl/organismos-compradores;https://api.mercadopublico.cl/servicios/v1/Publico/Empresas/BuscarComprador?ticket=F8537A18-6766-4DEF-9E59-426B4FEE2844;https://www.dipres.gob.cl/597/w3-multipropertyvalues-15145-37782.html
PUB-CL-A33AAF6D33A9187D967E;HOSPITAL DE LA FAMILIA Y LA COMUNIDAD SANTO TOMAS DE LIMACHE;HOSPITAL DE LA FAMILIA Y LA COMUNIDAD SANTO TOMAS DE LIMACHE;CHILECOMPRA_MERCADO_PUBLICO;7486;true;false;PUBLIC_HEALTH;false;61606606-4;ENT-RUT-61606606-4;HOSPITAL DE LA FAMILIA Y LA COMUNIDAD SANTO TOMAS DE LIMACHE;EXACT_NORMALIZED_NAME_UNIQUE;HIGH;https://datos-abiertos.chilecompra.cl/organismos-compradores;https://api.mercadopublico.cl/servicios/v1/Publico/Empresas/BuscarComprador?ticket=F8537A18-6766-4DEF-9E59-426B4FEE2844;https://www.dipres.gob.cl/597/w3-multipropertyvalues-15145-37782.html
PUB-CL-CF048886A0824E327871;HOSPITAL DE MEJILLONES;HOSPITAL DE MEJILLONES;CHILECOMPRA_MERCADO_PUBLICO;7370;true;false;PUBLIC_HEALTH;false;61606205-0;ENT-RUT-61606205-0;HOSPITAL DE MEJILLONES;EXACT_NORMALIZED_NAME_UNIQUE;HIGH;https://datos-abiertos.chilecompra.cl/organismos-compradores;https://api.mercadopublico.cl/servicios/v1/Publico/Empresas/BuscarComprador?ticket=F8537A18-6766-4DEF-9E59-426B4FEE2844;https://www.dipres.gob.cl/597/w3-multipropertyvalues-15145-37782.html
PUB-CL-FD9C4090FB2F4D2DC4B1;HOSPITAL DE PETORCA;HOSPITAL DE PETORCA;CHILECOMPRA_MERCADO_PUBLICO;7343;true;false;PUBLIC_HEALTH;false;61606612-9;ENT-RUT-61606612-9;HOSPITAL DE PETORCA;EXACT_NORMALIZED_NAME_UNIQUE;HIGH;https://datos-abiertos.chilecompra.cl/organismos-compradores;https://api.mercadopublico.cl/servicios/v1/Publico/Empresas/BuscarComprador?ticket=F8537A18-6766-4DEF-9E59-426B4FEE2844;https://www.dipres.gob.cl/597/w3-multipropertyvalues-15145-37782.html
PUB-CL-6E90BDBF2B7F0CE7F39E;HOSPITAL DE QUILPUE;HOSPITAL DE QUILPUE;CHILECOMPRA_MERCADO_PUBLICO;7485;true;false;PUBLIC_HEALTH;false;61606604-8;ENT-RUT-61606604-8;HOSPITAL DE QUILPUE;EXACT_NORMALIZED_NAME_UNIQUE;HIGH;https://datos-abiertos.chilecompra.cl/organismos-compradores;https://api.mercadopublico.cl/servicios/v1/Publico/Empresas/BuscarComprador?ticket=F8537A18-6766-4DEF-9E59-426B4FEE2844;https://www.dipres.gob.cl/597/w3-multipropertyvalues-15145-37782.html
PUB-CL-1B00A4C411A5698E830F;HOSPITAL DE URGENCIA ASISTENCIA PUBLICA DR ALEJANDRO DEL RIO;HOSPITAL DE URGENCIA ASISTENCIA PUBLICA DR ALEJANDRO DEL RIO;CHILECOMPRA_MERCADO_PUBLICO;7460;true;false;PUBLIC_HEALTH;false;61608602-2;ENT-RUT-61608602-2;HOSPITAL DE URGENCIA ASISTENCIA PUBLICA DR ALEJANDRO DEL RIO;EXACT_NORMALIZED_NAME_UNIQUE;HIGH;https://datos-abiertos.chilecompra.cl/organismos-compradores;https://api.mercadopublico.cl/servicios/v1/Publico/Empresas/BuscarComprador?ticket=F8537A18-6766-4DEF-9E59-426B4FEE2844;https://www.dipres.gob.cl/597/w3-multipropertyvalues-15145-37782.html
PUB-CL-A73EC2156B033914E3A3;HOSPITAL DEL PERPETUO SOCORRO DE QUILACAHUIN;HOSPITAL DEL PERPETUO SOCORRO DE QUILACAHUIN;CHILECOMPRA_MERCADO_PUBLICO;1238663;true;false;PUBLIC_HEALTH;false;;;;NO_RUT_MATCH;UNMATCHED;https://datos-abiertos.chilecompra.cl/organismos-compradores;https://api.mercadopublico.cl/servicios/v1/Publico/Empresas/BuscarComprador?ticket=F8537A18-6766-4DEF-9E59-426B4FEE2844;https://www.dipres.gob.cl/597/w3-multipropertyvalues-15145-37782.html
PUB-CL-EF304DF514785D392BEC;HOSPITAL DOCTOR HERNAN HENRIQUEZ ARAVENA;HOSPITAL DOCTOR HERNAN HENRIQUEZ ARAVENA;CHILECOMPRA_MERCADO_PUBLICO;7046;true;false;PUBLIC_HEALTH;false;61602232-6;ENT-RUT-61602232-6;HOSPITAL DOCTOR HERNAN HENRIQUEZ ARAVENA;EXACT_NORMALIZED_NAME_UNIQUE;HIGH;https://datos-abiertos.chilecompra.cl/organismos-compradores;https://api.mercadopublico.cl/servicios/v1/Publico/Empresas/BuscarComprador?ticket=F8537A18-6766-4DEF-9E59-426B4FEE2844;https://www.dipres.gob.cl/597/w3-multipropertyvalues-15145-37782.html
PUB-CL-AA1001A5FE987EBE7516;HOSPITAL DR GUSTAVO FRICKE DE VINA DEL MAR;HOSPITAL DR GUSTAVO FRICKE DE VINA DEL MAR;CHILECOMPRA_MERCADO_PUBLICO;6936;true;false;PUBLIC_HEALTH;false;61606602-1;ENT-RUT-61606602-1;HOSPITAL DR GUSTAVO FRICKE DE VINA DEL MAR;EXACT_NORMALIZED_NAME_UNIQUE;HIGH;https://datos-abiertos.chilecompra.cl/organismos-compradores;https://api.mercadopublico.cl/servicios/v1/Publico/Empresas/BuscarComprador?ticket=F8537A18-6766-4DEF-9E59-426B4FEE2844;https://www.dipres.gob.cl/597/w3-multipropertyvalues-15145-37782.html
PUB-CL-AF41D28FCFC986D375A5;HOSPITAL DR MARIO SANCHEZ VERGARA LA CALERA;HOSPITAL DR MARIO SANCHEZ VERGARA LA CALERA;CHILECOMPRA_MERCADO_PUBLICO;7344;true;false;PUBLIC_HEALTH;false;61606609-9;ENT-RUT-61606609-9;HOSPITAL DR MARIO SANCHEZ VERGARA LA CALERA;EXACT_NORMALIZED_NAME_UNIQUE;HIGH;https://datos-abiertos.chilecompra.cl/organismos-compradores;https://api.mercadopublico.cl/servicios/v1/Publico/Empresas/BuscarComprador?ticket=F8537A18-6766-4DEF-9E59-426B4FEE2844;https://www.dipres.gob.cl/597/w3-multipropertyvalues-15145-37782.html
PUB-CL-C82D0F374E4C5D07A565;HOSPITAL FUTA SRÜKA LAWENCHE KUNKO MAPU MO;HOSPITAL FUTA SRUKA LAWENCHE KUNKO MAPU MO;CHILECOMPRA_MERCADO_PUBLICO;1238659;true;false;PUBLIC_HEALTH;false;61980070-2;ENT-RUT-61980070-2;HOSPITAL FUTA SRÜKA LAWENCHE KUNKO MAPU MO;EXACT_NORMALIZED_NAME_UNIQUE;HIGH;https://datos-abiertos.chilecompra.cl/organismos-compradores;https://api.mercadopublico.cl/servicios/v1/Publico/Empresas/BuscarComprador?ticket=F8537A18-6766-4DEF-9E59-426B4FEE2844;https://www.dipres.gob.cl/597/w3-multipropertyvalues-15145-37782.html
PUB-CL-D24B224DBC9EB070159B;HOSPITAL GERIATRICO LA PAZ DE LA TARDE;HOSPITAL GERIATRICO LA PAZ DE LA TARDE;CHILECOMPRA_MERCADO_PUBLICO;7490;true;false;PUBLIC_HEALTH;false;61606607-2;ENT-RUT-61606607-2;HOSPITAL GERIATRICO LA PAZ DE LA TARDE;EXACT_NORMALIZED_NAME_UNIQUE;HIGH;https://datos-abiertos.chilecompra.cl/organismos-compradores;https://api.mercadopublico.cl/servicios/v1/Publico/Empresas/BuscarComprador?ticket=F8537A18-6766-4DEF-9E59-426B4FEE2844;https://www.dipres.gob.cl/597/w3-multipropertyvalues-15145-37782.html
PUB-CL-308684DF72B5698EBB13;HOSPITAL GUILLERMO GRANT BENAVENTE DE CO;HOSPITAL GUILLERMO GRANT BENAVENTE DE CO;CHILECOMPRA_MERCADO_PUBLICO;7324;true;false;PUBLIC_HEALTH;false;61602189-3;ENT-RUT-61602189-3;HOSPITAL GUILLERMO GRANT BENAVENTE DE CO;EXACT_NORMALIZED_NAME_UNIQUE;HIGH;https://datos-abiertos.chilecompra.cl/organismos-compradores;https://api.mercadopublico.cl/servicios/v1/Publico/Empresas/BuscarComprador?ticket=F8537A18-6766-4DEF-9E59-426B4FEE2844;https://www.dipres.gob.cl/597/w3-multipropertyvalues-15145-37782.html
PUB-CL-42BE0BEF536E962CCDA2;HOSPITAL INTERCULTURAL KALLVU LLANKA.-;HOSPITAL INTERCULTURAL KALLVU LLANKA;CHILECOMPRA_MERCADO_PUBLICO;7401;true;false;PUBLIC_HEALTH;false;61602213-K;ENT-RUT-61602213-K;HOSPITAL INTERCULTURAL KALLVU LLANKA.-;EXACT_NORMALIZED_NAME_UNIQUE;HIGH;https://datos-abiertos.chilecompra.cl/organismos-compradores;https://api.mercadopublico.cl/servicios/v1/Publico/Empresas/BuscarComprador?ticket=F8537A18-6766-4DEF-9E59-426B4FEE2844;https://www.dipres.gob.cl/597/w3-multipropertyvalues-15145-37782.html
PUB-CL-AA0424C0429E08870EB6;HOSPITAL METROPOLITANO DE SANTIAGO;HOSPITAL METROPOLITANO DE SANTIAGO;CHILECOMPRA_MERCADO_PUBLICO;1076658;true;false;PUBLIC_HEALTH;false;61979450-8;ENT-RUT-61979450-8;HOSPITAL METROPOLITANO DE SANTIAGO;EXACT_NORMALIZED_NAME_UNIQUE;HIGH;https://datos-abiertos.chilecompra.cl/organismos-compradores;https://api.mercadopublico.cl/servicios/v1/Publico/Empresas/BuscarComprador?ticket=F8537A18-6766-4DEF-9E59-426B4FEE2844;https://www.dipres.gob.cl/597/w3-multipropertyvalues-15145-37782.html
PUB-CL-14297900C28EA7C996C0;HOSPITAL ORIENTE DR LUIS TISNE BROUSSE;HOSPITAL ORIENTE DR LUIS TISNE BROUSSE;CHILECOMPRA_MERCADO_PUBLICO;7130;true;false;PUBLIC_HEALTH;false;61959800-8;ENT-RUT-61959800-8;HOSPITAL ORIENTE DR LUIS TISNE BROUSSE;EXACT_NORMALIZED_NAME_UNIQUE;HIGH;https://datos-abiertos.chilecompra.cl/organismos-compradores;https://api.mercadopublico.cl/servicios/v1/Publico/Empresas/BuscarComprador?ticket=F8537A18-6766-4DEF-9E59-426B4FEE2844;https://www.dipres.gob.cl/597/w3-multipropertyvalues-15145-37782.html
PUB-CL-76A80A82739951ED9FF8;HOSPITAL PADRE ALBERTO HURTADO;HOSPITAL PADRE ALBERTO HURTADO;CHILECOMPRA_MERCADO_PUBLICO;7331;true;false;PUBLIC_HEALTH;false;61958500-3;ENT-RUT-61958500-3;HOSPITAL PADRE ALBERTO HURTADO;EXACT_NORMALIZED_NAME_UNIQUE;HIGH;https://datos-abiertos.chilecompra.cl/organismos-compradores;https://api.mercadopublico.cl/servicios/v1/Publico/Empresas/BuscarComprador?ticket=F8537A18-6766-4DEF-9E59-426B4FEE2844;https://www.dipres.gob.cl/597/w3-multipropertyvalues-15145-37782.html
PUB-CL-519CBD353BBECD195E10;HOSPITAL PANGUIPULLI;HOSPITAL PANGUIPULLI;CHILECOMPRA_MERCADO_PUBLICO;102393;true;false;PUBLIC_HEALTH;false;81418000-K;ENT-RUT-81418000-K;HOSPITAL PANGUIPULLI;EXACT_NORMALIZED_NAME_UNIQUE;HIGH;https://datos-abiertos.chilecompra.cl/organismos-compradores;https://api.mercadopublico.cl/servicios/v1/Publico/Empresas/BuscarComprador?ticket=F8537A18-6766-4DEF-9E59-426B4FEE2844;https://www.dipres.gob.cl/597/w3-multipropertyvalues-15145-37782.html
PUB-CL-AC64988703F4E5378AAE;HOSPITAL PROVINCIAL   DEL HUASCO MSR FERNANDO ARIZTIA RUIZ;HOSPITAL PROVINCIAL DEL HUASCO MSR FERNANDO ARIZTIA RUIZ;CHILECOMPRA_MERCADO_PUBLICO;7412;true;false;PUBLIC_HEALTH;false;61606303-0;ENT-RUT-61606303-0;HOSPITAL PROVINCIAL   DEL HUASCO MSR FERNANDO ARIZTIA RUIZ;EXACT_NORMALIZED_NAME_UNIQUE;HIGH;https://datos-abiertos.chilecompra.cl/organismos-compradores;https://api.mercadopublico.cl/servicios/v1/Publico/Empresas/BuscarComprador?ticket=F8537A18-6766-4DEF-9E59-426B4FEE2844;https://www.dipres.gob.cl/597/w3-multipropertyvalues-15145-37782.html
PUB-CL-E396173CB707CDB2099E;HOSPITAL PSIQUIATRICO DR. PHILIPPE PINEL PUTAENDO;HOSPITAL PSIQUIATRICO DR PHILIPPE PINEL PUTAENDO;CHILECOMPRA_MERCADO_PUBLICO;1216633;true;false;PUBLIC_HEALTH;false;61602040-4;ENT-RUT-61602040-4;HOSPITAL PSIQUIATRICO DR. PHILIPPE PINEL PUTAENDO;EXACT_NORMALIZED_NAME_UNIQUE;HIGH;https://datos-abiertos.chilecompra.cl/organismos-compradores;https://api.mercadopublico.cl/servicios/v1/Publico/Empresas/BuscarComprador?ticket=F8537A18-6766-4DEF-9E59-426B4FEE2844;https://www.dipres.gob.cl/597/w3-multipropertyvalues-15145-37782.html
PUB-CL-ABD855D0EF3DACCFB300;HOSPITAL PUERTO MONTT SERVICIO DE SALUD DEL RELONCAVI;HOSPITAL PUERTO MONTT SERVICIO DE SALUD DEL RELONCAVI;CHILECOMPRA_MERCADO_PUBLICO;127018;true;false;PUBLIC_HEALTH;false;61975100-0;ENT-RUT-61975100-0;HOSPITAL PUERTO MONTT SERVICIO DE SALUD DEL RELONCAVI;EXACT_NORMALIZED_NAME_UNIQUE;HIGH;https://datos-abiertos.chilecompra.cl/organismos-compradores;https://api.mercadopublico.cl/servicios/v1/Publico/Empresas/BuscarComprador?ticket=F8537A18-6766-4DEF-9E59-426B4FEE2844;https://www.dipres.gob.cl/597/w3-multipropertyvalues-15145-37782.html
PUB-CL-862A89AE3F4447F98F9B;HOSPITAL SAN AGUSTIN DE LA LIGUA;HOSPITAL SAN AGUSTIN DE LA LIGUA;CHILECOMPRA_MERCADO_PUBLICO;7487;true;false;PUBLIC_HEALTH;false;61606611-0;ENT-RUT-61606611-0;HOSPITAL SAN AGUSTIN DE LA LIGUA;EXACT_NORMALIZED_NAME_UNIQUE;HIGH;https://datos-abiertos.chilecompra.cl/organismos-compradores;https://api.mercadopublico.cl/servicios/v1/Publico/Empresas/BuscarComprador?ticket=F8537A18-6766-4DEF-9E59-426B4FEE2844;https://www.dipres.gob.cl/597/w3-multipropertyvalues-15145-37782.html
PUB-CL-5DCCD11BA303DB9F7E62;HOSPITAL VILCUN;HOSPITAL VILCUN;CHILECOMPRA_MERCADO_PUBLICO;7049;true;false;PUBLIC_HEALTH;false;61602242-3;ENT-RUT-61602242-3;HOSPITAL VILCUN;EXACT_NORMALIZED_NAME_UNIQUE;HIGH;https://datos-abiertos.chilecompra.cl/organismos-compradores;https://api.mercadopublico.cl/servicios/v1/Publico/Empresas/BuscarComprador?ticket=F8537A18-6766-4DEF-9E59-426B4FEE2844;https://www.dipres.gob.cl/597/w3-multipropertyvalues-15145-37782.html
PUB-CL-96630350F61A687E651C;Hospital  Lonquimay;HOSPITAL LONQUIMAY;CHILECOMPRA_MERCADO_PUBLICO;7403;true;false;PUBLIC_HEALTH;false;;;;NO_RUT_MATCH;UNMATCHED;https://datos-abiertos.chilecompra.cl/organismos-compradores;https://api.mercadopublico.cl/servicios/v1/Publico/Empresas/BuscarComprador?ticket=F8537A18-6766-4DEF-9E59-426B4FEE2844;https://www.dipres.gob.cl/597/w3-multipropertyvalues-15145-37782.html
PUB-CL-F2BBA517D3188A922052;Hospital Dr. Marcos Chamorro Iglesias;HOSPITAL DR MARCOS CHAMORRO IGLESIAS;CHILECOMPRA_MERCADO_PUBLICO;7386;true;false;PUBLIC_HEALTH;false;;;;NO_RUT_MATCH;UNMATCHED;https://datos-abiertos.chilecompra.cl/organismos-compradores;https://api.mercadopublico.cl/servicios/v1/Publico/Empresas/BuscarComprador?ticket=F8537A18-6766-4DEF-9E59-426B4FEE2844;https://www.dipres.gob.cl/597/w3-multipropertyvalues-15145-37782.html
PUB-CL-956BE64786FC0E8D59A6;Hospital Galvarino;HOSPITAL GALVARINO;CHILECOMPRA_MERCADO_PUBLICO;7290;true;false;PUBLIC_HEALTH;false;;;;NO_RUT_MATCH;UNMATCHED;https://datos-abiertos.chilecompra.cl/organismos-compradores;https://api.mercadopublico.cl/servicios/v1/Publico/Empresas/BuscarComprador?ticket=F8537A18-6766-4DEF-9E59-426B4FEE2844;https://www.dipres.gob.cl/597/w3-multipropertyvalues-15145-37782.html
PUB-CL-66B63357A4DD473BB9FE;Hospital Psiquiátrico El Peral;HOSPITAL PSIQUIATRICO EL PERAL;CHILECOMPRA_MERCADO_PUBLICO;7427;true;false;PUBLIC_HEALTH;false;;;;NO_RUT_MATCH;UNMATCHED;https://datos-abiertos.chilecompra.cl/organismos-compradores;https://api.mercadopublico.cl/servicios/v1/Publico/Empresas/BuscarComprador?ticket=F8537A18-6766-4DEF-9E59-426B4FEE2844;https://www.dipres.gob.cl/597/w3-multipropertyvalues-15145-37782.html
PUB-CL-C76C6278DBA653A1EBBA;Hospital Sanatorio San José de Maipo;HOSPITAL SANATORIO SAN JOSE DE MAIPO;CHILECOMPRA_MERCADO_PUBLICO;7477;true;false;PUBLIC_HEALTH;false;;;;NO_RUT_MATCH;UNMATCHED;https://datos-abiertos.chilecompra.cl/organismos-compradores;https://api.mercadopublico.cl/servicios/v1/Publico/Empresas/BuscarComprador?ticket=F8537A18-6766-4DEF-9E59-426B4FEE2844;https://www.dipres.gob.cl/597/w3-multipropertyvalues-15145-37782.html
PUB-CL-3F48D613B1324BA5695C;Hospital Santa Juana;HOSPITAL SANTA JUANA;CHILECOMPRA_MERCADO_PUBLICO;7318;true;false;PUBLIC_HEALTH;false;;;;NO_RUT_MATCH;UNMATCHED;https://datos-abiertos.chilecompra.cl/organismos-compradores;https://api.mercadopublico.cl/servicios/v1/Publico/Empresas/BuscarComprador?ticket=F8537A18-6766-4DEF-9E59-426B4FEE2844;https://www.dipres.gob.cl/597/w3-multipropertyvalues-15145-37782.html
PUB-CL-74D85A35D33D3C32A14F;Hospital Villarrica;HOSPITAL VILLARRICA;CHILECOMPRA_MERCADO_PUBLICO;7132;true;false;PUBLIC_HEALTH;false;;;;NO_RUT_MATCH;UNMATCHED;https://datos-abiertos.chilecompra.cl/organismos-compradores;https://api.mercadopublico.cl/servicios/v1/Publico/Empresas/BuscarComprador?ticket=F8537A18-6766-4DEF-9E59-426B4FEE2844;https://www.dipres.gob.cl/597/w3-multipropertyvalues-15145-37782.html
PUB-CL-F4BAE254CC3D021440CA;Hospital de Constitución;HOSPITAL DE CONSTITUCION;CHILECOMPRA_MERCADO_PUBLICO;7277;true;false;PUBLIC_HEALTH;false;;;;NO_RUT_MATCH;UNMATCHED;https://datos-abiertos.chilecompra.cl/organismos-compradores;https://api.mercadopublico.cl/servicios/v1/Publico/Empresas/BuscarComprador?ticket=F8537A18-6766-4DEF-9E59-426B4FEE2844;https://www.dipres.gob.cl/597/w3-multipropertyvalues-15145-37782.html
PUB-CL-E0FEF7A29BB7C03B3E00;Hospital de Litueche;HOSPITAL DE LITUECHE;CHILECOMPRA_MERCADO_PUBLICO;7439;true;false;PUBLIC_HEALTH;false;61602152-4;ENT-RUT-61602152-4;HOSPITAL DE LITUECHE;EXACT_NORMALIZED_NAME_UNIQUE;HIGH;https://datos-abiertos.chilecompra.cl/organismos-compradores;https://api.mercadopublico.cl/servicios/v1/Publico/Empresas/BuscarComprador?ticket=F8537A18-6766-4DEF-9E59-426B4FEE2844;https://www.dipres.gob.cl/597/w3-multipropertyvalues-15145-37782.html
PUB-CL-63B76EA171681DD7FA3C;Hospital de Lolol;HOSPITAL DE LOLOL;CHILECOMPRA_MERCADO_PUBLICO;7447;true;false;PUBLIC_HEALTH;false;;;;NO_RUT_MATCH;UNMATCHED;https://datos-abiertos.chilecompra.cl/organismos-compradores;https://api.mercadopublico.cl/servicios/v1/Publico/Empresas/BuscarComprador?ticket=F8537A18-6766-4DEF-9E59-426B4FEE2844;https://www.dipres.gob.cl/597/w3-multipropertyvalues-15145-37782.html
PUB-CL-CEA54EB43A92648CEA08;Hospital de Melipilla;HOSPITAL DE MELIPILLA;CHILECOMPRA_MERCADO_PUBLICO;7458;true;false;PUBLIC_HEALTH;false;;;;NO_RUT_MATCH;UNMATCHED;https://datos-abiertos.chilecompra.cl/organismos-compradores;https://api.mercadopublico.cl/servicios/v1/Publico/Empresas/BuscarComprador?ticket=F8537A18-6766-4DEF-9E59-426B4FEE2844;https://www.dipres.gob.cl/597/w3-multipropertyvalues-15145-37782.html
PUB-CL-C6B49D31AB5E99E676D8;SERV NAC SALUD HOSPITAL DE LOS ANDES;SERV NAC SALUD HOSPITAL DE LOS ANDES;CHILECOMPRA_MERCADO_PUBLICO;1214332;true;false;PUBLIC_HEALTH;false;61602036-6;ENT-RUT-61602036-6;SERV NAC SALUD HOSPITAL DE LOS ANDES;EXACT_NORMALIZED_NAME_UNIQUE;HIGH;https://datos-abiertos.chilecompra.cl/organismos-compradores;https://api.mercadopublico.cl/servicios/v1/Publico/Empresas/BuscarComprador?ticket=F8537A18-6766-4DEF-9E59-426B4FEE2844;https://www.dipres.gob.cl/597/w3-multipropertyvalues-15145-37782.html
PUB-CL-880E8D756BAE3DBF596E;SERV SALUD METROPOLITANO CENTRAL HOSPITAL CLINICO SAN BORJA ARRIARAN;SERV SALUD METROPOLITANO CENTRAL HOSPITAL CLINICO SAN BORJA ARRIARAN;CHILECOMPRA_MERCADO_PUBLICO;7326;true;false;PUBLIC_HEALTH;false;61608604-9;ENT-RUT-61608604-9;SERV SALUD METROPOLITANO CENTRAL HOSPITAL CLINICO SAN BORJA ARRIARAN;EXACT_NORMALIZED_NAME_UNIQUE;HIGH;https://datos-abiertos.chilecompra.cl/organismos-compradores;https://api.mercadopublico.cl/servicios/v1/Publico/Empresas/BuscarComprador?ticket=F8537A18-6766-4DEF-9E59-426B4FEE2844;https://www.dipres.gob.cl/597/w3-multipropertyvalues-15145-37782.html
PUB-CL-5F9B56096FD847E9BEEC;SERVICIO DE SALUD ACONCAGUA;SERVICIO DE SALUD ACONCAGUA;CHILECOMPRA_MERCADO_PUBLICO;7431;true;true;PUBLIC_HEALTH;true;61606700-1;ENT-RUT-61606700-1;SERVICIO DE SALUD ACONCAGUA;EXACT_NORMALIZED_NAME_UNIQUE;HIGH;https://datos-abiertos.chilecompra.cl/organismos-compradores;https://api.mercadopublico.cl/servicios/v1/Publico/Empresas/BuscarComprador?ticket=F8537A18-6766-4DEF-9E59-426B4FEE2844;https://www.dipres.gob.cl/597/w3-multipropertyvalues-15145-37782.html
PUB-CL-236AB36337202F2E3B3F;SERVICIO DE SALUD ACONCAGUA HOSPITAL DE PUTAENDO;SERVICIO DE SALUD ACONCAGUA HOSPITAL DE PUTAENDO;CHILECOMPRA_MERCADO_PUBLICO;1215262;true;false;PUBLIC_HEALTH;false;61606703-6;ENT-RUT-61606703-6;SERVICIO DE SALUD ACONCAGUA HOSPITAL DE PUTAENDO;EXACT_NORMALIZED_NAME_UNIQUE;HIGH;https://datos-abiertos.chilecompra.cl/organismos-compradores;https://api.mercadopublico.cl/servicios/v1/Publico/Empresas/BuscarComprador?ticket=F8537A18-6766-4DEF-9E59-426B4FEE2844;https://www.dipres.gob.cl/597/w3-multipropertyvalues-15145-37782.html
PUB-CL-6ACA30567269835F591B;SERVICIO DE SALUD ANTOFAGASTA DIRECCION;SERVICIO DE SALUD ANTOFAGASTA DIRECCION;CHILECOMPRA_MERCADO_PUBLICO;7185;true;false;PUBLIC_HEALTH;false;61606200-K;ENT-RUT-61606200-K;SERVICIO DE SALUD ANTOFAGASTA DIRECCION;EXACT_NORMALIZED_NAME_UNIQUE;HIGH;https://datos-abiertos.chilecompra.cl/organismos-compradores;https://api.mercadopublico.cl/servicios/v1/Publico/Empresas/BuscarComprador?ticket=F8537A18-6766-4DEF-9E59-426B4FEE2844;https://www.dipres.gob.cl/597/w3-multipropertyvalues-15145-37782.html
PUB-CL-F082F2C5A79432110620;SERVICIO DE SALUD ANTOFAGASTA HOSP C CIS;SERVICIO DE SALUD ANTOFAGASTA HOSP C CIS;CHILECOMPRA_MERCADO_PUBLICO;7494;true;false;PUBLIC_HEALTH;false;61606202-6;ENT-RUT-61606202-6;SERVICIO DE SALUD ANTOFAGASTA HOSP C CIS;EXACT_NORMALIZED_NAME_UNIQUE;HIGH;https://datos-abiertos.chilecompra.cl/organismos-compradores;https://api.mercadopublico.cl/servicios/v1/Publico/Empresas/BuscarComprador?ticket=F8537A18-6766-4DEF-9E59-426B4FEE2844;https://www.dipres.gob.cl/597/w3-multipropertyvalues-15145-37782.html
PUB-CL-83B8A7141F596BF3271C;SERVICIO DE SALUD ANTOFAGASTA HOSPITAL 21 DE MAYO TALTAL;SERVICIO DE SALUD ANTOFAGASTA HOSPITAL 21 DE MAYO TALTAL;CHILECOMPRA_MERCADO_PUBLICO;7391;true;false;PUBLIC_HEALTH;false;61606204-2;ENT-RUT-61606204-2;SERVICIO DE SALUD ANTOFAGASTA HOSPITAL 21 DE MAYO TALTAL;EXACT_NORMALIZED_NAME_UNIQUE;HIGH;https://datos-abiertos.chilecompra.cl/organismos-compradores;https://api.mercadopublico.cl/servicios/v1/Publico/Empresas/BuscarComprador?ticket=F8537A18-6766-4DEF-9E59-426B4FEE2844;https://www.dipres.gob.cl/597/w3-multipropertyvalues-15145-37782.html
PUB-CL-464E4B75D1E1424A9ECF;SERVICIO DE SALUD ANTOFAGASTA HOSPITAL L;SERVICIO DE SALUD ANTOFAGASTA HOSPITAL L;CHILECOMPRA_MERCADO_PUBLICO;7451;true;false;PUBLIC_HEALTH;false;61606201-8;ENT-RUT-61606201-8;SERVICIO DE SALUD ANTOFAGASTA HOSPITAL L;EXACT_NORMALIZED_NAME_UNIQUE;HIGH;https://datos-abiertos.chilecompra.cl/organismos-compradores;https://api.mercadopublico.cl/servicios/v1/Publico/Empresas/BuscarComprador?ticket=F8537A18-6766-4DEF-9E59-426B4FEE2844;https://www.dipres.gob.cl/597/w3-multipropertyvalues-15145-37782.html
PUB-CL-054597FC8518C5AEA26B;SERVICIO DE SALUD ANTOFAGASTA HOSPITAL M;SERVICIO DE SALUD ANTOFAGASTA HOSPITAL M;CHILECOMPRA_MERCADO_PUBLICO;7385;true;false;PUBLIC_HEALTH;false;61606203-4;ENT-RUT-61606203-4;SERVICIO DE SALUD ANTOFAGASTA HOSPITAL M;EXACT_NORMALIZED_NAME_UNIQUE;HIGH;https://datos-abiertos.chilecompra.cl/organismos-compradores;https://api.mercadopublico.cl/servicios/v1/Publico/Empresas/BuscarComprador?ticket=F8537A18-6766-4DEF-9E59-426B4FEE2844;https://www.dipres.gob.cl/597/w3-multipropertyvalues-15145-37782.html
PUB-CL-FAF7AA5139F9D6ACFCED;SERVICIO DE SALUD ARAUCANIA HOSPITAL DE TRAIGUEN;SERVICIO DE SALUD ARAUCANIA HOSPITAL DE TRAIGUEN;CHILECOMPRA_MERCADO_PUBLICO;7384;true;false;PUBLIC_HEALTH;false;61602226-1;ENT-RUT-61602226-1;SERVICIO DE SALUD ARAUCANIA HOSPITAL DE TRAIGUEN;EXACT_NORMALIZED_NAME_UNIQUE;HIGH;https://datos-abiertos.chilecompra.cl/organismos-compradores;https://api.mercadopublico.cl/servicios/v1/Publico/Empresas/BuscarComprador?ticket=F8537A18-6766-4DEF-9E59-426B4FEE2844;https://www.dipres.gob.cl/597/w3-multipropertyvalues-15145-37782.html
PUB-CL-0E9CB5F85F083F6F8812;SERVICIO DE SALUD ARAUCANIA NORTE;SERVICIO DE SALUD ARAUCANIA NORTE;CHILECOMPRA_MERCADO_PUBLICO;7302;true;true;PUBLIC_HEALTH;true;61955100-1;ENT-RUT-61955100-1;SERVICIO DE SALUD ARAUCANIA NORTE;EXACT_NORMALIZED_NAME_UNIQUE;HIGH;https://datos-abiertos.chilecompra.cl/organismos-compradores;https://api.mercadopublico.cl/servicios/v1/Publico/Empresas/BuscarComprador?ticket=F8537A18-6766-4DEF-9E59-426B4FEE2844;https://www.dipres.gob.cl/597/w3-multipropertyvalues-15145-37782.html
PUB-CL-31DA63D944FA73EDC7B7;SERVICIO DE SALUD ARAUCANIA NORTE HOSPITAL DE ANGOL;SERVICIO DE SALUD ARAUCANIA NORTE HOSPITAL DE ANGOL;CHILECOMPRA_MERCADO_PUBLICO;7306;true;false;PUBLIC_HEALTH;false;61602222-9;ENT-RUT-61602222-9;SERVICIO DE SALUD ARAUCANIA NORTE HOSPITAL DE ANGOL;EXACT_NORMALIZED_NAME_UNIQUE;HIGH;https://datos-abiertos.chilecompra.cl/organismos-compradores;https://api.mercadopublico.cl/servicios/v1/Publico/Empresas/BuscarComprador?ticket=F8537A18-6766-4DEF-9E59-426B4FEE2844;https://www.dipres.gob.cl/597/w3-multipropertyvalues-15145-37782.html
PUB-CL-0A10899D4CB79F2068D9;SERVICIO DE SALUD ARAUCANIA SUR;SERVICIO DE SALUD ARAUCANIA SUR;CHILECOMPRA_MERCADO_PUBLICO;7102;true;false;PUBLIC_HEALTH;false;61607400-8;ENT-RUT-61607400-8;SERVICIO DE SALUD ARAUCANIA SUR;EXACT_NORMALIZED_NAME_UNIQUE;HIGH;https://datos-abiertos.chilecompra.cl/organismos-compradores;https://api.mercadopublico.cl/servicios/v1/Publico/Empresas/BuscarComprador?ticket=F8537A18-6766-4DEF-9E59-426B4FEE2844;https://www.dipres.gob.cl/597/w3-multipropertyvalues-15145-37782.html
PUB-CL-A2BC78E2EA3755BD5726;SERVICIO DE SALUD ARAUCANIA SUR HOSPITAL CARAHUE;SERVICIO DE SALUD ARAUCANIA SUR HOSPITAL CARAHUE;CHILECOMPRA_MERCADO_PUBLICO;7131;true;false;PUBLIC_HEALTH;false;61602246-6;ENT-RUT-61602246-6;SERVICIO DE SALUD ARAUCANIA SUR HOSPITAL CARAHUE;EXACT_NORMALIZED_NAME_UNIQUE;HIGH;https://datos-abiertos.chilecompra.cl/organismos-compradores;https://api.mercadopublico.cl/servicios/v1/Publico/Empresas/BuscarComprador?ticket=F8537A18-6766-4DEF-9E59-426B4FEE2844;https://www.dipres.gob.cl/597/w3-multipropertyvalues-15145-37782.html
PUB-CL-968D0F6B5CF60BC45A83;SERVICIO DE SALUD ARAUCANIA SUR HOSPITAL DE GORBEA;SERVICIO DE SALUD ARAUCANIA SUR HOSPITAL DE GORBEA;CHILECOMPRA_MERCADO_PUBLICO;7047;true;false;PUBLIC_HEALTH;false;61602245-8;ENT-RUT-61602245-8;SERVICIO DE SALUD ARAUCANIA SUR HOSPITAL DE GORBEA;EXACT_NORMALIZED_NAME_UNIQUE;HIGH;https://datos-abiertos.chilecompra.cl/organismos-compradores;https://api.mercadopublico.cl/servicios/v1/Publico/Empresas/BuscarComprador?ticket=F8537A18-6766-4DEF-9E59-426B4FEE2844;https://www.dipres.gob.cl/597/w3-multipropertyvalues-15145-37782.html
PUB-CL-6BE919C63FD663A11F6A;SERVICIO DE SALUD ARAUCANIA SUR HOSPITAL DE NUEVA IMPERIAL;SERVICIO DE SALUD ARAUCANIA SUR HOSPITAL DE NUEVA IMPERIAL;CHILECOMPRA_MERCADO_PUBLICO;7060;true;false;PUBLIC_HEALTH;false;61607401-6;ENT-RUT-61607401-6;SERVICIO DE SALUD ARAUCANIA SUR HOSPITAL DE NUEVA IMPERIAL;EXACT_NORMALIZED_NAME_UNIQUE;HIGH;https://datos-abiertos.chilecompra.cl/organismos-compradores;https://api.mercadopublico.cl/servicios/v1/Publico/Empresas/BuscarComprador?ticket=F8537A18-6766-4DEF-9E59-426B4FEE2844;https://www.dipres.gob.cl/597/w3-multipropertyvalues-15145-37782.html
PUB-CL-E2D93F9E9F4EF5AF539C;SERVICIO DE SALUD ARAUCO;SERVICIO DE SALUD ARAUCO;CHILECOMPRA_MERCADO_PUBLICO;6976;true;true;PUBLIC_HEALTH;true;61954500-1;ENT-RUT-61954500-1;SERVICIO DE SALUD ARAUCO;EXACT_NORMALIZED_NAME_UNIQUE;HIGH;https://datos-abiertos.chilecompra.cl/organismos-compradores;https://api.mercadopublico.cl/servicios/v1/Publico/Empresas/BuscarComprador?ticket=F8537A18-6766-4DEF-9E59-426B4FEE2844;https://www.dipres.gob.cl/597/w3-multipropertyvalues-15145-37782.html
PUB-CL-62163EF416C33A332C0D;SERVICIO DE SALUD ARAUCO HOSPITAL DE ARAUCO;SERVICIO DE SALUD ARAUCO HOSPITAL DE ARAUCO;CHILECOMPRA_MERCADO_PUBLICO;7398;true;false;PUBLIC_HEALTH;false;61602209-1;ENT-RUT-61602209-1;SERVICIO DE SALUD ARAUCO HOSPITAL DE ARAUCO;EXACT_NORMALIZED_NAME_UNIQUE;HIGH;https://datos-abiertos.chilecompra.cl/organismos-compradores;https://api.mercadopublico.cl/servicios/v1/Publico/Empresas/BuscarComprador?ticket=F8537A18-6766-4DEF-9E59-426B4FEE2844;https://www.dipres.gob.cl/597/w3-multipropertyvalues-15145-37782.html
PUB-CL-BFB76A3176426654FDA6;SERVICIO DE SALUD ARICA HOSP DR JUAN NOE CREVANI;SERVICIO DE SALUD ARICA HOSP DR JUAN NOE CREVANI;CHILECOMPRA_MERCADO_PUBLICO;1667479;true;false;PUBLIC_HEALTH;false;61606001-5;ENT-RUT-61606001-5;SERVICIO DE SALUD ARICA HOSP DR JUAN NOE CREVANI;EXACT_NORMALIZED_NAME_UNIQUE;HIGH;https://datos-abiertos.chilecompra.cl/organismos-compradores;https://api.mercadopublico.cl/servicios/v1/Publico/Empresas/BuscarComprador?ticket=F8537A18-6766-4DEF-9E59-426B4FEE2844;https://www.dipres.gob.cl/597/w3-multipropertyvalues-15145-37782.html
PUB-CL-A2B1E1F4E61D6B7BB32B;SERVICIO DE SALUD ATACAMA;SERVICIO DE SALUD ATACAMA;CHILECOMPRA_MERCADO_PUBLICO;7409;true;true;PUBLIC_HEALTH;true;61606300-6;ENT-RUT-61606300-6;SERVICIO DE SALUD ATACAMA;EXACT_NORMALIZED_NAME_UNIQUE;HIGH;https://datos-abiertos.chilecompra.cl/organismos-compradores;https://api.mercadopublico.cl/servicios/v1/Publico/Empresas/BuscarComprador?ticket=F8537A18-6766-4DEF-9E59-426B4FEE2844;https://www.dipres.gob.cl/597/w3-multipropertyvalues-15145-37782.html
PUB-CL-53BE430F598E3B2C9F83;SERVICIO DE SALUD ATACAMA HOSPITAL COPIA;SERVICIO DE SALUD ATACAMA HOSPITAL COPIA;CHILECOMPRA_MERCADO_PUBLICO;7411;true;false;PUBLIC_HEALTH;false;61606307-3;ENT-RUT-61606307-3;SERVICIO DE SALUD ATACAMA HOSPITAL COPIA;EXACT_NORMALIZED_NAME_UNIQUE;HIGH;https://datos-abiertos.chilecompra.cl/organismos-compradores;https://api.mercadopublico.cl/servicios/v1/Publico/Empresas/BuscarComprador?ticket=F8537A18-6766-4DEF-9E59-426B4FEE2844;https://www.dipres.gob.cl/597/w3-multipropertyvalues-15145-37782.html
PUB-CL-588F12BED29FD2EDFF7F;SERVICIO DE SALUD ATACAMA HOSPITAL DE CHANARAL;SERVICIO DE SALUD ATACAMA HOSPITAL DE CHANARAL;CHILECOMPRA_MERCADO_PUBLICO;7413;true;false;PUBLIC_HEALTH;false;61606305-7;ENT-RUT-61606305-7;SERVICIO DE SALUD ATACAMA HOSPITAL DE CHANARAL;EXACT_NORMALIZED_NAME_UNIQUE;HIGH;https://datos-abiertos.chilecompra.cl/organismos-compradores;https://api.mercadopublico.cl/servicios/v1/Publico/Empresas/BuscarComprador?ticket=F8537A18-6766-4DEF-9E59-426B4FEE2844;https://www.dipres.gob.cl/597/w3-multipropertyvalues-15145-37782.html
PUB-CL-617AF4BC2B51F1D614F5;SERVICIO DE SALUD ATACAMA HOSPITAL FLORENCIO VARGAS DIAZ;SERVICIO DE SALUD ATACAMA HOSPITAL FLORENCIO VARGAS DIAZ;CHILECOMPRA_MERCADO_PUBLICO;7415;true;false;PUBLIC_HEALTH;false;61606306-5;ENT-RUT-61606306-5;SERVICIO DE SALUD ATACAMA HOSPITAL FLORENCIO VARGAS DIAZ;EXACT_NORMALIZED_NAME_UNIQUE;HIGH;https://datos-abiertos.chilecompra.cl/organismos-compradores;https://api.mercadopublico.cl/servicios/v1/Publico/Empresas/BuscarComprador?ticket=F8537A18-6766-4DEF-9E59-426B4FEE2844;https://www.dipres.gob.cl/597/w3-multipropertyvalues-15145-37782.html
PUB-CL-33DC0AF724A320A9CC21;SERVICIO DE SALUD AYSEN CARLOS IBANEZ DEL CAMPO;SERVICIO DE SALUD AYSEN CARLOS IBANEZ DEL CAMPO;CHILECOMPRA_MERCADO_PUBLICO;7206;true;false;PUBLIC_HEALTH;false;61607800-3;ENT-RUT-61607800-3;SERVICIO DE SALUD AYSEN CARLOS IBANEZ DEL CAMPO;EXACT_NORMALIZED_NAME_UNIQUE;HIGH;https://datos-abiertos.chilecompra.cl/organismos-compradores;https://api.mercadopublico.cl/servicios/v1/Publico/Empresas/BuscarComprador?ticket=F8537A18-6766-4DEF-9E59-426B4FEE2844;https://www.dipres.gob.cl/597/w3-multipropertyvalues-15145-37782.html
PUB-CL-38145BDA2CE4F9D621D5;SERVICIO DE SALUD BIO BIO;SERVICIO DE SALUD BIO BIO;CHILECOMPRA_MERCADO_PUBLICO;7308;true;false;PUBLIC_HEALTH;false;61607300-1;ENT-RUT-61607300-1;SERVICIO DE SALUD BIO BIO;EXACT_NORMALIZED_NAME_UNIQUE;HIGH;https://datos-abiertos.chilecompra.cl/organismos-compradores;https://api.mercadopublico.cl/servicios/v1/Publico/Empresas/BuscarComprador?ticket=F8537A18-6766-4DEF-9E59-426B4FEE2844;https://www.dipres.gob.cl/597/w3-multipropertyvalues-15145-37782.html
PUB-CL-08C7F9841EAE04AAE5F3;SERVICIO DE SALUD BIO BIO HOSPITAL DE HU;SERVICIO DE SALUD BIO BIO HOSPITAL DE HU;CHILECOMPRA_MERCADO_PUBLICO;7389;true;false;PUBLIC_HEALTH;false;61607305-2;ENT-RUT-61607305-2;SERVICIO DE SALUD BIO BIO HOSPITAL DE HU;EXACT_NORMALIZED_NAME_UNIQUE;HIGH;https://datos-abiertos.chilecompra.cl/organismos-compradores;https://api.mercadopublico.cl/servicios/v1/Publico/Empresas/BuscarComprador?ticket=F8537A18-6766-4DEF-9E59-426B4FEE2844;https://www.dipres.gob.cl/597/w3-multipropertyvalues-15145-37782.html
PUB-CL-3445FC78B8BB8A48E54A;SERVICIO DE SALUD BIO BIO HOSPITAL DE LAJA;SERVICIO DE SALUD BIO BIO HOSPITAL DE LAJA;CHILECOMPRA_MERCADO_PUBLICO;7464;true;false;PUBLIC_HEALTH;false;61607306-0;ENT-RUT-61607306-0;SERVICIO DE SALUD BIO BIO HOSPITAL DE LAJA;EXACT_NORMALIZED_NAME_UNIQUE;HIGH;https://datos-abiertos.chilecompra.cl/organismos-compradores;https://api.mercadopublico.cl/servicios/v1/Publico/Empresas/BuscarComprador?ticket=F8537A18-6766-4DEF-9E59-426B4FEE2844;https://www.dipres.gob.cl/597/w3-multipropertyvalues-15145-37782.html
PUB-CL-89A46485C25B0F3C1C47;SERVICIO DE SALUD BIO BIO HOSPITAL DE MULCHEN;SERVICIO DE SALUD BIO BIO HOSPITAL DE MULCHEN;CHILECOMPRA_MERCADO_PUBLICO;7434;true;false;PUBLIC_HEALTH;false;61607302-8;ENT-RUT-61607302-8;SERVICIO DE SALUD BIO BIO HOSPITAL DE MULCHEN;EXACT_NORMALIZED_NAME_UNIQUE;HIGH;https://datos-abiertos.chilecompra.cl/organismos-compradores;https://api.mercadopublico.cl/servicios/v1/Publico/Empresas/BuscarComprador?ticket=F8537A18-6766-4DEF-9E59-426B4FEE2844;https://www.dipres.gob.cl/597/w3-multipropertyvalues-15145-37782.html
PUB-CL-12DDAEC84B73F10C3F02;SERVICIO DE SALUD BIO BIO HOSPITAL DE YU;SERVICIO DE SALUD BIO BIO HOSPITAL DE YU;CHILECOMPRA_MERCADO_PUBLICO;7397;true;false;PUBLIC_HEALTH;false;61607307-9;ENT-RUT-61607307-9;SERVICIO DE SALUD BIO BIO HOSPITAL DE YU;EXACT_NORMALIZED_NAME_UNIQUE;HIGH;https://datos-abiertos.chilecompra.cl/organismos-compradores;https://api.mercadopublico.cl/servicios/v1/Publico/Empresas/BuscarComprador?ticket=F8537A18-6766-4DEF-9E59-426B4FEE2844;https://www.dipres.gob.cl/597/w3-multipropertyvalues-15145-37782.html
PUB-CL-CC995307B6C740CD4FAA;SERVICIO DE SALUD BIO BIO HOSPITAL SANTA BARBARA;SERVICIO DE SALUD BIO BIO HOSPITAL SANTA BARBARA;CHILECOMPRA_MERCADO_PUBLICO;7404;true;false;PUBLIC_HEALTH;false;61607304-4;ENT-RUT-61607304-4;SERVICIO DE SALUD BIO BIO HOSPITAL SANTA BARBARA;EXACT_NORMALIZED_NAME_UNIQUE;HIGH;https://datos-abiertos.chilecompra.cl/organismos-compradores;https://api.mercadopublico.cl/servicios/v1/Publico/Empresas/BuscarComprador?ticket=F8537A18-6766-4DEF-9E59-426B4FEE2844;https://www.dipres.gob.cl/597/w3-multipropertyvalues-15145-37782.html
PUB-CL-226CB5A01502BE38D3AB;SERVICIO DE SALUD CHILOE;SERVICIO DE SALUD CHILOE;CHILECOMPRA_MERCADO_PUBLICO;16223;true;false;PUBLIC_HEALTH;false;61979210-6;ENT-RUT-61979210-6;SERVICIO DE SALUD CHILOE;EXACT_NORMALIZED_NAME_UNIQUE;HIGH;https://datos-abiertos.chilecompra.cl/organismos-compradores;https://api.mercadopublico.cl/servicios/v1/Publico/Empresas/BuscarComprador?ticket=F8537A18-6766-4DEF-9E59-426B4FEE2844;https://www.dipres.gob.cl/597/w3-multipropertyvalues-15145-37782.html
PUB-CL-8EEC34BD38B688A95AA9;SERVICIO DE SALUD CONCEPCION;SERVICIO DE SALUD CONCEPCION;CHILECOMPRA_MERCADO_PUBLICO;7205;true;false;PUBLIC_HEALTH;false;61607100-9;ENT-RUT-61607100-9;SERVICIO DE SALUD CONCEPCION;EXACT_NORMALIZED_NAME_UNIQUE;HIGH;https://datos-abiertos.chilecompra.cl/organismos-compradores;https://api.mercadopublico.cl/servicios/v1/Publico/Empresas/BuscarComprador?ticket=F8537A18-6766-4DEF-9E59-426B4FEE2844;https://www.dipres.gob.cl/597/w3-multipropertyvalues-15145-37782.html
PUB-CL-71419AF68F2BB0110535;SERVICIO DE SALUD CONCEPCION ARAUCO CONS;SERVICIO DE SALUD CONCEPCION ARAUCO CONS;CHILECOMPRA_MERCADO_PUBLICO;7473;true;false;PUBLIC_HEALTH;false;61607104-1;ENT-RUT-61607104-1;SERVICIO DE SALUD CONCEPCION ARAUCO CONS;EXACT_NORMALIZED_NAME_UNIQUE;HIGH;https://datos-abiertos.chilecompra.cl/organismos-compradores;https://api.mercadopublico.cl/servicios/v1/Publico/Empresas/BuscarComprador?ticket=F8537A18-6766-4DEF-9E59-426B4FEE2844;https://www.dipres.gob.cl/597/w3-multipropertyvalues-15145-37782.html
PUB-CL-1393BF258C2BDB2B5D5F;SERVICIO DE SALUD CONCEPCION ARAUCO HOSPITAL DE CONTULMO;SERVICIO DE SALUD CONCEPCION ARAUCO HOSPITAL DE CONTULMO;CHILECOMPRA_MERCADO_PUBLICO;7400;true;false;PUBLIC_HEALTH;false;;;;NO_RUT_MATCH;UNMATCHED;https://datos-abiertos.chilecompra.cl/organismos-compradores;https://api.mercadopublico.cl/servicios/v1/Publico/Empresas/BuscarComprador?ticket=F8537A18-6766-4DEF-9E59-426B4FEE2844;https://www.dipres.gob.cl/597/w3-multipropertyvalues-15145-37782.html
PUB-CL-C212A53FC5730075F3CA;SERVICIO DE SALUD COQUIMBO;SERVICIO DE SALUD COQUIMBO;CHILECOMPRA_MERCADO_PUBLICO;7052;true;true;PUBLIC_HEALTH;true;61606400-2;ENT-RUT-61606400-2;SERVICIO DE SALUD COQUIMBO;EXACT_NORMALIZED_NAME_UNIQUE;HIGH;https://datos-abiertos.chilecompra.cl/organismos-compradores;https://api.mercadopublico.cl/servicios/v1/Publico/Empresas/BuscarComprador?ticket=F8537A18-6766-4DEF-9E59-426B4FEE2844;https://www.dipres.gob.cl/597/w3-multipropertyvalues-15145-37782.html
PUB-CL-82D852F3E62BFC79D2D7;SERVICIO DE SALUD COQUIMBO HOSPITAL COMB;SERVICIO DE SALUD COQUIMBO HOSPITAL COMB;CHILECOMPRA_MERCADO_PUBLICO;7330;true;false;PUBLIC_HEALTH;false;61606406-1;ENT-RUT-61606406-1;SERVICIO DE SALUD COQUIMBO HOSPITAL COMB;EXACT_NORMALIZED_NAME_UNIQUE;HIGH;https://datos-abiertos.chilecompra.cl/organismos-compradores;https://api.mercadopublico.cl/servicios/v1/Publico/Empresas/BuscarComprador?ticket=F8537A18-6766-4DEF-9E59-426B4FEE2844;https://www.dipres.gob.cl/597/w3-multipropertyvalues-15145-37782.html
PUB-CL-954B881D5960AE0C92A6;SERVICIO DE SALUD COQUIMBO HOSPITAL DE ANDACOLLO;SERVICIO DE SALUD COQUIMBO HOSPITAL DE ANDACOLLO;CHILECOMPRA_MERCADO_PUBLICO;7472;true;false;PUBLIC_HEALTH;false;61606405-3;ENT-RUT-61606405-3;SERVICIO DE SALUD COQUIMBO HOSPITAL DE ANDACOLLO;EXACT_NORMALIZED_NAME_UNIQUE;HIGH;https://datos-abiertos.chilecompra.cl/organismos-compradores;https://api.mercadopublico.cl/servicios/v1/Publico/Empresas/BuscarComprador?ticket=F8537A18-6766-4DEF-9E59-426B4FEE2844;https://www.dipres.gob.cl/597/w3-multipropertyvalues-15145-37782.html
PUB-CL-6547FE6F0982524B31B5;SERVICIO DE SALUD COQUIMBO HOSPITAL DE COQUIMBO;SERVICIO DE SALUD COQUIMBO HOSPITAL DE COQUIMBO;CHILECOMPRA_MERCADO_PUBLICO;7416;true;false;PUBLIC_HEALTH;false;61606403-7;ENT-RUT-61606403-7;SERVICIO DE SALUD COQUIMBO HOSPITAL DE COQUIMBO;EXACT_NORMALIZED_NAME_UNIQUE;HIGH;https://datos-abiertos.chilecompra.cl/organismos-compradores;https://api.mercadopublico.cl/servicios/v1/Publico/Empresas/BuscarComprador?ticket=F8537A18-6766-4DEF-9E59-426B4FEE2844;https://www.dipres.gob.cl/597/w3-multipropertyvalues-15145-37782.html
PUB-CL-593C3E82155B4157BCE4;SERVICIO DE SALUD COQUIMBO HOSPITAL DE LOS VILOS;SERVICIO DE SALUD COQUIMBO HOSPITAL DE LOS VILOS;CHILECOMPRA_MERCADO_PUBLICO;7471;true;false;PUBLIC_HEALTH;false;61606409-6;ENT-RUT-61606409-6;SERVICIO DE SALUD COQUIMBO HOSPITAL DE LOS VILOS;EXACT_NORMALIZED_NAME_UNIQUE;HIGH;https://datos-abiertos.chilecompra.cl/organismos-compradores;https://api.mercadopublico.cl/servicios/v1/Publico/Empresas/BuscarComprador?ticket=F8537A18-6766-4DEF-9E59-426B4FEE2844;https://www.dipres.gob.cl/597/w3-multipropertyvalues-15145-37782.html
PUB-CL-5727EE4E8BE15A5C1D55;SERVICIO DE SALUD COQUIMBO HOSPITAL DE O;SERVICIO DE SALUD COQUIMBO HOSPITAL DE O;CHILECOMPRA_MERCADO_PUBLICO;7417;true;false;PUBLIC_HEALTH;false;;;;NO_RUT_MATCH;UNMATCHED;https://datos-abiertos.chilecompra.cl/organismos-compradores;https://api.mercadopublico.cl/servicios/v1/Publico/Empresas/BuscarComprador?ticket=F8537A18-6766-4DEF-9E59-426B4FEE2844;https://www.dipres.gob.cl/597/w3-multipropertyvalues-15145-37782.html
PUB-CL-0A4B84540B4236F50723;SERVICIO DE SALUD COQUIMBO HOSPITAL DR. HUMBERTO ELORZA CORTES;SERVICIO DE SALUD COQUIMBO HOSPITAL DR HUMBERTO ELORZA CORTES;CHILECOMPRA_MERCADO_PUBLICO;7468;true;false;PUBLIC_HEALTH;false;61606407-K;ENT-RUT-61606407-K;SERVICIO DE SALUD COQUIMBO HOSPITAL DR. HUMBERTO ELORZA CORTES;EXACT_NORMALIZED_NAME_UNIQUE;HIGH;https://datos-abiertos.chilecompra.cl/organismos-compradores;https://api.mercadopublico.cl/servicios/v1/Publico/Empresas/BuscarComprador?ticket=F8537A18-6766-4DEF-9E59-426B4FEE2844;https://www.dipres.gob.cl/597/w3-multipropertyvalues-15145-37782.html
PUB-CL-CA2C26349EA4D0AC9012;SERVICIO DE SALUD COQUIMBO HOSPITAL LA SERENA;SERVICIO DE SALUD COQUIMBO HOSPITAL LA SERENA;CHILECOMPRA_MERCADO_PUBLICO;7312;true;false;PUBLIC_HEALTH;false;61606402-9;ENT-RUT-61606402-9;SERVICIO DE SALUD COQUIMBO HOSPITAL LA SERENA;EXACT_NORMALIZED_NAME_UNIQUE;HIGH;https://datos-abiertos.chilecompra.cl/organismos-compradores;https://api.mercadopublico.cl/servicios/v1/Publico/Empresas/BuscarComprador?ticket=F8537A18-6766-4DEF-9E59-426B4FEE2844;https://www.dipres.gob.cl/597/w3-multipropertyvalues-15145-37782.html
PUB-CL-D45BC22EF6D556EB3F8C;SERVICIO DE SALUD COQUIMBO HOSPITAL VICUNA;SERVICIO DE SALUD COQUIMBO HOSPITAL VICUNA;CHILECOMPRA_MERCADO_PUBLICO;7329;true;false;PUBLIC_HEALTH;false;61606401-0;ENT-RUT-61606401-0;SERVICIO DE SALUD COQUIMBO HOSPITAL VICUNA;EXACT_NORMALIZED_NAME_UNIQUE;HIGH;https://datos-abiertos.chilecompra.cl/organismos-compradores;https://api.mercadopublico.cl/servicios/v1/Publico/Empresas/BuscarComprador?ticket=F8537A18-6766-4DEF-9E59-426B4FEE2844;https://www.dipres.gob.cl/597/w3-multipropertyvalues-15145-37782.html
PUB-CL-F66F7817916B47490914;SERVICIO DE SALUD DE ARICA Y PARINACOTA;SERVICIO DE SALUD DE ARICA Y PARINACOTA;CHILECOMPRA_MERCADO_PUBLICO;6926;true;false;PUBLIC_HEALTH;false;61606000-7;ENT-RUT-61606000-7;SERVICIO DE SALUD DE ARICA Y PARINACOTA;EXACT_NORMALIZED_NAME_UNIQUE;HIGH;https://datos-abiertos.chilecompra.cl/organismos-compradores;https://api.mercadopublico.cl/servicios/v1/Publico/Empresas/BuscarComprador?ticket=F8537A18-6766-4DEF-9E59-426B4FEE2844;https://www.dipres.gob.cl/597/w3-multipropertyvalues-15145-37782.html
PUB-CL-B3D84B58758BD2BCB10B;SERVICIO DE SALUD DE LA ARAUCANIA SUR HOSPITAL LONCOCHE;SERVICIO DE SALUD DE LA ARAUCANIA SUR HOSPITAL LONCOCHE;CHILECOMPRA_MERCADO_PUBLICO;7156;true;false;PUBLIC_HEALTH;false;61602247-4;ENT-RUT-61602247-4;SERVICIO DE SALUD DE LA ARAUCANIA SUR HOSPITAL LONCOCHE;EXACT_NORMALIZED_NAME_UNIQUE;HIGH;https://datos-abiertos.chilecompra.cl/organismos-compradores;https://api.mercadopublico.cl/servicios/v1/Publico/Empresas/BuscarComprador?ticket=F8537A18-6766-4DEF-9E59-426B4FEE2844;https://www.dipres.gob.cl/597/w3-multipropertyvalues-15145-37782.html
PUB-CL-54E1AD62F4E001D70D01;SERVICIO DE SALUD DE TALCAHUANO HOSPITAL;SERVICIO DE SALUD DE TALCAHUANO HOSPITAL;CHILECOMPRA_MERCADO_PUBLICO;7419;true;false;PUBLIC_HEALTH;false;61607202-1;ENT-RUT-61607202-1;SERVICIO DE SALUD DE TALCAHUANO HOSPITAL;EXACT_NORMALIZED_NAME_UNIQUE;HIGH;https://datos-abiertos.chilecompra.cl/organismos-compradores;https://api.mercadopublico.cl/servicios/v1/Publico/Empresas/BuscarComprador?ticket=F8537A18-6766-4DEF-9E59-426B4FEE2844;https://www.dipres.gob.cl/597/w3-multipropertyvalues-15145-37782.html
PUB-CL-1F8999E171789B740AC1;SERVICIO DE SALUD DEL LIBERTADOR B O'HIGGINS HOSPITAL REG RANCAGUA;SERVICIO DE SALUD DEL LIBERTADOR B O HIGGINS HOSPITAL REG RANCAGUA;CHILECOMPRA_MERCADO_PUBLICO;7374;true;false;PUBLIC_HEALTH;false;;;;NO_RUT_MATCH;UNMATCHED;https://datos-abiertos.chilecompra.cl/organismos-compradores;https://api.mercadopublico.cl/servicios/v1/Publico/Empresas/BuscarComprador?ticket=F8537A18-6766-4DEF-9E59-426B4FEE2844;https://www.dipres.gob.cl/597/w3-multipropertyvalues-15145-37782.html
PUB-CL-9877847842382EFD43B7;SERVICIO DE SALUD DEL MAULE;SERVICIO DE SALUD DEL MAULE;CHILECOMPRA_MERCADO_PUBLICO;7141;true;false;PUBLIC_HEALTH;false;61606900-4;ENT-RUT-61606900-4;SERVICIO DE SALUD DEL MAULE;EXACT_NORMALIZED_NAME_UNIQUE;HIGH;https://datos-abiertos.chilecompra.cl/organismos-compradores;https://api.mercadopublico.cl/servicios/v1/Publico/Empresas/BuscarComprador?ticket=F8537A18-6766-4DEF-9E59-426B4FEE2844;https://www.dipres.gob.cl/597/w3-multipropertyvalues-15145-37782.html
PUB-CL-2C2CD7A46A3725625D8D;SERVICIO DE SALUD DEL MAULE HOSPITAL DE;SERVICIO DE SALUD DEL MAULE HOSPITAL DE;CHILECOMPRA_MERCADO_PUBLICO;7279;true;false;PUBLIC_HEALTH;false;;;;NO_RUT_MATCH;UNMATCHED;https://datos-abiertos.chilecompra.cl/organismos-compradores;https://api.mercadopublico.cl/servicios/v1/Publico/Empresas/BuscarComprador?ticket=F8537A18-6766-4DEF-9E59-426B4FEE2844;https://www.dipres.gob.cl/597/w3-multipropertyvalues-15145-37782.html
PUB-CL-0876F1EF5D264ECC4B1D;SERVICIO DE SALUD DEL MAULE HOSPITAL DE CAUQUENES;SERVICIO DE SALUD DEL MAULE HOSPITAL DE CAUQUENES;CHILECOMPRA_MERCADO_PUBLICO;7256;true;false;PUBLIC_HEALTH;false;61606913-6;ENT-RUT-61606913-6;SERVICIO DE SALUD DEL MAULE HOSPITAL DE CAUQUENES;EXACT_NORMALIZED_NAME_UNIQUE;HIGH;https://datos-abiertos.chilecompra.cl/organismos-compradores;https://api.mercadopublico.cl/servicios/v1/Publico/Empresas/BuscarComprador?ticket=F8537A18-6766-4DEF-9E59-426B4FEE2844;https://www.dipres.gob.cl/597/w3-multipropertyvalues-15145-37782.html
PUB-CL-2548118C4BD7B0F74F39;SERVICIO DE SALUD DEL MAULE HOSPITAL DE CUREPTO;SERVICIO DE SALUD DEL MAULE HOSPITAL DE CUREPTO;CHILECOMPRA_MERCADO_PUBLICO;7278;true;false;PUBLIC_HEALTH;false;61606910-1;ENT-RUT-61606910-1;SERVICIO DE SALUD DEL MAULE HOSPITAL DE CUREPTO;EXACT_NORMALIZED_NAME_UNIQUE;HIGH;https://datos-abiertos.chilecompra.cl/organismos-compradores;https://api.mercadopublico.cl/servicios/v1/Publico/Empresas/BuscarComprador?ticket=F8537A18-6766-4DEF-9E59-426B4FEE2844;https://www.dipres.gob.cl/597/w3-multipropertyvalues-15145-37782.html
PUB-CL-74A57BC1CBEF0F31A35A;SERVICIO DE SALUD DEL MAULE HOSPITAL DE CURICO;SERVICIO DE SALUD DEL MAULE HOSPITAL DE CURICO;CHILECOMPRA_MERCADO_PUBLICO;7452;true;false;PUBLIC_HEALTH;false;61606903-9;ENT-RUT-61606903-9;SERVICIO DE SALUD DEL MAULE HOSPITAL DE CURICO;EXACT_NORMALIZED_NAME_UNIQUE;HIGH;https://datos-abiertos.chilecompra.cl/organismos-compradores;https://api.mercadopublico.cl/servicios/v1/Publico/Empresas/BuscarComprador?ticket=F8537A18-6766-4DEF-9E59-426B4FEE2844;https://www.dipres.gob.cl/597/w3-multipropertyvalues-15145-37782.html
PUB-CL-9495BC2B3E731F3CB4A8;SERVICIO DE SALUD DEL MAULE HOSPITAL DE HUALANE;SERVICIO DE SALUD DEL MAULE HOSPITAL DE HUALANE;CHILECOMPRA_MERCADO_PUBLICO;7255;true;false;PUBLIC_HEALTH;false;61606906-3;ENT-RUT-61606906-3;SERVICIO DE SALUD DEL MAULE HOSPITAL DE HUALANE;EXACT_NORMALIZED_NAME_UNIQUE;HIGH;https://datos-abiertos.chilecompra.cl/organismos-compradores;https://api.mercadopublico.cl/servicios/v1/Publico/Empresas/BuscarComprador?ticket=F8537A18-6766-4DEF-9E59-426B4FEE2844;https://www.dipres.gob.cl/597/w3-multipropertyvalues-15145-37782.html
PUB-CL-F6D3F91F219B1F286D50;SERVICIO DE SALUD DEL MAULE HOSPITAL DE LICANTEN;SERVICIO DE SALUD DEL MAULE HOSPITAL DE LICANTEN;CHILECOMPRA_MERCADO_PUBLICO;7257;true;false;PUBLIC_HEALTH;false;61606905-5;ENT-RUT-61606905-5;SERVICIO DE SALUD DEL MAULE HOSPITAL DE LICANTEN;EXACT_NORMALIZED_NAME_UNIQUE;HIGH;https://datos-abiertos.chilecompra.cl/organismos-compradores;https://api.mercadopublico.cl/servicios/v1/Publico/Empresas/BuscarComprador?ticket=F8537A18-6766-4DEF-9E59-426B4FEE2844;https://www.dipres.gob.cl/597/w3-multipropertyvalues-15145-37782.html
PUB-CL-802DACACAB1CE600310F;SERVICIO DE SALUD DEL MAULE HOSPITAL DE LINARES;SERVICIO DE SALUD DEL MAULE HOSPITAL DE LINARES;CHILECOMPRA_MERCADO_PUBLICO;7258;true;false;PUBLIC_HEALTH;false;61606917-9;ENT-RUT-61606917-9;SERVICIO DE SALUD DEL MAULE HOSPITAL DE LINARES;EXACT_NORMALIZED_NAME_UNIQUE;HIGH;https://datos-abiertos.chilecompra.cl/organismos-compradores;https://api.mercadopublico.cl/servicios/v1/Publico/Empresas/BuscarComprador?ticket=F8537A18-6766-4DEF-9E59-426B4FEE2844;https://www.dipres.gob.cl/597/w3-multipropertyvalues-15145-37782.html
PUB-CL-8E44ACBCE73B6D660E52;SERVICIO DE SALUD DEL MAULE HOSPITAL DE MOLINA;SERVICIO DE SALUD DEL MAULE HOSPITAL DE MOLINA;CHILECOMPRA_MERCADO_PUBLICO;7280;true;false;PUBLIC_HEALTH;false;61606908-K;ENT-RUT-61606908-K;SERVICIO DE SALUD DEL MAULE HOSPITAL DE MOLINA;EXACT_NORMALIZED_NAME_UNIQUE;HIGH;https://datos-abiertos.chilecompra.cl/organismos-compradores;https://api.mercadopublico.cl/servicios/v1/Publico/Empresas/BuscarComprador?ticket=F8537A18-6766-4DEF-9E59-426B4FEE2844;https://www.dipres.gob.cl/597/w3-multipropertyvalues-15145-37782.html
PUB-CL-2475D7FD2916C9045860;SERVICIO DE SALUD DEL MAULE HOSPITAL DE PARRAL;SERVICIO DE SALUD DEL MAULE HOSPITAL DE PARRAL;CHILECOMPRA_MERCADO_PUBLICO;7259;true;false;PUBLIC_HEALTH;false;61606918-7;ENT-RUT-61606918-7;SERVICIO DE SALUD DEL MAULE HOSPITAL DE PARRAL;EXACT_NORMALIZED_NAME_UNIQUE;HIGH;https://datos-abiertos.chilecompra.cl/organismos-compradores;https://api.mercadopublico.cl/servicios/v1/Publico/Empresas/BuscarComprador?ticket=F8537A18-6766-4DEF-9E59-426B4FEE2844;https://www.dipres.gob.cl/597/w3-multipropertyvalues-15145-37782.html
PUB-CL-B18E7B51EFFFD2FCC21E;SERVICIO DE SALUD DEL MAULE HOSPITAL DE TALCA;SERVICIO DE SALUD DEL MAULE HOSPITAL DE TALCA;CHILECOMPRA_MERCADO_PUBLICO;7260;true;false;PUBLIC_HEALTH;false;61606901-2;ENT-RUT-61606901-2;SERVICIO DE SALUD DEL MAULE HOSPITAL DE TALCA;EXACT_NORMALIZED_NAME_UNIQUE;HIGH;https://datos-abiertos.chilecompra.cl/organismos-compradores;https://api.mercadopublico.cl/servicios/v1/Publico/Empresas/BuscarComprador?ticket=F8537A18-6766-4DEF-9E59-426B4FEE2844;https://www.dipres.gob.cl/597/w3-multipropertyvalues-15145-37782.html
PUB-CL-1ED9BE6A6A5F89C23DA6;SERVICIO DE SALUD DEL MAULE HOSPITAL DE TENO;SERVICIO DE SALUD DEL MAULE HOSPITAL DE TENO;CHILECOMPRA_MERCADO_PUBLICO;7261;true;false;PUBLIC_HEALTH;false;61606907-1;ENT-RUT-61606907-1;SERVICIO DE SALUD DEL MAULE HOSPITAL DE TENO;EXACT_NORMALIZED_NAME_UNIQUE;HIGH;https://datos-abiertos.chilecompra.cl/organismos-compradores;https://api.mercadopublico.cl/servicios/v1/Publico/Empresas/BuscarComprador?ticket=F8537A18-6766-4DEF-9E59-426B4FEE2844;https://www.dipres.gob.cl/597/w3-multipropertyvalues-15145-37782.html
PUB-CL-CACAABB5F639CF8679DA;SERVICIO DE SALUD DEL MAULE HOSPITAL SAN JAVIER;SERVICIO DE SALUD DEL MAULE HOSPITAL SAN JAVIER;CHILECOMPRA_MERCADO_PUBLICO;7262;true;false;PUBLIC_HEALTH;false;61606912-8;ENT-RUT-61606912-8;SERVICIO DE SALUD DEL MAULE HOSPITAL SAN JAVIER;EXACT_NORMALIZED_NAME_UNIQUE;HIGH;https://datos-abiertos.chilecompra.cl/organismos-compradores;https://api.mercadopublico.cl/servicios/v1/Publico/Empresas/BuscarComprador?ticket=F8537A18-6766-4DEF-9E59-426B4FEE2844;https://www.dipres.gob.cl/597/w3-multipropertyvalues-15145-37782.html
PUB-CL-C8BE09398627D62A8407;SERVICIO DE SALUD HOSPITAL COINCO;SERVICIO DE SALUD HOSPITAL COINCO;CHILECOMPRA_MERCADO_PUBLICO;7421;true;false;PUBLIC_HEALTH;false;61602134-6;ENT-RUT-61602134-6;SERVICIO DE SALUD HOSPITAL COINCO;EXACT_NORMALIZED_NAME_UNIQUE;HIGH;https://datos-abiertos.chilecompra.cl/organismos-compradores;https://api.mercadopublico.cl/servicios/v1/Publico/Empresas/BuscarComprador?ticket=F8537A18-6766-4DEF-9E59-426B4FEE2844;https://www.dipres.gob.cl/597/w3-multipropertyvalues-15145-37782.html
PUB-CL-0584FE02BBD89A740FA7;SERVICIO DE SALUD HOSPITAL DE CHIMBARONGO;SERVICIO DE SALUD HOSPITAL DE CHIMBARONGO;CHILECOMPRA_MERCADO_PUBLICO;7441;true;false;PUBLIC_HEALTH;false;61602146-K;ENT-RUT-61602146-K;SERVICIO DE SALUD HOSPITAL DE CHIMBARONGO;EXACT_NORMALIZED_NAME_UNIQUE;HIGH;https://datos-abiertos.chilecompra.cl/organismos-compradores;https://api.mercadopublico.cl/servicios/v1/Publico/Empresas/BuscarComprador?ticket=F8537A18-6766-4DEF-9E59-426B4FEE2844;https://www.dipres.gob.cl/597/w3-multipropertyvalues-15145-37782.html
PUB-CL-5665C5DFB60B940A907A;SERVICIO DE SALUD HOSPITAL DE GRANEROS;SERVICIO DE SALUD HOSPITAL DE GRANEROS;CHILECOMPRA_MERCADO_PUBLICO;7449;true;false;PUBLIC_HEALTH;false;61602132-K;ENT-RUT-61602132-K;SERVICIO DE SALUD HOSPITAL DE GRANEROS;EXACT_NORMALIZED_NAME_UNIQUE;HIGH;https://datos-abiertos.chilecompra.cl/organismos-compradores;https://api.mercadopublico.cl/servicios/v1/Publico/Empresas/BuscarComprador?ticket=F8537A18-6766-4DEF-9E59-426B4FEE2844;https://www.dipres.gob.cl/597/w3-multipropertyvalues-15145-37782.html
PUB-CL-27E21FEDCFA99934723B;SERVICIO DE SALUD HOSPITAL DE MARCHIGUE;SERVICIO DE SALUD HOSPITAL DE MARCHIGUE;CHILECOMPRA_MERCADO_PUBLICO;7442;true;false;PUBLIC_HEALTH;false;61602151-6;ENT-RUT-61602151-6;SERVICIO DE SALUD HOSPITAL DE MARCHIGUE;EXACT_NORMALIZED_NAME_UNIQUE;HIGH;https://datos-abiertos.chilecompra.cl/organismos-compradores;https://api.mercadopublico.cl/servicios/v1/Publico/Empresas/BuscarComprador?ticket=F8537A18-6766-4DEF-9E59-426B4FEE2844;https://www.dipres.gob.cl/597/w3-multipropertyvalues-15145-37782.html
PUB-CL-9883FC649EC70EF9963C;SERVICIO DE SALUD HOSPITAL DE NANCAGUA;SERVICIO DE SALUD HOSPITAL DE NANCAGUA;CHILECOMPRA_MERCADO_PUBLICO;7445;true;false;PUBLIC_HEALTH;false;61602147-8;ENT-RUT-61602147-8;SERVICIO DE SALUD HOSPITAL DE NANCAGUA;EXACT_NORMALIZED_NAME_UNIQUE;HIGH;https://datos-abiertos.chilecompra.cl/organismos-compradores;https://api.mercadopublico.cl/servicios/v1/Publico/Empresas/BuscarComprador?ticket=F8537A18-6766-4DEF-9E59-426B4FEE2844;https://www.dipres.gob.cl/597/w3-multipropertyvalues-15145-37782.html
PUB-CL-4064FDA00C657AA834F4;SERVICIO DE SALUD HOSPITAL DE PEUMO;SERVICIO DE SALUD HOSPITAL DE PEUMO;CHILECOMPRA_MERCADO_PUBLICO;7444;true;false;PUBLIC_HEALTH;false;61602142-7;ENT-RUT-61602142-7;SERVICIO DE SALUD HOSPITAL DE PEUMO;EXACT_NORMALIZED_NAME_UNIQUE;HIGH;https://datos-abiertos.chilecompra.cl/organismos-compradores;https://api.mercadopublico.cl/servicios/v1/Publico/Empresas/BuscarComprador?ticket=F8537A18-6766-4DEF-9E59-426B4FEE2844;https://www.dipres.gob.cl/597/w3-multipropertyvalues-15145-37782.html
PUB-CL-1FB4143CB23F59209775;SERVICIO DE SALUD HOSPITAL DE PICHIDEGUA;SERVICIO DE SALUD HOSPITAL DE PICHIDEGUA;CHILECOMPRA_MERCADO_PUBLICO;7435;true;false;PUBLIC_HEALTH;false;61602143-5;ENT-RUT-61602143-5;SERVICIO DE SALUD HOSPITAL DE PICHIDEGUA;EXACT_NORMALIZED_NAME_UNIQUE;HIGH;https://datos-abiertos.chilecompra.cl/organismos-compradores;https://api.mercadopublico.cl/servicios/v1/Publico/Empresas/BuscarComprador?ticket=F8537A18-6766-4DEF-9E59-426B4FEE2844;https://www.dipres.gob.cl/597/w3-multipropertyvalues-15145-37782.html
PUB-CL-B72C491ACFB04731285A;SERVICIO DE SALUD HOSPITAL DE PICHILEMU;SERVICIO DE SALUD HOSPITAL DE PICHILEMU;CHILECOMPRA_MERCADO_PUBLICO;7436;true;false;PUBLIC_HEALTH;false;61602153-2;ENT-RUT-61602153-2;SERVICIO DE SALUD HOSPITAL DE PICHILEMU;EXACT_NORMALIZED_NAME_UNIQUE;HIGH;https://datos-abiertos.chilecompra.cl/organismos-compradores;https://api.mercadopublico.cl/servicios/v1/Publico/Empresas/BuscarComprador?ticket=F8537A18-6766-4DEF-9E59-426B4FEE2844;https://www.dipres.gob.cl/597/w3-multipropertyvalues-15145-37782.html
PUB-CL-BD0471ED5C6B55D61418;SERVICIO DE SALUD HOSPITAL DE RENGO;SERVICIO DE SALUD HOSPITAL DE RENGO;CHILECOMPRA_MERCADO_PUBLICO;7440;true;false;PUBLIC_HEALTH;false;61602140-0;ENT-RUT-61602140-0;SERVICIO DE SALUD HOSPITAL DE RENGO;EXACT_NORMALIZED_NAME_UNIQUE;HIGH;https://datos-abiertos.chilecompra.cl/organismos-compradores;https://api.mercadopublico.cl/servicios/v1/Publico/Empresas/BuscarComprador?ticket=F8537A18-6766-4DEF-9E59-426B4FEE2844;https://www.dipres.gob.cl/597/w3-multipropertyvalues-15145-37782.html
PUB-CL-EBB30F35CA4BBC34341C;SERVICIO DE SALUD HOSPITAL DE SAN FERNANDO;SERVICIO DE SALUD HOSPITAL DE SAN FERNANDO;CHILECOMPRA_MERCADO_PUBLICO;7448;true;false;PUBLIC_HEALTH;false;61602145-1;ENT-RUT-61602145-1;SERVICIO DE SALUD HOSPITAL DE SAN FERNANDO;EXACT_NORMALIZED_NAME_UNIQUE;HIGH;https://datos-abiertos.chilecompra.cl/organismos-compradores;https://api.mercadopublico.cl/servicios/v1/Publico/Empresas/BuscarComprador?ticket=F8537A18-6766-4DEF-9E59-426B4FEE2844;https://www.dipres.gob.cl/597/w3-multipropertyvalues-15145-37782.html
PUB-CL-719E45CB5B2F8FA889D6;SERVICIO DE SALUD HOSPITAL DE SAN VICENTE DE TAGUA TAGUA;SERVICIO DE SALUD HOSPITAL DE SAN VICENTE DE TAGUA TAGUA;CHILECOMPRA_MERCADO_PUBLICO;7443;true;false;PUBLIC_HEALTH;false;61602141-9;ENT-RUT-61602141-9;SERVICIO DE SALUD HOSPITAL DE SAN VICENTE DE TAGUA TAGUA;EXACT_NORMALIZED_NAME_UNIQUE;HIGH;https://datos-abiertos.chilecompra.cl/organismos-compradores;https://api.mercadopublico.cl/servicios/v1/Publico/Empresas/BuscarComprador?ticket=F8537A18-6766-4DEF-9E59-426B4FEE2844;https://www.dipres.gob.cl/597/w3-multipropertyvalues-15145-37782.html
PUB-CL-211E79A42E7DF8A88FF5;SERVICIO DE SALUD HOSPITAL DE SANTA CRUZ;SERVICIO DE SALUD HOSPITAL DE SANTA CRUZ;CHILECOMPRA_MERCADO_PUBLICO;7314;true;false;PUBLIC_HEALTH;false;61602148-6;ENT-RUT-61602148-6;SERVICIO DE SALUD HOSPITAL DE SANTA CRUZ;EXACT_NORMALIZED_NAME_UNIQUE;HIGH;https://datos-abiertos.chilecompra.cl/organismos-compradores;https://api.mercadopublico.cl/servicios/v1/Publico/Empresas/BuscarComprador?ticket=F8537A18-6766-4DEF-9E59-426B4FEE2844;https://www.dipres.gob.cl/597/w3-multipropertyvalues-15145-37782.html
PUB-CL-3FE81F2EEFA37720F35C;SERVICIO DE SALUD IQUIQUE;SERVICIO DE SALUD IQUIQUE;CHILECOMPRA_MERCADO_PUBLICO;7453;true;false;PUBLIC_HEALTH;false;;;;NO_RUT_MATCH;UNMATCHED;https://datos-abiertos.chilecompra.cl/organismos-compradores;https://api.mercadopublico.cl/servicios/v1/Publico/Empresas/BuscarComprador?ticket=F8537A18-6766-4DEF-9E59-426B4FEE2844;https://www.dipres.gob.cl/597/w3-multipropertyvalues-15145-37782.html
PUB-CL-94493347D6085C61F09F;SERVICIO DE SALUD LIBERTADOR BDO OHIGGINS;SERVICIO DE SALUD LIBERTADOR BDO OHIGGINS;CHILECOMPRA_MERCADO_PUBLICO;7054;true;false;PUBLIC_HEALTH;false;61606800-8;ENT-RUT-61606800-8;SERVICIO DE SALUD LIBERTADOR BDO OHIGGINS;EXACT_NORMALIZED_NAME_UNIQUE;HIGH;https://datos-abiertos.chilecompra.cl/organismos-compradores;https://api.mercadopublico.cl/servicios/v1/Publico/Empresas/BuscarComprador?ticket=F8537A18-6766-4DEF-9E59-426B4FEE2844;https://www.dipres.gob.cl/597/w3-multipropertyvalues-15145-37782.html
PUB-CL-B92F47BB0333BD9354F2;SERVICIO DE SALUD LOS RIOS;SERVICIO DE SALUD LOS RIOS;CHILECOMPRA_MERCADO_PUBLICO;7106;true;false;PUBLIC_HEALTH;false;61607500-4;ENT-RUT-61607500-4;SERVICIO DE SALUD LOS RIOS;EXACT_NORMALIZED_NAME_UNIQUE;HIGH;https://datos-abiertos.chilecompra.cl/organismos-compradores;https://api.mercadopublico.cl/servicios/v1/Publico/Empresas/BuscarComprador?ticket=F8537A18-6766-4DEF-9E59-426B4FEE2844;https://www.dipres.gob.cl/597/w3-multipropertyvalues-15145-37782.html
PUB-CL-44D4930974D387AFEEC2;SERVICIO DE SALUD MAGALLANES;SERVICIO DE SALUD MAGALLANES;CHILECOMPRA_MERCADO_PUBLICO;7382;true;true;PUBLIC_HEALTH;true;61607900-K;ENT-RUT-61607900-K;SERVICIO DE SALUD MAGALLANES;EXACT_NORMALIZED_NAME_UNIQUE;HIGH;https://datos-abiertos.chilecompra.cl/organismos-compradores;https://api.mercadopublico.cl/servicios/v1/Publico/Empresas/BuscarComprador?ticket=F8537A18-6766-4DEF-9E59-426B4FEE2844;https://www.dipres.gob.cl/597/w3-multipropertyvalues-15145-37782.html
PUB-CL-C883DE8B79C448720D60;SERVICIO DE SALUD MAGALLANES HOSPITAL DE PTO NATALES;SERVICIO DE SALUD MAGALLANES HOSPITAL DE PTO NATALES;CHILECOMPRA_MERCADO_PUBLICO;7310;true;false;PUBLIC_HEALTH;false;61607904-2;ENT-RUT-61607904-2;SERVICIO DE SALUD MAGALLANES HOSPITAL DE PTO NATALES;EXACT_NORMALIZED_NAME_UNIQUE;HIGH;https://datos-abiertos.chilecompra.cl/organismos-compradores;https://api.mercadopublico.cl/servicios/v1/Publico/Empresas/BuscarComprador?ticket=F8537A18-6766-4DEF-9E59-426B4FEE2844;https://www.dipres.gob.cl/597/w3-multipropertyvalues-15145-37782.html
PUB-CL-CE7DC76892F5E837953C;SERVICIO DE SALUD METROPOLI CENTRAL DIRECCION DE ATENCION PRIMARIA;SERVICIO DE SALUD METROPOLI CENTRAL DIRECCION DE ATENCION PRIMARIA;CHILECOMPRA_MERCADO_PUBLICO;7466;true;false;PUBLIC_HEALTH;false;61608605-7;ENT-RUT-61608605-7;SERVICIO DE SALUD METROPOLI CENTRAL DIRECCION DE ATENCION PRIMARIA;EXACT_NORMALIZED_NAME_UNIQUE;HIGH;https://datos-abiertos.chilecompra.cl/organismos-compradores;https://api.mercadopublico.cl/servicios/v1/Publico/Empresas/BuscarComprador?ticket=F8537A18-6766-4DEF-9E59-426B4FEE2844;https://www.dipres.gob.cl/597/w3-multipropertyvalues-15145-37782.html
PUB-CL-0C00CEF5AE9C6E567C8D;SERVICIO DE SALUD METROPOLITANA NORTE HOSPITAL SAN JOSE;SERVICIO DE SALUD METROPOLITANA NORTE HOSPITAL SAN JOSE;CHILECOMPRA_MERCADO_PUBLICO;7406;true;false;PUBLIC_HEALTH;false;61608002-4;ENT-RUT-61608002-4;SERVICIO DE SALUD METROPOLITANA NORTE HOSPITAL SAN JOSE;EXACT_NORMALIZED_NAME_UNIQUE;HIGH;https://datos-abiertos.chilecompra.cl/organismos-compradores;https://api.mercadopublico.cl/servicios/v1/Publico/Empresas/BuscarComprador?ticket=F8537A18-6766-4DEF-9E59-426B4FEE2844;https://www.dipres.gob.cl/597/w3-multipropertyvalues-15145-37782.html
PUB-CL-16502798DB79716FC407;SERVICIO DE SALUD METROPOLITANO CENTRAL;SERVICIO DE SALUD METROPOLITANO CENTRAL;CHILECOMPRA_MERCADO_PUBLICO;7088;true;true;PUBLIC_HEALTH;true;61608600-6;ENT-RUT-61608600-6;SERVICIO DE SALUD METROPOLITANO CENTRAL;EXACT_NORMALIZED_NAME_UNIQUE;HIGH;https://datos-abiertos.chilecompra.cl/organismos-compradores;https://api.mercadopublico.cl/servicios/v1/Publico/Empresas/BuscarComprador?ticket=F8537A18-6766-4DEF-9E59-426B4FEE2844;https://www.dipres.gob.cl/597/w3-multipropertyvalues-15145-37782.html
PUB-CL-892091D1970665FDB0E8;SERVICIO DE SALUD METROPOLITANO NORTE;SERVICIO DE SALUD METROPOLITANO NORTE;CHILECOMPRA_MERCADO_PUBLICO;6963;true;true;PUBLIC_HEALTH;true;61608000-8;ENT-RUT-61608000-8;SERVICIO DE SALUD METROPOLITANO NORTE;EXACT_NORMALIZED_NAME_UNIQUE;HIGH;https://datos-abiertos.chilecompra.cl/organismos-compradores;https://api.mercadopublico.cl/servicios/v1/Publico/Empresas/BuscarComprador?ticket=F8537A18-6766-4DEF-9E59-426B4FEE2844;https://www.dipres.gob.cl/597/w3-multipropertyvalues-15145-37782.html
PUB-CL-90D2FDCD376DC90D9FAC;SERVICIO DE SALUD METROPOLITANO NORTE HOSPITAL DE TIL TIL;SERVICIO DE SALUD METROPOLITANO NORTE HOSPITAL DE TIL TIL;CHILECOMPRA_MERCADO_PUBLICO;7274;true;false;PUBLIC_HEALTH;false;61608006-7;ENT-RUT-61608006-7;SERVICIO DE SALUD METROPOLITANO NORTE HOSPITAL DE TIL TIL;EXACT_NORMALIZED_NAME_UNIQUE;HIGH;https://datos-abiertos.chilecompra.cl/organismos-compradores;https://api.mercadopublico.cl/servicios/v1/Publico/Empresas/BuscarComprador?ticket=F8537A18-6766-4DEF-9E59-426B4FEE2844;https://www.dipres.gob.cl/597/w3-multipropertyvalues-15145-37782.html
PUB-CL-4FE699430DAC134D17C1;SERVICIO DE SALUD METROPOLITANO OCCIDENTE HOSPITAL DE CURACAVI;SERVICIO DE SALUD METROPOLITANO OCCIDENTE HOSPITAL DE CURACAVI;CHILECOMPRA_MERCADO_PUBLICO;7455;true;false;PUBLIC_HEALTH;false;61602125-7;ENT-RUT-61602125-7;SERVICIO DE SALUD METROPOLITANO OCCIDENTE HOSPITAL DE CURACAVI;EXACT_NORMALIZED_NAME_UNIQUE;HIGH;https://datos-abiertos.chilecompra.cl/organismos-compradores;https://api.mercadopublico.cl/servicios/v1/Publico/Empresas/BuscarComprador?ticket=F8537A18-6766-4DEF-9E59-426B4FEE2844;https://www.dipres.gob.cl/597/w3-multipropertyvalues-15145-37782.html
PUB-CL-DB683120DE07698F8DB6;SERVICIO DE SALUD METROPOLITANO SUR HOSP;SERVICIO DE SALUD METROPOLITANO SUR HOSP;CHILECOMPRA_MERCADO_PUBLICO;7293;true;false;PUBLIC_HEALTH;false;61608101-2;ENT-RUT-61608101-2;SERVICIO DE SALUD METROPOLITANO SUR HOSP;EXACT_NORMALIZED_NAME_UNIQUE;HIGH;https://datos-abiertos.chilecompra.cl/organismos-compradores;https://api.mercadopublico.cl/servicios/v1/Publico/Empresas/BuscarComprador?ticket=F8537A18-6766-4DEF-9E59-426B4FEE2844;https://www.dipres.gob.cl/597/w3-multipropertyvalues-15145-37782.html
PUB-CL-B0ED56B7FB3021A20B51;SERVICIO DE SALUD METROPOLITANO SUR ORIENTE;SERVICIO DE SALUD METROPOLITANO SUR ORIENTE;CHILECOMPRA_MERCADO_PUBLICO;7203;true;true;PUBLIC_HEALTH;true;61608500-K;ENT-RUT-61608500-K;SERVICIO DE SALUD METROPOLITANO SUR ORIENTE;EXACT_NORMALIZED_NAME_UNIQUE;HIGH;https://datos-abiertos.chilecompra.cl/organismos-compradores;https://api.mercadopublico.cl/servicios/v1/Publico/Empresas/BuscarComprador?ticket=F8537A18-6766-4DEF-9E59-426B4FEE2844;https://www.dipres.gob.cl/597/w3-multipropertyvalues-15145-37782.html
PUB-CL-84F4E09E0CF0E6CFF10E;SERVICIO DE SALUD NORTE HOSPITAL ROBERTO DEL RIO;SERVICIO DE SALUD NORTE HOSPITAL ROBERTO DEL RIO;CHILECOMPRA_MERCADO_PUBLICO;7045;true;false;PUBLIC_HEALTH;false;61608004-0;ENT-RUT-61608004-0;SERVICIO DE SALUD NORTE HOSPITAL ROBERTO DEL RIO;EXACT_NORMALIZED_NAME_UNIQUE;HIGH;https://datos-abiertos.chilecompra.cl/organismos-compradores;https://api.mercadopublico.cl/servicios/v1/Publico/Empresas/BuscarComprador?ticket=F8537A18-6766-4DEF-9E59-426B4FEE2844;https://www.dipres.gob.cl/597/w3-multipropertyvalues-15145-37782.html
PUB-CL-EDFBE0393D61B851ECCD;SERVICIO DE SALUD NUBLE;SERVICIO DE SALUD NUBLE;CHILECOMPRA_MERCADO_PUBLICO;6932;true;false;PUBLIC_HEALTH;false;61607000-2;ENT-RUT-61607000-2;SERVICIO DE SALUD NUBLE;EXACT_NORMALIZED_NAME_UNIQUE;HIGH;https://datos-abiertos.chilecompra.cl/organismos-compradores;https://api.mercadopublico.cl/servicios/v1/Publico/Empresas/BuscarComprador?ticket=F8537A18-6766-4DEF-9E59-426B4FEE2844;https://www.dipres.gob.cl/597/w3-multipropertyvalues-15145-37782.html
PUB-CL-40EEF36CCEB1C56D88BD;SERVICIO DE SALUD NUBLE HOSPITAL DE EL C;SERVICIO DE SALUD NUBLE HOSPITAL DE EL C;CHILECOMPRA_MERCADO_PUBLICO;7139;true;false;PUBLIC_HEALTH;false;61607006-1;ENT-RUT-61607006-1;SERVICIO DE SALUD NUBLE HOSPITAL DE EL C;EXACT_NORMALIZED_NAME_UNIQUE;HIGH;https://datos-abiertos.chilecompra.cl/organismos-compradores;https://api.mercadopublico.cl/servicios/v1/Publico/Empresas/BuscarComprador?ticket=F8537A18-6766-4DEF-9E59-426B4FEE2844;https://www.dipres.gob.cl/597/w3-multipropertyvalues-15145-37782.html
PUB-CL-DAC624139BAF5E534033;SERVICIO DE SALUD NUBLE HOSPITAL DE QUIRIHUE;SERVICIO DE SALUD NUBLE HOSPITAL DE QUIRIHUE;CHILECOMPRA_MERCADO_PUBLICO;7303;true;false;PUBLIC_HEALTH;false;61607005-3;ENT-RUT-61607005-3;SERVICIO DE SALUD NUBLE HOSPITAL DE QUIRIHUE;EXACT_NORMALIZED_NAME_UNIQUE;HIGH;https://datos-abiertos.chilecompra.cl/organismos-compradores;https://api.mercadopublico.cl/servicios/v1/Publico/Empresas/BuscarComprador?ticket=F8537A18-6766-4DEF-9E59-426B4FEE2844;https://www.dipres.gob.cl/597/w3-multipropertyvalues-15145-37782.html
PUB-CL-C31C9C22329D67F1DEC3;SERVICIO DE SALUD NUBLE HOSPITAL DE SAN CARLOS DR BENICIO ARZOLA MEDIN;SERVICIO DE SALUD NUBLE HOSPITAL DE SAN CARLOS DR BENICIO ARZOLA MEDIN;CHILECOMPRA_MERCADO_PUBLICO;7469;true;false;PUBLIC_HEALTH;false;;;;NO_RUT_MATCH;UNMATCHED;https://datos-abiertos.chilecompra.cl/organismos-compradores;https://api.mercadopublico.cl/servicios/v1/Publico/Empresas/BuscarComprador?ticket=F8537A18-6766-4DEF-9E59-426B4FEE2844;https://www.dipres.gob.cl/597/w3-multipropertyvalues-15145-37782.html
PUB-CL-3D20268C277A9DDC7668;SERVICIO DE SALUD NUBLE HOSPITAL DE YUNG;SERVICIO DE SALUD NUBLE HOSPITAL DE YUNG;CHILECOMPRA_MERCADO_PUBLICO;7053;true;false;PUBLIC_HEALTH;false;61607004-5;ENT-RUT-61607004-5;SERVICIO DE SALUD NUBLE HOSPITAL DE YUNG;EXACT_NORMALIZED_NAME_UNIQUE;HIGH;https://datos-abiertos.chilecompra.cl/organismos-compradores;https://api.mercadopublico.cl/servicios/v1/Publico/Empresas/BuscarComprador?ticket=F8537A18-6766-4DEF-9E59-426B4FEE2844;https://www.dipres.gob.cl/597/w3-multipropertyvalues-15145-37782.html
PUB-CL-FB8CEB9123EAD41B7078;SERVICIO DE SALUD OCCIDENTE HOSPITAL SAN JUAN DE DIOS;SERVICIO DE SALUD OCCIDENTE HOSPITAL SAN JUAN DE DIOS;CHILECOMPRA_MERCADO_PUBLICO;7316;true;false;PUBLIC_HEALTH;false;61608204-3;ENT-RUT-61608204-3;SERVICIO DE SALUD OCCIDENTE HOSPITAL SAN JUAN DE DIOS;EXACT_NORMALIZED_NAME_UNIQUE;HIGH;https://datos-abiertos.chilecompra.cl/organismos-compradores;https://api.mercadopublico.cl/servicios/v1/Publico/Empresas/BuscarComprador?ticket=F8537A18-6766-4DEF-9E59-426B4FEE2844;https://www.dipres.gob.cl/597/w3-multipropertyvalues-15145-37782.html
PUB-CL-D4D01D0A3719D3369301;SERVICIO DE SALUD OCCIDENTE INSTITUTO TRAUMATOLOGICO DE SANTIAGO;SERVICIO DE SALUD OCCIDENTE INSTITUTO TRAUMATOLOGICO DE SANTIAGO;CHILECOMPRA_MERCADO_PUBLICO;7456;true;false;PUBLIC_HEALTH;false;61608203-5;ENT-RUT-61608203-5;SERVICIO DE SALUD OCCIDENTE INSTITUTO TRAUMATOLOGICO DE SANTIAGO;EXACT_NORMALIZED_NAME_UNIQUE;HIGH;https://datos-abiertos.chilecompra.cl/organismos-compradores;https://api.mercadopublico.cl/servicios/v1/Publico/Empresas/BuscarComprador?ticket=F8537A18-6766-4DEF-9E59-426B4FEE2844;https://www.dipres.gob.cl/597/w3-multipropertyvalues-15145-37782.html
PUB-CL-49F085E956EB202B3266;SERVICIO DE SALUD ORIENTE HOSPITAL DEL SALVADOR;SERVICIO DE SALUD ORIENTE HOSPITAL DEL SALVADOR;CHILECOMPRA_MERCADO_PUBLICO;7428;true;false;PUBLIC_HEALTH;false;61608406-2;ENT-RUT-61608406-2;SERVICIO DE SALUD ORIENTE HOSPITAL DEL SALVADOR;EXACT_NORMALIZED_NAME_UNIQUE;HIGH;https://datos-abiertos.chilecompra.cl/organismos-compradores;https://api.mercadopublico.cl/servicios/v1/Publico/Empresas/BuscarComprador?ticket=F8537A18-6766-4DEF-9E59-426B4FEE2844;https://www.dipres.gob.cl/597/w3-multipropertyvalues-15145-37782.html
PUB-CL-5FB44FDA4CF4351AC2BE;SERVICIO DE SALUD ORIENTE HOSPITAL LUIS CALVO MACKENNA;SERVICIO DE SALUD ORIENTE HOSPITAL LUIS CALVO MACKENNA;CHILECOMPRA_MERCADO_PUBLICO;6918;true;false;PUBLIC_HEALTH;false;61608408-9;ENT-RUT-61608408-9;SERVICIO DE SALUD ORIENTE HOSPITAL LUIS CALVO MACKENNA;EXACT_NORMALIZED_NAME_UNIQUE;HIGH;https://datos-abiertos.chilecompra.cl/organismos-compradores;https://api.mercadopublico.cl/servicios/v1/Publico/Empresas/BuscarComprador?ticket=F8537A18-6766-4DEF-9E59-426B4FEE2844;https://www.dipres.gob.cl/597/w3-multipropertyvalues-15145-37782.html
PUB-CL-26DACAE999D5DA89DD5A;SERVICIO DE SALUD OSORNO;SERVICIO DE SALUD OSORNO;CHILECOMPRA_MERCADO_PUBLICO;7296;true;true;PUBLIC_HEALTH;true;61607600-0;ENT-RUT-61607600-0;SERVICIO DE SALUD OSORNO;EXACT_NORMALIZED_NAME_UNIQUE;HIGH;https://datos-abiertos.chilecompra.cl/organismos-compradores;https://api.mercadopublico.cl/servicios/v1/Publico/Empresas/BuscarComprador?ticket=F8537A18-6766-4DEF-9E59-426B4FEE2844;https://www.dipres.gob.cl/597/w3-multipropertyvalues-15145-37782.html
PUB-CL-F4A70E179E757E1CE25F;SERVICIO DE SALUD OSORNO HOSPITAL PURRANQUE;SERVICIO DE SALUD OSORNO HOSPITAL PURRANQUE;CHILECOMPRA_MERCADO_PUBLICO;7327;true;false;PUBLIC_HEALTH;false;61607602-7;ENT-RUT-61607602-7;SERVICIO DE SALUD OSORNO HOSPITAL PURRANQUE;EXACT_NORMALIZED_NAME_UNIQUE;HIGH;https://datos-abiertos.chilecompra.cl/organismos-compradores;https://api.mercadopublico.cl/servicios/v1/Publico/Empresas/BuscarComprador?ticket=F8537A18-6766-4DEF-9E59-426B4FEE2844;https://www.dipres.gob.cl/597/w3-multipropertyvalues-15145-37782.html
PUB-CL-9CBBFD15D0B78539B2D0;SERVICIO DE SALUD SUR HOSPITAL EXEQUIEL;SERVICIO DE SALUD SUR HOSPITAL EXEQUIEL;CHILECOMPRA_MERCADO_PUBLICO;7305;true;false;PUBLIC_HEALTH;false;61608102-0;ENT-RUT-61608102-0;SERVICIO DE SALUD SUR HOSPITAL EXEQUIEL;EXACT_NORMALIZED_NAME_UNIQUE;HIGH;https://datos-abiertos.chilecompra.cl/organismos-compradores;https://api.mercadopublico.cl/servicios/v1/Publico/Empresas/BuscarComprador?ticket=F8537A18-6766-4DEF-9E59-426B4FEE2844;https://www.dipres.gob.cl/597/w3-multipropertyvalues-15145-37782.html
PUB-CL-B5817D1FACA1443CFC59;SERVICIO DE SALUD SUR HOSPITAL LUCIO CORDOVA;SERVICIO DE SALUD SUR HOSPITAL LUCIO CORDOVA;CHILECOMPRA_MERCADO_PUBLICO;7311;true;false;PUBLIC_HEALTH;false;61608104-7;ENT-RUT-61608104-7;SERVICIO DE SALUD SUR HOSPITAL LUCIO CORDOVA;EXACT_NORMALIZED_NAME_UNIQUE;HIGH;https://datos-abiertos.chilecompra.cl/organismos-compradores;https://api.mercadopublico.cl/servicios/v1/Publico/Empresas/BuscarComprador?ticket=F8537A18-6766-4DEF-9E59-426B4FEE2844;https://www.dipres.gob.cl/597/w3-multipropertyvalues-15145-37782.html
PUB-CL-119F5A31A8E8C86F16D4;SERVICIO DE SALUD SUR HOSPITAL SAN LUIS;SERVICIO DE SALUD SUR HOSPITAL SAN LUIS;CHILECOMPRA_MERCADO_PUBLICO;7405;true;false;PUBLIC_HEALTH;false;61608105-5;ENT-RUT-61608105-5;SERVICIO DE SALUD SUR HOSPITAL SAN LUIS;EXACT_NORMALIZED_NAME_UNIQUE;HIGH;https://datos-abiertos.chilecompra.cl/organismos-compradores;https://api.mercadopublico.cl/servicios/v1/Publico/Empresas/BuscarComprador?ticket=F8537A18-6766-4DEF-9E59-426B4FEE2844;https://www.dipres.gob.cl/597/w3-multipropertyvalues-15145-37782.html
PUB-CL-F0503781B5A50DC4CA12;SERVICIO DE SALUD SUR HOSPITAL SANATORIO EL PINO;SERVICIO DE SALUD SUR HOSPITAL SANATORIO EL PINO;CHILECOMPRA_MERCADO_PUBLICO;7390;true;false;PUBLIC_HEALTH;false;61608107-1;ENT-RUT-61608107-1;SERVICIO DE SALUD SUR HOSPITAL SANATORIO EL PINO;EXACT_NORMALIZED_NAME_UNIQUE;HIGH;https://datos-abiertos.chilecompra.cl/organismos-compradores;https://api.mercadopublico.cl/servicios/v1/Publico/Empresas/BuscarComprador?ticket=F8537A18-6766-4DEF-9E59-426B4FEE2844;https://www.dipres.gob.cl/597/w3-multipropertyvalues-15145-37782.html
PUB-CL-BEF71D0A72969A371E2B;SERVICIO DE SALUD SUR UNIDAD HOSPITALARI;SERVICIO DE SALUD SUR UNIDAD HOSPITALARI;CHILECOMPRA_MERCADO_PUBLICO;7006;true;false;PUBLIC_HEALTH;false;61608108-K;ENT-RUT-61608108-K;SERVICIO DE SALUD SUR UNIDAD HOSPITALARI;EXACT_NORMALIZED_NAME_UNIQUE;HIGH;https://datos-abiertos.chilecompra.cl/organismos-compradores;https://api.mercadopublico.cl/servicios/v1/Publico/Empresas/BuscarComprador?ticket=F8537A18-6766-4DEF-9E59-426B4FEE2844;https://www.dipres.gob.cl/597/w3-multipropertyvalues-15145-37782.html
PUB-CL-75700B4544BB6D9B09EE;SERVICIO DE SALUD TALCAHUANO HOSPITAL DE;SERVICIO DE SALUD TALCAHUANO HOSPITAL DE;CHILECOMPRA_MERCADO_PUBLICO;7315;true;false;PUBLIC_HEALTH;false;61607201-3;ENT-RUT-61607201-3;SERVICIO DE SALUD TALCAHUANO HOSPITAL DE;EXACT_NORMALIZED_NAME_UNIQUE;HIGH;https://datos-abiertos.chilecompra.cl/organismos-compradores;https://api.mercadopublico.cl/servicios/v1/Publico/Empresas/BuscarComprador?ticket=F8537A18-6766-4DEF-9E59-426B4FEE2844;https://www.dipres.gob.cl/597/w3-multipropertyvalues-15145-37782.html
PUB-CL-F5DBB5E574AD2F4D4954;SERVICIO DE SALUD VALDIVIA HOSPITAL BASE;SERVICIO DE SALUD VALDIVIA HOSPITAL BASE;CHILECOMPRA_MERCADO_PUBLICO;7410;true;false;PUBLIC_HEALTH;false;61607502-0;ENT-RUT-61607502-0;SERVICIO DE SALUD VALDIVIA HOSPITAL BASE;EXACT_NORMALIZED_NAME_UNIQUE;HIGH;https://datos-abiertos.chilecompra.cl/organismos-compradores;https://api.mercadopublico.cl/servicios/v1/Publico/Empresas/BuscarComprador?ticket=F8537A18-6766-4DEF-9E59-426B4FEE2844;https://www.dipres.gob.cl/597/w3-multipropertyvalues-15145-37782.html
PUB-CL-B3E77A8668BA58A5C91C;SERVICIO DE SALUD VALDIVIA HOSPITAL DE C;SERVICIO DE SALUD VALDIVIA HOSPITAL DE C;CHILECOMPRA_MERCADO_PUBLICO;7426;true;false;PUBLIC_HEALTH;false;61607505-5;ENT-RUT-61607505-5;SERVICIO DE SALUD VALDIVIA HOSPITAL DE C;EXACT_NORMALIZED_NAME_UNIQUE;HIGH;https://datos-abiertos.chilecompra.cl/organismos-compradores;https://api.mercadopublico.cl/servicios/v1/Publico/Empresas/BuscarComprador?ticket=F8537A18-6766-4DEF-9E59-426B4FEE2844;https://www.dipres.gob.cl/597/w3-multipropertyvalues-15145-37782.html
PUB-CL-4CF03D8C1329FC784B6D;SERVICIO DE SALUD VALDIVIA HOSPITAL DE L;SERVICIO DE SALUD VALDIVIA HOSPITAL DE L;CHILECOMPRA_MERCADO_PUBLICO;7425;true;false;PUBLIC_HEALTH;false;;;;NO_RUT_MATCH;UNMATCHED;https://datos-abiertos.chilecompra.cl/organismos-compradores;https://api.mercadopublico.cl/servicios/v1/Publico/Empresas/BuscarComprador?ticket=F8537A18-6766-4DEF-9E59-426B4FEE2844;https://www.dipres.gob.cl/597/w3-multipropertyvalues-15145-37782.html
PUB-CL-EC1DAA01BF22474D3B5A;SERVICIO DE SALUD VALDIVIA HOSPITAL DE P;SERVICIO DE SALUD VALDIVIA HOSPITAL DE P;CHILECOMPRA_MERCADO_PUBLICO;7422;true;false;PUBLIC_HEALTH;false;;;;NO_RUT_MATCH;UNMATCHED;https://datos-abiertos.chilecompra.cl/organismos-compradores;https://api.mercadopublico.cl/servicios/v1/Publico/Empresas/BuscarComprador?ticket=F8537A18-6766-4DEF-9E59-426B4FEE2844;https://www.dipres.gob.cl/597/w3-multipropertyvalues-15145-37782.html
PUB-CL-1735739E0B570A335267;SERVICIO DE SALUD VALDIVIA HOSPITAL DE R;SERVICIO DE SALUD VALDIVIA HOSPITAL DE R;CHILECOMPRA_MERCADO_PUBLICO;7423;true;false;PUBLIC_HEALTH;false;;;;NO_RUT_MATCH;UNMATCHED;https://datos-abiertos.chilecompra.cl/organismos-compradores;https://api.mercadopublico.cl/servicios/v1/Publico/Empresas/BuscarComprador?ticket=F8537A18-6766-4DEF-9E59-426B4FEE2844;https://www.dipres.gob.cl/597/w3-multipropertyvalues-15145-37782.html
PUB-CL-BD33F19F8C22F6A1CA8F;SERVICIO DE SALUD VALDIVIA HOSPITAL LA U;SERVICIO DE SALUD VALDIVIA HOSPITAL LA U;CHILECOMPRA_MERCADO_PUBLICO;7429;true;false;PUBLIC_HEALTH;false;;;;NO_RUT_MATCH;UNMATCHED;https://datos-abiertos.chilecompra.cl/organismos-compradores;https://api.mercadopublico.cl/servicios/v1/Publico/Empresas/BuscarComprador?ticket=F8537A18-6766-4DEF-9E59-426B4FEE2844;https://www.dipres.gob.cl/597/w3-multipropertyvalues-15145-37782.html
PUB-CL-2F1E6A415678A7A531A9;SERVICIO DE SALUD VALDIVIA HOSPITAL LANC;SERVICIO DE SALUD VALDIVIA HOSPITAL LANC;CHILECOMPRA_MERCADO_PUBLICO;7424;true;false;PUBLIC_HEALTH;false;61607504-7;ENT-RUT-61607504-7;SERVICIO DE SALUD VALDIVIA HOSPITAL LANC;EXACT_NORMALIZED_NAME_UNIQUE;HIGH;https://datos-abiertos.chilecompra.cl/organismos-compradores;https://api.mercadopublico.cl/servicios/v1/Publico/Empresas/BuscarComprador?ticket=F8537A18-6766-4DEF-9E59-426B4FEE2844;https://www.dipres.gob.cl/597/w3-multipropertyvalues-15145-37782.html
PUB-CL-099A3860C0581D445771;SERVICIO DE SALUD VALPARAISO SAN ANTONIO;SERVICIO DE SALUD VALPARAISO SAN ANTONIO;CHILECOMPRA_MERCADO_PUBLICO;7239;true;false;PUBLIC_HEALTH;false;61606500-9;ENT-RUT-61606500-9;SERVICIO DE SALUD VALPARAISO SAN ANTONIO;EXACT_NORMALIZED_NAME_UNIQUE;HIGH;https://datos-abiertos.chilecompra.cl/organismos-compradores;https://api.mercadopublico.cl/servicios/v1/Publico/Empresas/BuscarComprador?ticket=F8537A18-6766-4DEF-9E59-426B4FEE2844;https://www.dipres.gob.cl/597/w3-multipropertyvalues-15145-37782.html
PUB-CL-081D6048DC96B71710B1;SERVICIO DE SALUD VINA DEL MAR QUILLOTA;SERVICIO DE SALUD VINA DEL MAR QUILLOTA;CHILECOMPRA_MERCADO_PUBLICO;7345;true;false;PUBLIC_HEALTH;false;;;;NO_RUT_MATCH;UNMATCHED;https://datos-abiertos.chilecompra.cl/organismos-compradores;https://api.mercadopublico.cl/servicios/v1/Publico/Empresas/BuscarComprador?ticket=F8537A18-6766-4DEF-9E59-426B4FEE2844;https://www.dipres.gob.cl/597/w3-multipropertyvalues-15145-37782.html
PUB-CL-7F6DDDA141791333E0D3;SERVICIO DE SALUD VINA DEL MAR QUILLOTA;SERVICIO DE SALUD VINA DEL MAR QUILLOTA;CHILECOMPRA_MERCADO_PUBLICO;7489;true;false;PUBLIC_HEALTH;false;;;;NO_RUT_MATCH;UNMATCHED;https://datos-abiertos.chilecompra.cl/organismos-compradores;https://api.mercadopublico.cl/servicios/v1/Publico/Empresas/BuscarComprador?ticket=F8537A18-6766-4DEF-9E59-426B4FEE2844;https://www.dipres.gob.cl/597/w3-multipropertyvalues-15145-37782.html
PUB-CL-E071E6D4AC92DFDED661;SERVICIO NAC DE SALUD HOSPITAL DE PTO CISNES;SERVICIO NAC DE SALUD HOSPITAL DE PTO CISNES;CHILECOMPRA_MERCADO_PUBLICO;7476;true;false;PUBLIC_HEALTH;false;61602293-8;ENT-RUT-61602293-8;SERVICIO NAC DE SALUD HOSPITAL DE PTO CISNES;EXACT_NORMALIZED_NAME_UNIQUE;HIGH;https://datos-abiertos.chilecompra.cl/organismos-compradores;https://api.mercadopublico.cl/servicios/v1/Publico/Empresas/BuscarComprador?ticket=F8537A18-6766-4DEF-9E59-426B4FEE2844;https://www.dipres.gob.cl/597/w3-multipropertyvalues-15145-37782.html
PUB-CL-A713B6097F25468AAF89;SERVICIO NAC DE SALUD HOSPITAL TRAUMATOLOGICO;SERVICIO NAC DE SALUD HOSPITAL TRAUMATOLOGICO;CHILECOMPRA_MERCADO_PUBLICO;7479;true;false;PUBLIC_HEALTH;false;61602295-4;ENT-RUT-61602295-4;SERVICIO NAC DE SALUD HOSPITAL TRAUMATOLOGICO;EXACT_NORMALIZED_NAME_UNIQUE;HIGH;https://datos-abiertos.chilecompra.cl/organismos-compradores;https://api.mercadopublico.cl/servicios/v1/Publico/Empresas/BuscarComprador?ticket=F8537A18-6766-4DEF-9E59-426B4FEE2844;https://www.dipres.gob.cl/597/w3-multipropertyvalues-15145-37782.html
PUB-CL-DCD363817C0642E318E9;SERVICIO NACIONAL ARAUCANIA SUR HOSPITAL DR ABRAHAM GODOY PENA LAUTARO;SERVICIO NACIONAL ARAUCANIA SUR HOSPITAL DR ABRAHAM GODOY PENA LAUTARO;CHILECOMPRA_MERCADO_PUBLICO;7289;true;false;PUBLIC_HEALTH;false;61602236-9;ENT-RUT-61602236-9;SERVICIO NACIONAL ARAUCANIA SUR HOSPITAL DR ABRAHAM GODOY PENA LAUTARO;EXACT_NORMALIZED_NAME_UNIQUE;HIGH;https://datos-abiertos.chilecompra.cl/organismos-compradores;https://api.mercadopublico.cl/servicios/v1/Publico/Empresas/BuscarComprador?ticket=F8537A18-6766-4DEF-9E59-426B4FEE2844;https://www.dipres.gob.cl/597/w3-multipropertyvalues-15145-37782.html
PUB-CL-B180B4BFCA9864DC9DCA;SERVICIO NACIONAL DE SALUD HOSPITAL CARLOS VAN BUREN;SERVICIO NACIONAL DE SALUD HOSPITAL CARLOS VAN BUREN;CHILECOMPRA_MERCADO_PUBLICO;1468521;true;false;PUBLIC_HEALTH;false;61602054-4;ENT-RUT-61602054-4;SERVICIO NACIONAL DE SALUD HOSPITAL CARLOS VAN BUREN;EXACT_NORMALIZED_NAME_UNIQUE;HIGH;https://datos-abiertos.chilecompra.cl/organismos-compradores;https://api.mercadopublico.cl/servicios/v1/Publico/Empresas/BuscarComprador?ticket=F8537A18-6766-4DEF-9E59-426B4FEE2844;https://www.dipres.gob.cl/597/w3-multipropertyvalues-15145-37782.html
PUB-CL-6EBFEF86EA4D26D812F4;SERVICIO NACIONAL DE SALUD HOSPITAL DE C;SERVICIO NACIONAL DE SALUD HOSPITAL DE C;CHILECOMPRA_MERCADO_PUBLICO;116754;true;false;PUBLIC_HEALTH;false;;;;NO_RUT_MATCH;UNMATCHED;https://datos-abiertos.chilecompra.cl/organismos-compradores;https://api.mercadopublico.cl/servicios/v1/Publico/Empresas/BuscarComprador?ticket=F8537A18-6766-4DEF-9E59-426B4FEE2844;https://www.dipres.gob.cl/597/w3-multipropertyvalues-15145-37782.html
PUB-CL-14D8FCEDC58F8ADE9861;SERVICIO NACIONAL DE SALUD HOSPITAL DE C;SERVICIO NACIONAL DE SALUD HOSPITAL DE C;CHILECOMPRA_MERCADO_PUBLICO;7340;true;false;PUBLIC_HEALTH;false;;;;NO_RUT_MATCH;UNMATCHED;https://datos-abiertos.chilecompra.cl/organismos-compradores;https://api.mercadopublico.cl/servicios/v1/Publico/Empresas/BuscarComprador?ticket=F8537A18-6766-4DEF-9E59-426B4FEE2844;https://www.dipres.gob.cl/597/w3-multipropertyvalues-15145-37782.html
PUB-CL-D363C91991F632AC11E2;SERVICIO NACIONAL DE SALUD HOSPITAL DE C;SERVICIO NACIONAL DE SALUD HOSPITAL DE C;CHILECOMPRA_MERCADO_PUBLICO;7399;true;false;PUBLIC_HEALTH;false;;;;NO_RUT_MATCH;UNMATCHED;https://datos-abiertos.chilecompra.cl/organismos-compradores;https://api.mercadopublico.cl/servicios/v1/Publico/Empresas/BuscarComprador?ticket=F8537A18-6766-4DEF-9E59-426B4FEE2844;https://www.dipres.gob.cl/597/w3-multipropertyvalues-15145-37782.html
PUB-CL-5EE3B63688A0840D29FB;SERVICIO NACIONAL DE SALUD HOSPITAL DE COCHRANE;SERVICIO NACIONAL DE SALUD HOSPITAL DE COCHRANE;CHILECOMPRA_MERCADO_PUBLICO;7480;true;false;PUBLIC_HEALTH;false;61602292-K;ENT-RUT-61602292-K;SERVICIO NACIONAL DE SALUD HOSPITAL DE COCHRANE;EXACT_NORMALIZED_NAME_UNIQUE;HIGH;https://datos-abiertos.chilecompra.cl/organismos-compradores;https://api.mercadopublico.cl/servicios/v1/Publico/Empresas/BuscarComprador?ticket=F8537A18-6766-4DEF-9E59-426B4FEE2844;https://www.dipres.gob.cl/597/w3-multipropertyvalues-15145-37782.html
PUB-CL-A47F54AFACDCD6D0774F;SERVICIO NACIONAL DE SALUD HOSPITAL DE COELEMU;SERVICIO NACIONAL DE SALUD HOSPITAL DE COELEMU;CHILECOMPRA_MERCADO_PUBLICO;7285;true;false;PUBLIC_HEALTH;false;61602194-K;ENT-RUT-61602194-K;SERVICIO NACIONAL DE SALUD HOSPITAL DE COELEMU;EXACT_NORMALIZED_NAME_UNIQUE;HIGH;https://datos-abiertos.chilecompra.cl/organismos-compradores;https://api.mercadopublico.cl/servicios/v1/Publico/Empresas/BuscarComprador?ticket=F8537A18-6766-4DEF-9E59-426B4FEE2844;https://www.dipres.gob.cl/597/w3-multipropertyvalues-15145-37782.html
PUB-CL-3829418D52A332226EA1;SERVICIO NACIONAL DE SALUD HOSPITAL DE CORONEL;SERVICIO NACIONAL DE SALUD HOSPITAL DE CORONEL;CHILECOMPRA_MERCADO_PUBLICO;7332;true;false;PUBLIC_HEALTH;false;61602201-6;ENT-RUT-61602201-6;SERVICIO NACIONAL DE SALUD HOSPITAL DE CORONEL;EXACT_NORMALIZED_NAME_UNIQUE;HIGH;https://datos-abiertos.chilecompra.cl/organismos-compradores;https://api.mercadopublico.cl/servicios/v1/Publico/Empresas/BuscarComprador?ticket=F8537A18-6766-4DEF-9E59-426B4FEE2844;https://www.dipres.gob.cl/597/w3-multipropertyvalues-15145-37782.html
PUB-CL-994E74CCF6D1FA74A511;SERVICIO NACIONAL DE SALUD HOSPITAL DE FLORIDA;SERVICIO NACIONAL DE SALUD HOSPITAL DE FLORIDA;CHILECOMPRA_MERCADO_PUBLICO;7475;true;false;PUBLIC_HEALTH;false;61602199-0;ENT-RUT-61602199-0;SERVICIO NACIONAL DE SALUD HOSPITAL DE FLORIDA;EXACT_NORMALIZED_NAME_UNIQUE;HIGH;https://datos-abiertos.chilecompra.cl/organismos-compradores;https://api.mercadopublico.cl/servicios/v1/Publico/Empresas/BuscarComprador?ticket=F8537A18-6766-4DEF-9E59-426B4FEE2844;https://www.dipres.gob.cl/597/w3-multipropertyvalues-15145-37782.html
PUB-CL-EF8137F608208C2F6CA0;SERVICIO NACIONAL DE SALUD HOSPITAL DE LEBU;SERVICIO NACIONAL DE SALUD HOSPITAL DE LEBU;CHILECOMPRA_MERCADO_PUBLICO;7402;true;false;PUBLIC_HEALTH;false;61602212-1;ENT-RUT-61602212-1;SERVICIO NACIONAL DE SALUD HOSPITAL DE LEBU;EXACT_NORMALIZED_NAME_UNIQUE;HIGH;https://datos-abiertos.chilecompra.cl/organismos-compradores;https://api.mercadopublico.cl/servicios/v1/Publico/Empresas/BuscarComprador?ticket=F8537A18-6766-4DEF-9E59-426B4FEE2844;https://www.dipres.gob.cl/597/w3-multipropertyvalues-15145-37782.html
PUB-CL-717CDEFD9D28D70FE78C;SERVICIO NACIONAL DE SALUD HOSPITAL DE LOTA;SERVICIO NACIONAL DE SALUD HOSPITAL DE LOTA;CHILECOMPRA_MERCADO_PUBLICO;7481;true;false;PUBLIC_HEALTH;false;61602203-2;ENT-RUT-61602203-2;SERVICIO NACIONAL DE SALUD HOSPITAL DE LOTA;EXACT_NORMALIZED_NAME_UNIQUE;HIGH;https://datos-abiertos.chilecompra.cl/organismos-compradores;https://api.mercadopublico.cl/servicios/v1/Publico/Empresas/BuscarComprador?ticket=F8537A18-6766-4DEF-9E59-426B4FEE2844;https://www.dipres.gob.cl/597/w3-multipropertyvalues-15145-37782.html
PUB-CL-B89F346700F1694B96E3;SERVICIO NACIONAL DE SALUD HOSPITAL DE P;SERVICIO NACIONAL DE SALUD HOSPITAL DE P;CHILECOMPRA_MERCADO_PUBLICO;7459;true;false;PUBLIC_HEALTH;false;61602121-4;ENT-RUT-61602121-4;SERVICIO NACIONAL DE SALUD HOSPITAL DE P;EXACT_NORMALIZED_NAME_UNIQUE;HIGH;https://datos-abiertos.chilecompra.cl/organismos-compradores;https://api.mercadopublico.cl/servicios/v1/Publico/Empresas/BuscarComprador?ticket=F8537A18-6766-4DEF-9E59-426B4FEE2844;https://www.dipres.gob.cl/597/w3-multipropertyvalues-15145-37782.html
PUB-CL-AD791184A1C87B16252E;SERVICIO NACIONAL DE SALUD HOSPITAL DE PUERTO AYSEN;SERVICIO NACIONAL DE SALUD HOSPITAL DE PUERTO AYSEN;CHILECOMPRA_MERCADO_PUBLICO;7335;true;false;PUBLIC_HEALTH;false;61602279-2;ENT-RUT-61602279-2;SERVICIO NACIONAL DE SALUD HOSPITAL DE PUERTO AYSEN;EXACT_NORMALIZED_NAME_UNIQUE;HIGH;https://datos-abiertos.chilecompra.cl/organismos-compradores;https://api.mercadopublico.cl/servicios/v1/Publico/Empresas/BuscarComprador?ticket=F8537A18-6766-4DEF-9E59-426B4FEE2844;https://www.dipres.gob.cl/597/w3-multipropertyvalues-15145-37782.html
PUB-CL-F57E0681F791C727EF0A;SERVICIO NACIONAL DE SALUD HOSPITAL DE PUERTO OCTAY;SERVICIO NACIONAL DE SALUD HOSPITAL DE PUERTO OCTAY;CHILECOMPRA_MERCADO_PUBLICO;7287;true;false;PUBLIC_HEALTH;false;61602261-K;ENT-RUT-61602261-K;SERVICIO NACIONAL DE SALUD HOSPITAL DE PUERTO OCTAY;EXACT_NORMALIZED_NAME_UNIQUE;HIGH;https://datos-abiertos.chilecompra.cl/organismos-compradores;https://api.mercadopublico.cl/servicios/v1/Publico/Empresas/BuscarComprador?ticket=F8537A18-6766-4DEF-9E59-426B4FEE2844;https://www.dipres.gob.cl/597/w3-multipropertyvalues-15145-37782.html
PUB-CL-CF1038F277AAC5C8D33F;SERVICIO NACIONAL DE SALUD HOSPITAL DE RIO NEGRO;SERVICIO NACIONAL DE SALUD HOSPITAL DE RIO NEGRO;CHILECOMPRA_MERCADO_PUBLICO;7470;true;false;PUBLIC_HEALTH;false;61602262-8;ENT-RUT-61602262-8;SERVICIO NACIONAL DE SALUD HOSPITAL DE RIO NEGRO;EXACT_NORMALIZED_NAME_UNIQUE;HIGH;https://datos-abiertos.chilecompra.cl/organismos-compradores;https://api.mercadopublico.cl/servicios/v1/Publico/Empresas/BuscarComprador?ticket=F8537A18-6766-4DEF-9E59-426B4FEE2844;https://www.dipres.gob.cl/597/w3-multipropertyvalues-15145-37782.html
PUB-CL-3CFE2F811591E3C7C041;SERVICIO NACIONAL DE SALUD HOSPITAL DE T;SERVICIO NACIONAL DE SALUD HOSPITAL DE T;CHILECOMPRA_MERCADO_PUBLICO;7457;true;false;PUBLIC_HEALTH;false;61602122-2;ENT-RUT-61602122-2;SERVICIO NACIONAL DE SALUD HOSPITAL DE T;EXACT_NORMALIZED_NAME_UNIQUE;HIGH;https://datos-abiertos.chilecompra.cl/organismos-compradores;https://api.mercadopublico.cl/servicios/v1/Publico/Empresas/BuscarComprador?ticket=F8537A18-6766-4DEF-9E59-426B4FEE2844;https://www.dipres.gob.cl/597/w3-multipropertyvalues-15145-37782.html
PUB-CL-02DE235B502FC8735B06;SERVICIO NACIONAL DE SALUD HOSPITAL PUREN;SERVICIO NACIONAL DE SALUD HOSPITAL PUREN;CHILECOMPRA_MERCADO_PUBLICO;7465;true;false;PUBLIC_HEALTH;false;61602224-5;ENT-RUT-61602224-5;SERVICIO NACIONAL DE SALUD HOSPITAL PUREN;EXACT_NORMALIZED_NAME_UNIQUE;HIGH;https://datos-abiertos.chilecompra.cl/organismos-compradores;https://api.mercadopublico.cl/servicios/v1/Publico/Empresas/BuscarComprador?ticket=F8537A18-6766-4DEF-9E59-426B4FEE2844;https://www.dipres.gob.cl/597/w3-multipropertyvalues-15145-37782.html
PUB-CL-A45435DC02841CAC78F6;SERVICIO SALUD ARAUCANIA HOSPITAL DE COLLIPULLI;SERVICIO SALUD ARAUCANIA HOSPITAL DE COLLIPULLI;CHILECOMPRA_MERCADO_PUBLICO;7462;true;false;PUBLIC_HEALTH;false;61602223-7;ENT-RUT-61602223-7;SERVICIO SALUD ARAUCANIA HOSPITAL DE COLLIPULLI;EXACT_NORMALIZED_NAME_UNIQUE;HIGH;https://datos-abiertos.chilecompra.cl/organismos-compradores;https://api.mercadopublico.cl/servicios/v1/Publico/Empresas/BuscarComprador?ticket=F8537A18-6766-4DEF-9E59-426B4FEE2844;https://www.dipres.gob.cl/597/w3-multipropertyvalues-15145-37782.html
PUB-CL-5EEBA4C0FF580843605E;SERVICIO SALUD ARAUCANIA NORTE HOSPITAL CURACAUTIN;SERVICIO SALUD ARAUCANIA NORTE HOSPITAL CURACAUTIN;CHILECOMPRA_MERCADO_PUBLICO;7433;true;false;PUBLIC_HEALTH;false;61602241-5;ENT-RUT-61602241-5;SERVICIO SALUD ARAUCANIA NORTE HOSPITAL CURACAUTIN;EXACT_NORMALIZED_NAME_UNIQUE;HIGH;https://datos-abiertos.chilecompra.cl/organismos-compradores;https://api.mercadopublico.cl/servicios/v1/Publico/Empresas/BuscarComprador?ticket=F8537A18-6766-4DEF-9E59-426B4FEE2844;https://www.dipres.gob.cl/597/w3-multipropertyvalues-15145-37782.html
PUB-CL-CE0D994BD795667175A8;SERVICIO SALUD ARAUCANIA NORTE HOSPITAL VICTORIA;SERVICIO SALUD ARAUCANIA NORTE HOSPITAL VICTORIA;CHILECOMPRA_MERCADO_PUBLICO;7288;true;false;PUBLIC_HEALTH;false;61602229-6;ENT-RUT-61602229-6;SERVICIO SALUD ARAUCANIA NORTE HOSPITAL VICTORIA;EXACT_NORMALIZED_NAME_UNIQUE;HIGH;https://datos-abiertos.chilecompra.cl/organismos-compradores;https://api.mercadopublico.cl/servicios/v1/Publico/Empresas/BuscarComprador?ticket=F8537A18-6766-4DEF-9E59-426B4FEE2844;https://www.dipres.gob.cl/597/w3-multipropertyvalues-15145-37782.html
PUB-CL-11380E0ACDD218AA9B53;SERVICIO SALUD ARAUCANIA SUR HOSPITAL PITRUFQUEN;SERVICIO SALUD ARAUCANIA SUR HOSPITAL PITRUFQUEN;CHILECOMPRA_MERCADO_PUBLICO;7048;true;false;PUBLIC_HEALTH;false;61602238-5;ENT-RUT-61602238-5;SERVICIO SALUD ARAUCANIA SUR HOSPITAL PITRUFQUEN;EXACT_NORMALIZED_NAME_UNIQUE;HIGH;https://datos-abiertos.chilecompra.cl/organismos-compradores;https://api.mercadopublico.cl/servicios/v1/Publico/Empresas/BuscarComprador?ticket=F8537A18-6766-4DEF-9E59-426B4FEE2844;https://www.dipres.gob.cl/597/w3-multipropertyvalues-15145-37782.html
PUB-CL-94E013312BC83A757DB2;SERVICIO SALUD ARAUCANIA SUR HOSPITAL TOLTEN;SERVICIO SALUD ARAUCANIA SUR HOSPITAL TOLTEN;CHILECOMPRA_MERCADO_PUBLICO;7062;true;false;PUBLIC_HEALTH;false;61602243-1;ENT-RUT-61602243-1;SERVICIO SALUD ARAUCANIA SUR HOSPITAL TOLTEN;EXACT_NORMALIZED_NAME_UNIQUE;HIGH;https://datos-abiertos.chilecompra.cl/organismos-compradores;https://api.mercadopublico.cl/servicios/v1/Publico/Empresas/BuscarComprador?ticket=F8537A18-6766-4DEF-9E59-426B4FEE2844;https://www.dipres.gob.cl/597/w3-multipropertyvalues-15145-37782.html
PUB-CL-B2C58664CC6D5646BFF2;SERVICIO SALUD ATACAMA HOSPITAL DE HUASCO;SERVICIO SALUD ATACAMA HOSPITAL DE HUASCO;CHILECOMPRA_MERCADO_PUBLICO;7414;true;false;PUBLIC_HEALTH;false;61606309-K;ENT-RUT-61606309-K;SERVICIO SALUD ATACAMA HOSPITAL DE HUASCO;EXACT_NORMALIZED_NAME_UNIQUE;HIGH;https://datos-abiertos.chilecompra.cl/organismos-compradores;https://api.mercadopublico.cl/servicios/v1/Publico/Empresas/BuscarComprador?ticket=F8537A18-6766-4DEF-9E59-426B4FEE2844;https://www.dipres.gob.cl/597/w3-multipropertyvalues-15145-37782.html
PUB-CL-0638CA5AB2D23CCE0066;SERVICIO SALUD BIO BIO HOSPITAL NACIMIENTO;SERVICIO SALUD BIO BIO HOSPITAL NACIMIENTO;CHILECOMPRA_MERCADO_PUBLICO;7388;true;false;PUBLIC_HEALTH;false;61602220-2;ENT-RUT-61602220-2;SERVICIO SALUD BIO BIO HOSPITAL NACIMIENTO;EXACT_NORMALIZED_NAME_UNIQUE;HIGH;https://datos-abiertos.chilecompra.cl/organismos-compradores;https://api.mercadopublico.cl/servicios/v1/Publico/Empresas/BuscarComprador?ticket=F8537A18-6766-4DEF-9E59-426B4FEE2844;https://www.dipres.gob.cl/597/w3-multipropertyvalues-15145-37782.html
PUB-CL-6F64173EF48F3EB72448;SERVICIO SALUD OCCIDENTE HOSPITAL DR FELIX BULNES CERDA;SERVICIO SALUD OCCIDENTE HOSPITAL DR FELIX BULNES CERDA;CHILECOMPRA_MERCADO_PUBLICO;7383;true;false;PUBLIC_HEALTH;false;61608205-1;ENT-RUT-61608205-1;SERVICIO SALUD OCCIDENTE HOSPITAL DR FELIX BULNES CERDA;EXACT_NORMALIZED_NAME_UNIQUE;HIGH;https://datos-abiertos.chilecompra.cl/organismos-compradores;https://api.mercadopublico.cl/servicios/v1/Publico/Empresas/BuscarComprador?ticket=F8537A18-6766-4DEF-9E59-426B4FEE2844;https://www.dipres.gob.cl/597/w3-multipropertyvalues-15145-37782.html
PUB-CL-F3CE85FF104087AC7C21;SERVICIO SALUD TALCAHUANO HOSPITAL PENCO-LIRQUEN;SERVICIO SALUD TALCAHUANO HOSPITAL PENCO LIRQUEN;CHILECOMPRA_MERCADO_PUBLICO;7446;true;false;PUBLIC_HEALTH;false;61602198-2;ENT-RUT-61602198-2;SERVICIO SALUD TALCAHUANO HOSPITAL PENCO-LIRQUEN;EXACT_NORMALIZED_NAME_UNIQUE;HIGH;https://datos-abiertos.chilecompra.cl/organismos-compradores;https://api.mercadopublico.cl/servicios/v1/Publico/Empresas/BuscarComprador?ticket=F8537A18-6766-4DEF-9E59-426B4FEE2844;https://www.dipres.gob.cl/597/w3-multipropertyvalues-15145-37782.html
PUB-CL-7F7AC522D8C114A077C8;Servicio de Salud Metropolitano del Ambiente;SERVICIO DE SALUD METROPOLITANO DEL AMBIENTE;CHILECOMPRA_MERCADO_PUBLICO;7188;true;false;PUBLIC_HEALTH;false;;;;NO_RUT_MATCH;UNMATCHED;https://datos-abiertos.chilecompra.cl/organismos-compradores;https://api.mercadopublico.cl/servicios/v1/Publico/Empresas/BuscarComprador?ticket=F8537A18-6766-4DEF-9E59-426B4FEE2844;https://www.dipres.gob.cl/597/w3-multipropertyvalues-15145-37782.html
PUB-CL-3FC24988E94F492C39B4;AGENCIA CHILENA DE COOPERACION INTERNACIONAL PARA EL DESARROLLO;AGENCIA CHILENA DE COOPERACION INTERNACIONAL PARA EL DESARROLLO;CHILECOMPRA_MERCADO_PUBLICO;7086;true;false;PUBLIC_SERVICE_OR_AGENCY;false;60108000-1;ENT-RUT-60108000-1;AGENCIA CHILENA DE COOPERACION INTERNACIONAL PARA EL DESARROLLO;EXACT_NORMALIZED_NAME_UNIQUE;HIGH;https://datos-abiertos.chilecompra.cl/organismos-compradores;https://api.mercadopublico.cl/servicios/v1/Publico/Empresas/BuscarComprador?ticket=F8537A18-6766-4DEF-9E59-426B4FEE2844;https://www.dipres.gob.cl/597/w3-multipropertyvalues-15145-37782.html
PUB-CL-AB0C7142A8DA6C209E22;AGENCIA CHILENA DE EFICIENCIA ENERGETICA;AGENCIA CHILENA DE EFICIENCIA ENERGETICA;CHILECOMPRA_MERCADO_PUBLICO;1224636;true;false;PUBLIC_SERVICE_OR_AGENCY;false;65030848-4;ENT-RUT-65030848-4;AGENCIA CHILENA DE EFICIENCIA ENERGETICA;EXACT_NORMALIZED_NAME_UNIQUE;HIGH;https://datos-abiertos.chilecompra.cl/organismos-compradores;https://api.mercadopublico.cl/servicios/v1/Publico/Empresas/BuscarComprador?ticket=F8537A18-6766-4DEF-9E59-426B4FEE2844;https://www.dipres.gob.cl/597/w3-multipropertyvalues-15145-37782.html
PUB-CL-5C482BAA213CB83A28AB;AGENCIA DE PROMOCION DE LA INVERSION EXTRANJERA;AGENCIA DE PROMOCION DE LA INVERSION EXTRANJERA;CHILECOMPRA_MERCADO_PUBLICO;7193;true;false;PUBLIC_SERVICE_OR_AGENCY;false;60720000-9;ENT-RUT-60720000-9;AGENCIA DE PROMOCION DE LA INVERSION EXTRANJERA;EXACT_NORMALIZED_NAME_UNIQUE;HIGH;https://datos-abiertos.chilecompra.cl/organismos-compradores;https://api.mercadopublico.cl/servicios/v1/Publico/Empresas/BuscarComprador?ticket=F8537A18-6766-4DEF-9E59-426B4FEE2844;https://www.dipres.gob.cl/597/w3-multipropertyvalues-15145-37782.html
PUB-CL-BE9BC3384EE6E65DC467;Agencia Nacional de Inteligencia;AGENCIA NACIONAL DE INTELIGENCIA;CHILECOMPRA_MERCADO_PUBLICO;7212;true;true;PUBLIC_SERVICE_OR_AGENCY;true;61923300-K;ENT-RUT-61923300-K;AGENCIA NACIONAL DE INTELIGENCIA;EXACT_NORMALIZED_NAME_UNIQUE;HIGH;https://datos-abiertos.chilecompra.cl/organismos-compradores;https://api.mercadopublico.cl/servicios/v1/Publico/Empresas/BuscarComprador?ticket=F8537A18-6766-4DEF-9E59-426B4FEE2844;https://www.dipres.gob.cl/597/w3-multipropertyvalues-15145-37782.html
PUB-CL-C3047D5AB0A0DCC0EC33;DIRECCION DE COMPRAS Y CONTRATACION PUBLICA;DIRECCION DE COMPRAS Y CONTRATACION PUBLICA;CHILECOMPRA_MERCADO_PUBLICO;6945;true;false;PUBLIC_SERVICE_OR_AGENCY;false;60808000-7;ENT-RUT-60808000-7;DIRECCION DE COMPRAS Y CONTRATACION PUBLICA;EXACT_NORMALIZED_NAME_UNIQUE;HIGH;https://datos-abiertos.chilecompra.cl/organismos-compradores;https://api.mercadopublico.cl/servicios/v1/Publico/Empresas/BuscarComprador?ticket=F8537A18-6766-4DEF-9E59-426B4FEE2844;https://www.dipres.gob.cl/597/w3-multipropertyvalues-15145-37782.html
PUB-CL-B7368472AE9666371392;DIRECCION DE PRESUPUESTOS MINISTERIO DE;DIRECCION DE PRESUPUESTOS MINISTERIO DE;CHILECOMPRA_MERCADO_PUBLICO;7012;true;false;PUBLIC_SERVICE_OR_AGENCY;false;60802000-4;ENT-RUT-60802000-4;DIRECCION DE PRESUPUESTOS MINISTERIO DE;EXACT_NORMALIZED_NAME_UNIQUE;HIGH;https://datos-abiertos.chilecompra.cl/organismos-compradores;https://api.mercadopublico.cl/servicios/v1/Publico/Empresas/BuscarComprador?ticket=F8537A18-6766-4DEF-9E59-426B4FEE2844;https://www.dipres.gob.cl/597/w3-multipropertyvalues-15145-37782.html
PUB-CL-B3FB936D834A1A5A10A9;DIRECCION DEL TRABAJO;DIRECCION DEL TRABAJO;CHILECOMPRA_MERCADO_PUBLICO;7000;true;true;PUBLIC_SERVICE_OR_AGENCY;true;61502000-1;ENT-RUT-61502000-1;DIRECCION DEL TRABAJO;EXACT_NORMALIZED_NAME_UNIQUE;HIGH;https://datos-abiertos.chilecompra.cl/organismos-compradores;https://api.mercadopublico.cl/servicios/v1/Publico/Empresas/BuscarComprador?ticket=F8537A18-6766-4DEF-9E59-426B4FEE2844;https://www.dipres.gob.cl/597/w3-multipropertyvalues-15145-37782.html
PUB-CL-F1421AF423E4FFB0CA8C;DIRECCION GENERAL DE AERONAUTICA CIVIL;DIRECCION GENERAL DE AERONAUTICA CIVIL;CHILECOMPRA_MERCADO_PUBLICO;7202;true;false;PUBLIC_SERVICE_OR_AGENCY;false;;;;NO_RUT_MATCH;UNMATCHED;https://datos-abiertos.chilecompra.cl/organismos-compradores;https://api.mercadopublico.cl/servicios/v1/Publico/Empresas/BuscarComprador?ticket=F8537A18-6766-4DEF-9E59-426B4FEE2844;https://www.dipres.gob.cl/597/w3-multipropertyvalues-15145-37782.html
PUB-CL-39E95DE8B17B3BFDEE4F;DIRECCION GENERAL DE MOVILIZACIONN NACIONAL;DIRECCION GENERAL DE MOVILIZACIONN NACIONAL;CHILECOMPRA_MERCADO_PUBLICO;7127;true;false;PUBLIC_SERVICE_OR_AGENCY;false;61110000-0;ENT-RUT-61110000-0;DIRECCION GENERAL DE MOVILIZACIONN NACIONAL;EXACT_NORMALIZED_NAME_UNIQUE;HIGH;https://datos-abiertos.chilecompra.cl/organismos-compradores;https://api.mercadopublico.cl/servicios/v1/Publico/Empresas/BuscarComprador?ticket=F8537A18-6766-4DEF-9E59-426B4FEE2844;https://www.dipres.gob.cl/597/w3-multipropertyvalues-15145-37782.html
PUB-CL-394DFBAF8CEE70C33A96;DIRECCION GENERAL DE PROMOCION DE EXPORTACIONES;DIRECCION GENERAL DE PROMOCION DE EXPORTACIONES;CHILECOMPRA_MERCADO_PUBLICO;1674056;true;false;PUBLIC_SERVICE_OR_AGENCY;false;62000680-7;ENT-RUT-62000680-7;DIRECCION GENERAL DE PROMOCION DE EXPORTACIONES;EXACT_NORMALIZED_NAME_UNIQUE;HIGH;https://datos-abiertos.chilecompra.cl/organismos-compradores;https://api.mercadopublico.cl/servicios/v1/Publico/Empresas/BuscarComprador?ticket=F8537A18-6766-4DEF-9E59-426B4FEE2844;https://www.dipres.gob.cl/597/w3-multipropertyvalues-15145-37782.html
PUB-CL-37C9E6F62E6AF3A2EFC5;DIRECCION GENERAL DEL CREDITO PRENDARIO;DIRECCION GENERAL DEL CREDITO PRENDARIO;CHILECOMPRA_MERCADO_PUBLICO;7209;true;false;PUBLIC_SERVICE_OR_AGENCY;false;;;;NO_RUT_MATCH;UNMATCHED;https://datos-abiertos.chilecompra.cl/organismos-compradores;https://api.mercadopublico.cl/servicios/v1/Publico/Empresas/BuscarComprador?ticket=F8537A18-6766-4DEF-9E59-426B4FEE2844;https://www.dipres.gob.cl/597/w3-multipropertyvalues-15145-37782.html
PUB-CL-113AD39F4CF8D05D5E7D;DIRECCION NACIONAL DEL SERVICIO CIVIL;DIRECCION NACIONAL DEL SERVICIO CIVIL;CHILECOMPRA_MERCADO_PUBLICO;7371;true;false;PUBLIC_SERVICE_OR_AGENCY;false;65290590-0;ENT-RUT-65290590-0;DIRECCION NACIONAL DEL SERVICIO CIVIL;EXACT_NORMALIZED_NAME_UNIQUE;HIGH;https://datos-abiertos.chilecompra.cl/organismos-compradores;https://api.mercadopublico.cl/servicios/v1/Publico/Empresas/BuscarComprador?ticket=F8537A18-6766-4DEF-9E59-426B4FEE2844;https://www.dipres.gob.cl/597/w3-multipropertyvalues-15145-37782.html
PUB-CL-154601B6B89F7A55D129;DIRECCION SALUD RURAL;DIRECCION SALUD RURAL;CHILECOMPRA_MERCADO_PUBLICO;118628;true;false;PUBLIC_SERVICE_OR_AGENCY;false;61974600-7;ENT-RUT-61974600-7;DIRECCION SALUD RURAL;EXACT_NORMALIZED_NAME_UNIQUE;HIGH;https://datos-abiertos.chilecompra.cl/organismos-compradores;https://api.mercadopublico.cl/servicios/v1/Publico/Empresas/BuscarComprador?ticket=F8537A18-6766-4DEF-9E59-426B4FEE2844;https://www.dipres.gob.cl/597/w3-multipropertyvalues-15145-37782.html
PUB-CL-63A99EE0589E3B46F666;DIRECCION SERVICIO DE SALUD TALCAHUANO;DIRECCION SERVICIO DE SALUD TALCAHUANO;CHILECOMPRA_MERCADO_PUBLICO;7295;true;false;PUBLIC_SERVICE_OR_AGENCY;false;61607200-5;ENT-RUT-61607200-5;DIRECCION SERVICIO DE SALUD TALCAHUANO;EXACT_NORMALIZED_NAME_UNIQUE;HIGH;https://datos-abiertos.chilecompra.cl/organismos-compradores;https://api.mercadopublico.cl/servicios/v1/Publico/Empresas/BuscarComprador?ticket=F8537A18-6766-4DEF-9E59-426B4FEE2844;https://www.dipres.gob.cl/597/w3-multipropertyvalues-15145-37782.html
PUB-CL-22C6773F2EE289BAF55A;DIRECCION SERVICIO SALUD METROPOLITANO O;DIRECCION SERVICIO SALUD METROPOLITANO O;CHILECOMPRA_MERCADO_PUBLICO;7272;true;false;PUBLIC_SERVICE_OR_AGENCY;false;61608400-3;ENT-RUT-61608400-3;DIRECCION SERVICIO SALUD METROPOLITANO O;EXACT_NORMALIZED_NAME_UNIQUE;HIGH;https://datos-abiertos.chilecompra.cl/organismos-compradores;https://api.mercadopublico.cl/servicios/v1/Publico/Empresas/BuscarComprador?ticket=F8537A18-6766-4DEF-9E59-426B4FEE2844;https://www.dipres.gob.cl/597/w3-multipropertyvalues-15145-37782.html
PUB-CL-B817E3A6C89137EF90E0;Dirección Administrativa - Min. Defensa;DIRECCION ADMINISTRATIVA MIN DEFENSA;CHILECOMPRA_MERCADO_PUBLICO;7228;true;false;PUBLIC_SERVICE_OR_AGENCY;false;;;;NO_RUT_MATCH;UNMATCHED;https://datos-abiertos.chilecompra.cl/organismos-compradores;https://api.mercadopublico.cl/servicios/v1/Publico/Empresas/BuscarComprador?ticket=F8537A18-6766-4DEF-9E59-426B4FEE2844;https://www.dipres.gob.cl/597/w3-multipropertyvalues-15145-37782.html
PUB-CL-E4EFC5F33F45357E38BA;Dirección Nacional de Fronteras y Límites del Estado;DIRECCION NACIONAL DE FRONTERAS Y LIMITES DEL ESTADO;CHILECOMPRA_MERCADO_PUBLICO;7187;true;false;PUBLIC_SERVICE_OR_AGENCY;false;60604000-8;ENT-RUT-60604000-8;DIRECCION NACIONAL DE FRONTERAS Y LIMITES DEL ESTADO;EXACT_NORMALIZED_NAME_UNIQUE;HIGH;https://datos-abiertos.chilecompra.cl/organismos-compradores;https://api.mercadopublico.cl/servicios/v1/Publico/Empresas/BuscarComprador?ticket=F8537A18-6766-4DEF-9E59-426B4FEE2844;https://www.dipres.gob.cl/597/w3-multipropertyvalues-15145-37782.html
PUB-CL-A0DD5742E14F427F12D0;Dirección de Relaciones Económicas;DIRECCION DE RELACIONES ECONOMICAS;CHILECOMPRA_MERCADO_PUBLICO;7010;true;false;PUBLIC_SERVICE_OR_AGENCY;false;;;;NO_RUT_MATCH;UNMATCHED;https://datos-abiertos.chilecompra.cl/organismos-compradores;https://api.mercadopublico.cl/servicios/v1/Publico/Empresas/BuscarComprador?ticket=F8537A18-6766-4DEF-9E59-426B4FEE2844;https://www.dipres.gob.cl/597/w3-multipropertyvalues-15145-37782.html
PUB-CL-3C106F3205624CC0EC56;INSTITUTO ANTARTICO CHILENO;INSTITUTO ANTARTICO CHILENO;CHILECOMPRA_MERCADO_PUBLICO;7004;true;false;PUBLIC_SERVICE_OR_AGENCY;false;60605000-3;ENT-RUT-60605000-3;INSTITUTO ANTARTICO CHILENO;EXACT_NORMALIZED_NAME_UNIQUE;HIGH;https://datos-abiertos.chilecompra.cl/organismos-compradores;https://api.mercadopublico.cl/servicios/v1/Publico/Empresas/BuscarComprador?ticket=F8537A18-6766-4DEF-9E59-426B4FEE2844;https://www.dipres.gob.cl/597/w3-multipropertyvalues-15145-37782.html
PUB-CL-3C97F06B0B0B55500944;INSTITUTO DE DESARROLLO AGROPECUARIO;INSTITUTO DE DESARROLLO AGROPECUARIO;CHILECOMPRA_MERCADO_PUBLICO;6937;true;true;PUBLIC_SERVICE_OR_AGENCY;true;;;;NO_RUT_MATCH;UNMATCHED;https://datos-abiertos.chilecompra.cl/organismos-compradores;https://api.mercadopublico.cl/servicios/v1/Publico/Empresas/BuscarComprador?ticket=F8537A18-6766-4DEF-9E59-426B4FEE2844;https://www.dipres.gob.cl/597/w3-multipropertyvalues-15145-37782.html
PUB-CL-14F6C15F1BDBB311CE22;INSTITUTO DE FOMENTO PESQUERO;INSTITUTO DE FOMENTO PESQUERO;CHILECOMPRA_MERCADO_PUBLICO;7070;true;false;PUBLIC_SERVICE_OR_AGENCY;false;61310000-8;ENT-RUT-61310000-8;INSTITUTO DE FOMENTO PESQUERO;EXACT_NORMALIZED_NAME_UNIQUE;HIGH;https://datos-abiertos.chilecompra.cl/organismos-compradores;https://api.mercadopublico.cl/servicios/v1/Publico/Empresas/BuscarComprador?ticket=F8537A18-6766-4DEF-9E59-426B4FEE2844;https://www.dipres.gob.cl/597/w3-multipropertyvalues-15145-37782.html
PUB-CL-54ADA29FAD66FC00374B;INSTITUTO DE PREVISION SOCIAL;INSTITUTO DE PREVISION SOCIAL;CHILECOMPRA_MERCADO_PUBLICO;1090469;true;false;PUBLIC_SERVICE_OR_AGENCY;false;61979440-0;ENT-RUT-61979440-0;INSTITUTO DE PREVISION SOCIAL;EXACT_NORMALIZED_NAME_UNIQUE;HIGH;https://datos-abiertos.chilecompra.cl/organismos-compradores;https://api.mercadopublico.cl/servicios/v1/Publico/Empresas/BuscarComprador?ticket=F8537A18-6766-4DEF-9E59-426B4FEE2844;https://www.dipres.gob.cl/597/w3-multipropertyvalues-15145-37782.html
PUB-CL-4331FE9F70A788B7FE94;INSTITUTO DE SALUD PUBLICA DE CHILE;INSTITUTO DE SALUD PUBLICA DE CHILE;CHILECOMPRA_MERCADO_PUBLICO;7177;true;false;PUBLIC_SERVICE_OR_AGENCY;false;61605000-1;ENT-RUT-61605000-1;INSTITUTO DE SALUD PUBLICA DE CHILE;EXACT_NORMALIZED_NAME_UNIQUE;HIGH;https://datos-abiertos.chilecompra.cl/organismos-compradores;https://api.mercadopublico.cl/servicios/v1/Publico/Empresas/BuscarComprador?ticket=F8537A18-6766-4DEF-9E59-426B4FEE2844;https://www.dipres.gob.cl/597/w3-multipropertyvalues-15145-37782.html
PUB-CL-53F8D2D1A9853B9A5C2E;INSTITUTO DE SEGURIDAD LABORAL;INSTITUTO DE SEGURIDAD LABORAL;CHILECOMPRA_MERCADO_PUBLICO;6953;true;true;PUBLIC_SERVICE_OR_AGENCY;true;61533000-0;ENT-RUT-61533000-0;INSTITUTO DE SEGURIDAD LABORAL;EXACT_NORMALIZED_NAME_UNIQUE;HIGH;https://datos-abiertos.chilecompra.cl/organismos-compradores;https://api.mercadopublico.cl/servicios/v1/Publico/Empresas/BuscarComprador?ticket=F8537A18-6766-4DEF-9E59-426B4FEE2844;https://www.dipres.gob.cl/597/w3-multipropertyvalues-15145-37782.html
PUB-CL-D9F4DA569D3E07075BB7;INSTITUTO FORESTAL;INSTITUTO FORESTAL;CHILECOMPRA_MERCADO_PUBLICO;7497;true;false;PUBLIC_SERVICE_OR_AGENCY;false;61311000-3;ENT-RUT-61311000-3;INSTITUTO FORESTAL;EXACT_NORMALIZED_NAME_UNIQUE;HIGH;https://datos-abiertos.chilecompra.cl/organismos-compradores;https://api.mercadopublico.cl/servicios/v1/Publico/Empresas/BuscarComprador?ticket=F8537A18-6766-4DEF-9E59-426B4FEE2844;https://www.dipres.gob.cl/597/w3-multipropertyvalues-15145-37782.html
PUB-CL-0ADE7901D8AA76446266;INSTITUTO NACIONAL DE DEPORTES DE CHILE;INSTITUTO NACIONAL DE DEPORTES DE CHILE;CHILECOMPRA_MERCADO_PUBLICO;7216;true;false;PUBLIC_SERVICE_OR_AGENCY;false;61107000-4;ENT-RUT-61107000-4;INSTITUTO NACIONAL DE DEPORTES DE CHILE;EXACT_NORMALIZED_NAME_UNIQUE;HIGH;https://datos-abiertos.chilecompra.cl/organismos-compradores;https://api.mercadopublico.cl/servicios/v1/Publico/Empresas/BuscarComprador?ticket=F8537A18-6766-4DEF-9E59-426B4FEE2844;https://www.dipres.gob.cl/597/w3-multipropertyvalues-15145-37782.html
PUB-CL-10E16E29A2FA1A30E6A2;INSTITUTO NACIONAL DE ESTADISTICAS;INSTITUTO NACIONAL DE ESTADISTICAS;CHILECOMPRA_MERCADO_PUBLICO;6931;true;false;PUBLIC_SERVICE_OR_AGENCY;false;60703000-6;ENT-RUT-60703000-6;INSTITUTO NACIONAL DE ESTADISTICAS;EXACT_NORMALIZED_NAME_UNIQUE;HIGH;https://datos-abiertos.chilecompra.cl/organismos-compradores;https://api.mercadopublico.cl/servicios/v1/Publico/Empresas/BuscarComprador?ticket=F8537A18-6766-4DEF-9E59-426B4FEE2844;https://www.dipres.gob.cl/597/w3-multipropertyvalues-15145-37782.html
PUB-CL-A971FC69C8B0521DC0D7;INSTITUTO NACIONAL DE GERIATRIA PRESIDENTE EDO FREI MONTALVA;INSTITUTO NACIONAL DE GERIATRIA PRESIDENTE EDO FREI MONTALVA;CHILECOMPRA_MERCADO_PUBLICO;7430;true;false;PUBLIC_SERVICE_OR_AGENCY;false;61608403-8;ENT-RUT-61608403-8;INSTITUTO NACIONAL DE GERIATRIA PRESIDENTE EDO FREI MONTALVA;EXACT_NORMALIZED_NAME_UNIQUE;HIGH;https://datos-abiertos.chilecompra.cl/organismos-compradores;https://api.mercadopublico.cl/servicios/v1/Publico/Empresas/BuscarComprador?ticket=F8537A18-6766-4DEF-9E59-426B4FEE2844;https://www.dipres.gob.cl/597/w3-multipropertyvalues-15145-37782.html
PUB-CL-FDADF578B651A7C7A8F6;INSTITUTO NACIONAL DE HIDRAULICA;INSTITUTO NACIONAL DE HIDRAULICA;CHILECOMPRA_MERCADO_PUBLICO;7176;true;false;PUBLIC_SERVICE_OR_AGENCY;false;;;;NO_RUT_MATCH;UNMATCHED;https://datos-abiertos.chilecompra.cl/organismos-compradores;https://api.mercadopublico.cl/servicios/v1/Publico/Empresas/BuscarComprador?ticket=F8537A18-6766-4DEF-9E59-426B4FEE2844;https://www.dipres.gob.cl/597/w3-multipropertyvalues-15145-37782.html
PUB-CL-FACA3E19C9FF601A8A1C;INSTITUTO NACIONAL DE LA JUVENTUD;INSTITUTO NACIONAL DE LA JUVENTUD;CHILECOMPRA_MERCADO_PUBLICO;7197;true;true;PUBLIC_SERVICE_OR_AGENCY;true;60110000-2;ENT-RUT-60110000-2;INSTITUTO NACIONAL DE LA JUVENTUD;EXACT_NORMALIZED_NAME_UNIQUE;HIGH;https://datos-abiertos.chilecompra.cl/organismos-compradores;https://api.mercadopublico.cl/servicios/v1/Publico/Empresas/BuscarComprador?ticket=F8537A18-6766-4DEF-9E59-426B4FEE2844;https://www.dipres.gob.cl/597/w3-multipropertyvalues-15145-37782.html
PUB-CL-675416DDDF2C8C00AD14;INSTITUTO NACIONAL DE PROPIEDAD INDUSTRIAL;INSTITUTO NACIONAL DE PROPIEDAD INDUSTRIAL;CHILECOMPRA_MERCADO_PUBLICO;1042394;true;true;PUBLIC_SERVICE_OR_AGENCY;true;65999669-3;ENT-RUT-65999669-3;INSTITUTO NACIONAL DE PROPIEDAD INDUSTRIAL;EXACT_NORMALIZED_NAME_UNIQUE;HIGH;https://datos-abiertos.chilecompra.cl/organismos-compradores;https://api.mercadopublico.cl/servicios/v1/Publico/Empresas/BuscarComprador?ticket=F8537A18-6766-4DEF-9E59-426B4FEE2844;https://www.dipres.gob.cl/597/w3-multipropertyvalues-15145-37782.html
PUB-CL-D85B8699C7C340BF7334;INSTITUTO NACIONAL DE REHABILITACION PEDRO AGUIRRE CERDA;INSTITUTO NACIONAL DE REHABILITACION PEDRO AGUIRRE CERDA;CHILECOMPRA_MERCADO_PUBLICO;7432;true;false;PUBLIC_SERVICE_OR_AGENCY;false;61602117-6;ENT-RUT-61602117-6;INSTITUTO NACIONAL DE REHABILITACION PEDRO AGUIRRE CERDA;EXACT_NORMALIZED_NAME_UNIQUE;HIGH;https://datos-abiertos.chilecompra.cl/organismos-compradores;https://api.mercadopublico.cl/servicios/v1/Publico/Empresas/BuscarComprador?ticket=F8537A18-6766-4DEF-9E59-426B4FEE2844;https://www.dipres.gob.cl/597/w3-multipropertyvalues-15145-37782.html
PUB-CL-6001642505BC7B5A0837;INSTITUTO NACIONAL DEL TORAX;INSTITUTO NACIONAL DEL TORAX;CHILECOMPRA_MERCADO_PUBLICO;7298;true;false;PUBLIC_SERVICE_OR_AGENCY;false;61608402-K;ENT-RUT-61608402-K;INSTITUTO NACIONAL DEL TORAX;EXACT_NORMALIZED_NAME_UNIQUE;HIGH;https://datos-abiertos.chilecompra.cl/organismos-compradores;https://api.mercadopublico.cl/servicios/v1/Publico/Empresas/BuscarComprador?ticket=F8537A18-6766-4DEF-9E59-426B4FEE2844;https://www.dipres.gob.cl/597/w3-multipropertyvalues-15145-37782.html
PUB-CL-9E23AAF23A1ED38CDADF;INSTITUTO PSIQUIATRICO DR JOSE HORWITZ BARAK;INSTITUTO PSIQUIATRICO DR JOSE HORWITZ BARAK;CHILECOMPRA_MERCADO_PUBLICO;7044;true;false;PUBLIC_SERVICE_OR_AGENCY;false;61608003-2;ENT-RUT-61608003-2;INSTITUTO PSIQUIATRICO DR JOSE HORWITZ BARAK;EXACT_NORMALIZED_NAME_UNIQUE;HIGH;https://datos-abiertos.chilecompra.cl/organismos-compradores;https://api.mercadopublico.cl/servicios/v1/Publico/Empresas/BuscarComprador?ticket=F8537A18-6766-4DEF-9E59-426B4FEE2844;https://www.dipres.gob.cl/597/w3-multipropertyvalues-15145-37782.html
PUB-CL-FD01A49EDA251149C641;Instituto Comercial Eliodoro Dominguez Dominguez;INSTITUTO COMERCIAL ELIODORO DOMINGUEZ DOMINGUEZ;CHILECOMPRA_MERCADO_PUBLICO;1757223;true;false;PUBLIC_SERVICE_OR_AGENCY;false;60904084-K;ENT-RUT-60904084-K;INSTITUTO COMERCIAL ELIODORO DOMINGUEZ DOMINGUEZ;EXACT_NORMALIZED_NAME_UNIQUE;HIGH;https://datos-abiertos.chilecompra.cl/organismos-compradores;https://api.mercadopublico.cl/servicios/v1/Publico/Empresas/BuscarComprador?ticket=F8537A18-6766-4DEF-9E59-426B4FEE2844;https://www.dipres.gob.cl/597/w3-multipropertyvalues-15145-37782.html
PUB-CL-F5C674726619B169C279;Instituto Nacional del Cancer;INSTITUTO NACIONAL DEL CANCER;CHILECOMPRA_MERCADO_PUBLICO;7276;true;false;PUBLIC_SERVICE_OR_AGENCY;false;61608404-6;ENT-RUT-61608404-6;INSTITUTO NACIONAL DEL CANCER;EXACT_NORMALIZED_NAME_UNIQUE;HIGH;https://datos-abiertos.chilecompra.cl/organismos-compradores;https://api.mercadopublico.cl/servicios/v1/Publico/Empresas/BuscarComprador?ticket=F8537A18-6766-4DEF-9E59-426B4FEE2844;https://www.dipres.gob.cl/597/w3-multipropertyvalues-15145-37782.html
PUB-CL-291CBC0C6A470A94C33E;Instituto de Investigaciones y Control del Ejércit;INSTITUTO DE INVESTIGACIONES Y CONTROL DEL EJERCIT;CHILECOMPRA_MERCADO_PUBLICO;7394;true;false;PUBLIC_SERVICE_OR_AGENCY;false;;;;NO_RUT_MATCH;UNMATCHED;https://datos-abiertos.chilecompra.cl/organismos-compradores;https://api.mercadopublico.cl/servicios/v1/Publico/Empresas/BuscarComprador?ticket=F8537A18-6766-4DEF-9E59-426B4FEE2844;https://www.dipres.gob.cl/597/w3-multipropertyvalues-15145-37782.html
PUB-CL-AD6AF55A2BCB5790DB68;Instituto de Neurocirugía;INSTITUTO DE NEUROCIRUGIA;CHILECOMPRA_MERCADO_PUBLICO;7474;true;false;PUBLIC_SERVICE_OR_AGENCY;false;;;;NO_RUT_MATCH;UNMATCHED;https://datos-abiertos.chilecompra.cl/organismos-compradores;https://api.mercadopublico.cl/servicios/v1/Publico/Empresas/BuscarComprador?ticket=F8537A18-6766-4DEF-9E59-426B4FEE2844;https://www.dipres.gob.cl/597/w3-multipropertyvalues-15145-37782.html
PUB-CL-9922B683D9DCD451FCD4;SERVICIO AGRICOLA Y GANADERO;SERVICIO AGRICOLA Y GANADERO;CHILECOMPRA_MERCADO_PUBLICO;6919;true;false;PUBLIC_SERVICE_OR_AGENCY;false;;;;NO_RUT_MATCH;UNMATCHED;https://datos-abiertos.chilecompra.cl/organismos-compradores;https://api.mercadopublico.cl/servicios/v1/Publico/Empresas/BuscarComprador?ticket=F8537A18-6766-4DEF-9E59-426B4FEE2844;https://www.dipres.gob.cl/597/w3-multipropertyvalues-15145-37782.html
PUB-CL-51206BC8A1CB80EAD535;SERVICIO DE COOPERACION TECNICA;SERVICIO DE COOPERACION TECNICA;CHILECOMPRA_MERCADO_PUBLICO;6950;true;false;PUBLIC_SERVICE_OR_AGENCY;false;;;;NO_RUT_MATCH;UNMATCHED;https://datos-abiertos.chilecompra.cl/organismos-compradores;https://api.mercadopublico.cl/servicios/v1/Publico/Empresas/BuscarComprador?ticket=F8537A18-6766-4DEF-9E59-426B4FEE2844;https://www.dipres.gob.cl/597/w3-multipropertyvalues-15145-37782.html
PUB-CL-456570AE4E4368C9C772;SERVICIO DE EVALUACION AMBIENTAL;SERVICIO DE EVALUACION AMBIENTAL;CHILECOMPRA_MERCADO_PUBLICO;7218;true;false;PUBLIC_SERVICE_OR_AGENCY;false;72443600-5;ENT-RUT-72443600-5;SERVICIO DE EVALUACION AMBIENTAL;EXACT_NORMALIZED_NAME_UNIQUE;HIGH;https://datos-abiertos.chilecompra.cl/organismos-compradores;https://api.mercadopublico.cl/servicios/v1/Publico/Empresas/BuscarComprador?ticket=F8537A18-6766-4DEF-9E59-426B4FEE2844;https://www.dipres.gob.cl/597/w3-multipropertyvalues-15145-37782.html
PUB-CL-5B6D28AD5C98C74C4195;SERVICIO DE IMPUESTOS INTERNOS DIRECCION;SERVICIO DE IMPUESTOS INTERNOS DIRECCION;CHILECOMPRA_MERCADO_PUBLICO;7113;true;false;PUBLIC_SERVICE_OR_AGENCY;false;60803000-K;ENT-RUT-60803000-K;SERVICIO DE IMPUESTOS INTERNOS DIRECCION;EXACT_NORMALIZED_NAME_UNIQUE;HIGH;https://datos-abiertos.chilecompra.cl/organismos-compradores;https://api.mercadopublico.cl/servicios/v1/Publico/Empresas/BuscarComprador?ticket=F8537A18-6766-4DEF-9E59-426B4FEE2844;https://www.dipres.gob.cl/597/w3-multipropertyvalues-15145-37782.html
PUB-CL-6A3F6D70C89ED0ECB3A5;SERVICIO DE REGISTRO CIVIL E IDENTIFICACION;SERVICIO DE REGISTRO CIVIL E IDENTIFICACION;CHILECOMPRA_MERCADO_PUBLICO;6960;true;false;PUBLIC_SERVICE_OR_AGENCY;false;;;;NO_RUT_MATCH;UNMATCHED;https://datos-abiertos.chilecompra.cl/organismos-compradores;https://api.mercadopublico.cl/servicios/v1/Publico/Empresas/BuscarComprador?ticket=F8537A18-6766-4DEF-9E59-426B4FEE2844;https://www.dipres.gob.cl/597/w3-multipropertyvalues-15145-37782.html
PUB-CL-034BD28ED957EECD513B;SERVICIO DE VIVIENDA Y URBANIZACION AREA METROPOLITANA;SERVICIO DE VIVIENDA Y URBANIZACION AREA METROPOLITANA;CHILECOMPRA_MERCADO_PUBLICO;6965;true;false;PUBLIC_SERVICE_OR_AGENCY;false;61812000-7;ENT-RUT-61812000-7;SERVICIO DE VIVIENDA Y URBANIZACION AREA METROPOLITANA;EXACT_NORMALIZED_NAME_UNIQUE;HIGH;https://datos-abiertos.chilecompra.cl/organismos-compradores;https://api.mercadopublico.cl/servicios/v1/Publico/Empresas/BuscarComprador?ticket=F8537A18-6766-4DEF-9E59-426B4FEE2844;https://www.dipres.gob.cl/597/w3-multipropertyvalues-15145-37782.html
PUB-CL-29B3643EF9FA62EEA204;SERVICIO DE VIVIENDA Y URBANIZACION I REGION;SERVICIO DE VIVIENDA Y URBANIZACION I REGION;CHILECOMPRA_MERCADO_PUBLICO;6923;true;false;PUBLIC_SERVICE_OR_AGENCY;false;61838000-9;ENT-RUT-61838000-9;SERVICIO DE VIVIENDA Y URBANIZACION I REGION;EXACT_NORMALIZED_NAME_UNIQUE;HIGH;https://datos-abiertos.chilecompra.cl/organismos-compradores;https://api.mercadopublico.cl/servicios/v1/Publico/Empresas/BuscarComprador?ticket=F8537A18-6766-4DEF-9E59-426B4FEE2844;https://www.dipres.gob.cl/597/w3-multipropertyvalues-15145-37782.html
PUB-CL-E5A13B098B3E96D8FAA5;SERVICIO DE VIVIENDA Y URBANIZACION II REGION;SERVICIO DE VIVIENDA Y URBANIZACION II REGION;CHILECOMPRA_MERCADO_PUBLICO;6974;true;false;PUBLIC_SERVICE_OR_AGENCY;false;61814000-8;ENT-RUT-61814000-8;SERVICIO DE VIVIENDA Y URBANIZACION II REGION;EXACT_NORMALIZED_NAME_UNIQUE;HIGH;https://datos-abiertos.chilecompra.cl/organismos-compradores;https://api.mercadopublico.cl/servicios/v1/Publico/Empresas/BuscarComprador?ticket=F8537A18-6766-4DEF-9E59-426B4FEE2844;https://www.dipres.gob.cl/597/w3-multipropertyvalues-15145-37782.html
PUB-CL-B800080331C58000B405;SERVICIO DE VIVIENDA Y URBANIZACION III REGION;SERVICIO DE VIVIENDA Y URBANIZACION III REGION;CHILECOMPRA_MERCADO_PUBLICO;6975;true;false;PUBLIC_SERVICE_OR_AGENCY;false;61815000-3;ENT-RUT-61815000-3;SERVICIO DE VIVIENDA Y URBANIZACION III REGION;EXACT_NORMALIZED_NAME_UNIQUE;HIGH;https://datos-abiertos.chilecompra.cl/organismos-compradores;https://api.mercadopublico.cl/servicios/v1/Publico/Empresas/BuscarComprador?ticket=F8537A18-6766-4DEF-9E59-426B4FEE2844;https://www.dipres.gob.cl/597/w3-multipropertyvalues-15145-37782.html
PUB-CL-E7735FDA118738A5AEDA;SERVICIO DE VIVIENDA Y URBANIZACION IV REGION;SERVICIO DE VIVIENDA Y URBANIZACION IV REGION;CHILECOMPRA_MERCADO_PUBLICO;6972;true;false;PUBLIC_SERVICE_OR_AGENCY;false;61816000-9;ENT-RUT-61816000-9;SERVICIO DE VIVIENDA Y URBANIZACION IV REGION;EXACT_NORMALIZED_NAME_UNIQUE;HIGH;https://datos-abiertos.chilecompra.cl/organismos-compradores;https://api.mercadopublico.cl/servicios/v1/Publico/Empresas/BuscarComprador?ticket=F8537A18-6766-4DEF-9E59-426B4FEE2844;https://www.dipres.gob.cl/597/w3-multipropertyvalues-15145-37782.html
PUB-CL-6E664FBDDBC9C3AD52A2;SERVICIO DE VIVIENDA Y URBANIZACION IX REGION;SERVICIO DE VIVIENDA Y URBANIZACION IX REGION;CHILECOMPRA_MERCADO_PUBLICO;6980;true;false;PUBLIC_SERVICE_OR_AGENCY;false;61821000-6;ENT-RUT-61821000-6;SERVICIO DE VIVIENDA Y URBANIZACION IX REGION;EXACT_NORMALIZED_NAME_UNIQUE;HIGH;https://datos-abiertos.chilecompra.cl/organismos-compradores;https://api.mercadopublico.cl/servicios/v1/Publico/Empresas/BuscarComprador?ticket=F8537A18-6766-4DEF-9E59-426B4FEE2844;https://www.dipres.gob.cl/597/w3-multipropertyvalues-15145-37782.html
PUB-CL-3D6FBE44FEE1A12D1A67;SERVICIO DE VIVIENDA Y URBANIZACION REGIÓN DEL BIO BIO;SERVICIO DE VIVIENDA Y URBANIZACION REGION DEL BIO BIO;CHILECOMPRA_MERCADO_PUBLICO;6979;true;false;PUBLIC_SERVICE_OR_AGENCY;false;61820004-3;ENT-RUT-61820004-3;SERVICIO DE VIVIENDA Y URBANIZACION REGIÓN DEL BIO BIO;EXACT_NORMALIZED_NAME_UNIQUE;HIGH;https://datos-abiertos.chilecompra.cl/organismos-compradores;https://api.mercadopublico.cl/servicios/v1/Publico/Empresas/BuscarComprador?ticket=F8537A18-6766-4DEF-9E59-426B4FEE2844;https://www.dipres.gob.cl/597/w3-multipropertyvalues-15145-37782.html
PUB-CL-A7935DCCD453727DCA0F;SERVICIO DE VIVIENDA Y URBANIZACION V REGION;SERVICIO DE VIVIENDA Y URBANIZACION V REGION;CHILECOMPRA_MERCADO_PUBLICO;6968;true;false;PUBLIC_SERVICE_OR_AGENCY;false;61817000-4;ENT-RUT-61817000-4;SERVICIO DE VIVIENDA Y URBANIZACION V REGION;EXACT_NORMALIZED_NAME_UNIQUE;HIGH;https://datos-abiertos.chilecompra.cl/organismos-compradores;https://api.mercadopublico.cl/servicios/v1/Publico/Empresas/BuscarComprador?ticket=F8537A18-6766-4DEF-9E59-426B4FEE2844;https://www.dipres.gob.cl/597/w3-multipropertyvalues-15145-37782.html
PUB-CL-B81D00EDB3B64758A254;SERVICIO DE VIVIENDA Y URBANIZACION VI REGION;SERVICIO DE VIVIENDA Y URBANIZACION VI REGION;CHILECOMPRA_MERCADO_PUBLICO;6977;true;false;PUBLIC_SERVICE_OR_AGENCY;false;61818000-K;ENT-RUT-61818000-K;SERVICIO DE VIVIENDA Y URBANIZACION VI REGION;EXACT_NORMALIZED_NAME_UNIQUE;HIGH;https://datos-abiertos.chilecompra.cl/organismos-compradores;https://api.mercadopublico.cl/servicios/v1/Publico/Empresas/BuscarComprador?ticket=F8537A18-6766-4DEF-9E59-426B4FEE2844;https://www.dipres.gob.cl/597/w3-multipropertyvalues-15145-37782.html
PUB-CL-6627B25127C920481F0C;SERVICIO DE VIVIENDA Y URBANIZACION VII REGION;SERVICIO DE VIVIENDA Y URBANIZACION VII REGION;CHILECOMPRA_MERCADO_PUBLICO;6978;true;false;PUBLIC_SERVICE_OR_AGENCY;false;61819000-5;ENT-RUT-61819000-5;SERVICIO DE VIVIENDA Y URBANIZACION VII REGION;EXACT_NORMALIZED_NAME_UNIQUE;HIGH;https://datos-abiertos.chilecompra.cl/organismos-compradores;https://api.mercadopublico.cl/servicios/v1/Publico/Empresas/BuscarComprador?ticket=F8537A18-6766-4DEF-9E59-426B4FEE2844;https://www.dipres.gob.cl/597/w3-multipropertyvalues-15145-37782.html
PUB-CL-92A24AD878CE60B515C0;SERVICIO DE VIVIENDA Y URBANIZACION X REGION;SERVICIO DE VIVIENDA Y URBANIZACION X REGION;CHILECOMPRA_MERCADO_PUBLICO;6981;true;false;PUBLIC_SERVICE_OR_AGENCY;false;61818001-8;ENT-RUT-61818001-8;SERVICIO DE VIVIENDA Y URBANIZACION X REGION;EXACT_NORMALIZED_NAME_UNIQUE;HIGH;https://datos-abiertos.chilecompra.cl/organismos-compradores;https://api.mercadopublico.cl/servicios/v1/Publico/Empresas/BuscarComprador?ticket=F8537A18-6766-4DEF-9E59-426B4FEE2844;https://www.dipres.gob.cl/597/w3-multipropertyvalues-15145-37782.html
PUB-CL-8EBFEAEA248A1F4E2DFD;SERVICIO DE VIVIENDA Y URBANIZACION XI REGION;SERVICIO DE VIVIENDA Y URBANIZACION XI REGION;CHILECOMPRA_MERCADO_PUBLICO;6982;true;false;PUBLIC_SERVICE_OR_AGENCY;false;61823000-7;ENT-RUT-61823000-7;SERVICIO DE VIVIENDA Y URBANIZACION XI REGION;EXACT_NORMALIZED_NAME_UNIQUE;HIGH;https://datos-abiertos.chilecompra.cl/organismos-compradores;https://api.mercadopublico.cl/servicios/v1/Publico/Empresas/BuscarComprador?ticket=F8537A18-6766-4DEF-9E59-426B4FEE2844;https://www.dipres.gob.cl/597/w3-multipropertyvalues-15145-37782.html
PUB-CL-097E8E84E37B8115FBFE;SERVICIO ELECTORAL;SERVICIO ELECTORAL;CHILECOMPRA_MERCADO_PUBLICO;225773;true;true;PUBLIC_SERVICE_OR_AGENCY;true;60504000-4;ENT-RUT-60504000-4;SERVICIO ELECTORAL;EXACT_NORMALIZED_NAME_UNIQUE;HIGH;https://datos-abiertos.chilecompra.cl/organismos-compradores;https://api.mercadopublico.cl/servicios/v1/Publico/Empresas/BuscarComprador?ticket=F8537A18-6766-4DEF-9E59-426B4FEE2844;https://www.dipres.gob.cl/597/w3-multipropertyvalues-15145-37782.html
PUB-CL-BC1127271CDE20AB6FAA;SERVICIO LOCAL DE EDUCACION PÚBLICA DE ATACAMA;SERVICIO LOCAL DE EDUCACION PUBLICA DE ATACAMA;CHILECOMPRA_MERCADO_PUBLICO;1723291;true;false;PUBLIC_SERVICE_OR_AGENCY;false;62000810-9;ENT-RUT-62000810-9;SERVICIO LOCAL DE EDUCACION PÚBLICA DE ATACAMA;EXACT_NORMALIZED_NAME_UNIQUE;HIGH;https://datos-abiertos.chilecompra.cl/organismos-compradores;https://api.mercadopublico.cl/servicios/v1/Publico/Empresas/BuscarComprador?ticket=F8537A18-6766-4DEF-9E59-426B4FEE2844;https://www.dipres.gob.cl/597/w3-multipropertyvalues-15145-37782.html
PUB-CL-37BF7F05FD5C4AD187DE;SERVICIO MEDICO LEGAL;SERVICIO MEDICO LEGAL;CHILECOMPRA_MERCADO_PUBLICO;7179;true;true;PUBLIC_SERVICE_OR_AGENCY;true;61003000-9;ENT-RUT-61003000-9;SERVICIO MEDICO LEGAL;EXACT_NORMALIZED_NAME_UNIQUE;HIGH;https://datos-abiertos.chilecompra.cl/organismos-compradores;https://api.mercadopublico.cl/servicios/v1/Publico/Empresas/BuscarComprador?ticket=F8537A18-6766-4DEF-9E59-426B4FEE2844;https://www.dipres.gob.cl/597/w3-multipropertyvalues-15145-37782.html
PUB-CL-F202647C337946F0C5A9;SERVICIO NACIONAL DE ADUANAS;SERVICIO NACIONAL DE ADUANAS;CHILECOMPRA_MERCADO_PUBLICO;6952;true;true;PUBLIC_SERVICE_OR_AGENCY;true;60804000-5;ENT-RUT-60804000-5;SERVICIO NACIONAL DE ADUANAS;EXACT_NORMALIZED_NAME_UNIQUE;HIGH;https://datos-abiertos.chilecompra.cl/organismos-compradores;https://api.mercadopublico.cl/servicios/v1/Publico/Empresas/BuscarComprador?ticket=F8537A18-6766-4DEF-9E59-426B4FEE2844;https://www.dipres.gob.cl/597/w3-multipropertyvalues-15145-37782.html
PUB-CL-B3EA093344EA9EA3ACB0;SERVICIO NACIONAL DE CAPACITACION Y EMPLEO;SERVICIO NACIONAL DE CAPACITACION Y EMPLEO;CHILECOMPRA_MERCADO_PUBLICO;6962;true;false;PUBLIC_SERVICE_OR_AGENCY;false;61531000-K;ENT-RUT-61531000-K;SERVICIO NACIONAL DE CAPACITACION Y EMPLEO;EXACT_NORMALIZED_NAME_UNIQUE;HIGH;https://datos-abiertos.chilecompra.cl/organismos-compradores;https://api.mercadopublico.cl/servicios/v1/Publico/Empresas/BuscarComprador?ticket=F8537A18-6766-4DEF-9E59-426B4FEE2844;https://www.dipres.gob.cl/597/w3-multipropertyvalues-15145-37782.html
PUB-CL-0A62703AA0715E675514;SERVICIO NACIONAL DE GEOLOGIA Y MINERIA;SERVICIO NACIONAL DE GEOLOGIA Y MINERIA;CHILECOMPRA_MERCADO_PUBLICO;7210;true;false;PUBLIC_SERVICE_OR_AGENCY;false;;;;NO_RUT_MATCH;UNMATCHED;https://datos-abiertos.chilecompra.cl/organismos-compradores;https://api.mercadopublico.cl/servicios/v1/Publico/Empresas/BuscarComprador?ticket=F8537A18-6766-4DEF-9E59-426B4FEE2844;https://www.dipres.gob.cl/597/w3-multipropertyvalues-15145-37782.html
PUB-CL-A8724141AE6C7382CBE8;SERVICIO NACIONAL DE LA DISCAPACIDAD;SERVICIO NACIONAL DE LA DISCAPACIDAD;CHILECOMPRA_MERCADO_PUBLICO;7184;true;true;PUBLIC_SERVICE_OR_AGENCY;true;72576700-5;ENT-RUT-72576700-5;SERVICIO NACIONAL DE LA DISCAPACIDAD;EXACT_NORMALIZED_NAME_UNIQUE;HIGH;https://datos-abiertos.chilecompra.cl/organismos-compradores;https://api.mercadopublico.cl/servicios/v1/Publico/Empresas/BuscarComprador?ticket=F8537A18-6766-4DEF-9E59-426B4FEE2844;https://www.dipres.gob.cl/597/w3-multipropertyvalues-15145-37782.html
PUB-CL-17DCBAE3131A24C459E2;SERVICIO NACIONAL DE LA MUJER Y LA EQUIDAD DE GENERO;SERVICIO NACIONAL DE LA MUJER Y LA EQUIDAD DE GENERO;CHILECOMPRA_MERCADO_PUBLICO;6948;true;false;PUBLIC_SERVICE_OR_AGENCY;false;60107000-6;ENT-RUT-60107000-6;SERVICIO NACIONAL DE LA MUJER Y LA EQUIDAD DE GENERO;EXACT_NORMALIZED_NAME_UNIQUE;HIGH;https://datos-abiertos.chilecompra.cl/organismos-compradores;https://api.mercadopublico.cl/servicios/v1/Publico/Empresas/BuscarComprador?ticket=F8537A18-6766-4DEF-9E59-426B4FEE2844;https://www.dipres.gob.cl/597/w3-multipropertyvalues-15145-37782.html
PUB-CL-8DF742629D5B829F4861;SERVICIO NACIONAL DE MENORES;SERVICIO NACIONAL DE MENORES;CHILECOMPRA_MERCADO_PUBLICO;7017;true;false;PUBLIC_SERVICE_OR_AGENCY;false;;;;NO_RUT_MATCH;UNMATCHED;https://datos-abiertos.chilecompra.cl/organismos-compradores;https://api.mercadopublico.cl/servicios/v1/Publico/Empresas/BuscarComprador?ticket=F8537A18-6766-4DEF-9E59-426B4FEE2844;https://www.dipres.gob.cl/597/w3-multipropertyvalues-15145-37782.html
PUB-CL-7BC65AD3BAD273C32440;SERVICIO NACIONAL DE PREVENCIÓN Y RESPUESTA ANTE DESASTRES;SERVICIO NACIONAL DE PREVENCION Y RESPUESTA ANTE DESASTRES;CHILECOMPRA_MERCADO_PUBLICO;7180;true;false;PUBLIC_SERVICE_OR_AGENCY;false;60509001-K;ENT-RUT-60509001-K;SERVICIO NACIONAL DE PREVENCIÓN Y RESPUESTA ANTE DESASTRES;EXACT_NORMALIZED_NAME_UNIQUE;HIGH;https://datos-abiertos.chilecompra.cl/organismos-compradores;https://api.mercadopublico.cl/servicios/v1/Publico/Empresas/BuscarComprador?ticket=F8537A18-6766-4DEF-9E59-426B4FEE2844;https://www.dipres.gob.cl/597/w3-multipropertyvalues-15145-37782.html
PUB-CL-3C61AD5D2F02583EB36E;SERVICIO NACIONAL DE PROTECCIÓN ESPECIALIZADA A LA NIÑEZ Y ADOLESCENCI;SERVICIO NACIONAL DE PROTECCION ESPECIALIZADA A LA NINEZ Y ADOLESCENCI;CHILECOMPRA_MERCADO_PUBLICO;1765960;true;false;PUBLIC_SERVICE_OR_AGENCY;false;;;;NO_RUT_MATCH;UNMATCHED;https://datos-abiertos.chilecompra.cl/organismos-compradores;https://api.mercadopublico.cl/servicios/v1/Publico/Empresas/BuscarComprador?ticket=F8537A18-6766-4DEF-9E59-426B4FEE2844;https://www.dipres.gob.cl/597/w3-multipropertyvalues-15145-37782.html
PUB-CL-7EF66F7AE612FA7CA125;SERVICIO NACIONAL DE TURISMO;SERVICIO NACIONAL DE TURISMO;CHILECOMPRA_MERCADO_PUBLICO;7190;true;true;PUBLIC_SERVICE_OR_AGENCY;true;60704000-1;ENT-RUT-60704000-1;SERVICIO NACIONAL DE TURISMO;EXACT_NORMALIZED_NAME_UNIQUE;HIGH;https://datos-abiertos.chilecompra.cl/organismos-compradores;https://api.mercadopublico.cl/servicios/v1/Publico/Empresas/BuscarComprador?ticket=F8537A18-6766-4DEF-9E59-426B4FEE2844;https://www.dipres.gob.cl/597/w3-multipropertyvalues-15145-37782.html
PUB-CL-BB97130684E6A1EDAC11;SERVICIO NACIONAL DEL ADULTO MAYOR;SERVICIO NACIONAL DEL ADULTO MAYOR;CHILECOMPRA_MERCADO_PUBLICO;7032;true;true;PUBLIC_SERVICE_OR_AGENCY;true;61961000-8;ENT-RUT-61961000-8;SERVICIO NACIONAL DEL ADULTO MAYOR;EXACT_NORMALIZED_NAME_UNIQUE;HIGH;https://datos-abiertos.chilecompra.cl/organismos-compradores;https://api.mercadopublico.cl/servicios/v1/Publico/Empresas/BuscarComprador?ticket=F8537A18-6766-4DEF-9E59-426B4FEE2844;https://www.dipres.gob.cl/597/w3-multipropertyvalues-15145-37782.html
PUB-CL-121EC1091110C3F40CE6;SERVICIO NACIONAL DEL PATRIMONIO CULTURAL;SERVICIO NACIONAL DEL PATRIMONIO CULTURAL;CHILECOMPRA_MERCADO_PUBLICO;7011;true;true;PUBLIC_SERVICE_OR_AGENCY;true;60905000-4;ENT-RUT-60905000-4;SERVICIO NACIONAL DEL PATRIMONIO CULTURAL;EXACT_NORMALIZED_NAME_UNIQUE;HIGH;https://datos-abiertos.chilecompra.cl/organismos-compradores;https://api.mercadopublico.cl/servicios/v1/Publico/Empresas/BuscarComprador?ticket=F8537A18-6766-4DEF-9E59-426B4FEE2844;https://www.dipres.gob.cl/597/w3-multipropertyvalues-15145-37782.html
PUB-CL-4A4A50BB98BBE2ADC8F5;SERVICIO REGIONAL DE LA VIVIENDA Y URBAN;SERVICIO REGIONAL DE LA VIVIENDA Y URBAN;CHILECOMPRA_MERCADO_PUBLICO;278907;true;false;PUBLIC_SERVICE_OR_AGENCY;false;61813000-2;ENT-RUT-61813000-2;SERVICIO REGIONAL DE LA VIVIENDA Y URBAN;EXACT_NORMALIZED_NAME_UNIQUE;HIGH;https://datos-abiertos.chilecompra.cl/organismos-compradores;https://api.mercadopublico.cl/servicios/v1/Publico/Empresas/BuscarComprador?ticket=F8537A18-6766-4DEF-9E59-426B4FEE2844;https://www.dipres.gob.cl/597/w3-multipropertyvalues-15145-37782.html
PUB-CL-A1D4D57EDAB6F297528A;SERVICIO SALUD ARAUCANIA SUR HOSPIT DR EDUARDO GONZALEZ GALENO CUNCO;SERVICIO SALUD ARAUCANIA SUR HOSPIT DR EDUARDO GONZALEZ GALENO CUNCO;CHILECOMPRA_MERCADO_PUBLICO;7291;true;false;PUBLIC_SERVICE_OR_AGENCY;false;61602244-K;ENT-RUT-61602244-K;SERVICIO SALUD ARAUCANIA SUR HOSPIT DR EDUARDO GONZALEZ GALENO CUNCO;EXACT_NORMALIZED_NAME_UNIQUE;HIGH;https://datos-abiertos.chilecompra.cl/organismos-compradores;https://api.mercadopublico.cl/servicios/v1/Publico/Empresas/BuscarComprador?ticket=F8537A18-6766-4DEF-9E59-426B4FEE2844;https://www.dipres.gob.cl/597/w3-multipropertyvalues-15145-37782.html
PUB-CL-CAB065FAB4D984EB640D;SERVICIO SALUD COQUIMBO HOSP DE SALAMANC;SERVICIO SALUD COQUIMBO HOSP DE SALAMANC;CHILECOMPRA_MERCADO_PUBLICO;7323;true;false;PUBLIC_SERVICE_OR_AGENCY;false;61606408-8;ENT-RUT-61606408-8;SERVICIO SALUD COQUIMBO HOSP DE SALAMANC;EXACT_NORMALIZED_NAME_UNIQUE;HIGH;https://datos-abiertos.chilecompra.cl/organismos-compradores;https://api.mercadopublico.cl/servicios/v1/Publico/Empresas/BuscarComprador?ticket=F8537A18-6766-4DEF-9E59-426B4FEE2844;https://www.dipres.gob.cl/597/w3-multipropertyvalues-15145-37782.html
PUB-CL-1D09C310AECDF7AF0853;SERVICIO SALUD DEL RELONCAVI;SERVICIO SALUD DEL RELONCAVI;CHILECOMPRA_MERCADO_PUBLICO;7104;true;false;PUBLIC_SERVICE_OR_AGENCY;false;61607700-7;ENT-RUT-61607700-7;SERVICIO SALUD DEL RELONCAVI;EXACT_NORMALIZED_NAME_UNIQUE;HIGH;https://datos-abiertos.chilecompra.cl/organismos-compradores;https://api.mercadopublico.cl/servicios/v1/Publico/Empresas/BuscarComprador?ticket=F8537A18-6766-4DEF-9E59-426B4FEE2844;https://www.dipres.gob.cl/597/w3-multipropertyvalues-15145-37782.html
PUB-CL-E043807660414E224803;SERVICIO SALUD METROPOLITANO OCCIDENTE;SERVICIO SALUD METROPOLITANO OCCIDENTE;CHILECOMPRA_MERCADO_PUBLICO;7029;true;false;PUBLIC_SERVICE_OR_AGENCY;false;61608200-0;ENT-RUT-61608200-0;SERVICIO SALUD METROPOLITANO OCCIDENTE;EXACT_NORMALIZED_NAME_UNIQUE;HIGH;https://datos-abiertos.chilecompra.cl/organismos-compradores;https://api.mercadopublico.cl/servicios/v1/Publico/Empresas/BuscarComprador?ticket=F8537A18-6766-4DEF-9E59-426B4FEE2844;https://www.dipres.gob.cl/597/w3-multipropertyvalues-15145-37782.html
PUB-CL-A84E8AE6C356C7C68F09;SERVICIO SALUD VINA DEL MAR QUILLOTA;SERVICIO SALUD VINA DEL MAR QUILLOTA;CHILECOMPRA_MERCADO_PUBLICO;7153;true;false;PUBLIC_SERVICE_OR_AGENCY;false;61606600-5;ENT-RUT-61606600-5;SERVICIO SALUD VINA DEL MAR QUILLOTA;EXACT_NORMALIZED_NAME_UNIQUE;HIGH;https://datos-abiertos.chilecompra.cl/organismos-compradores;https://api.mercadopublico.cl/servicios/v1/Publico/Empresas/BuscarComprador?ticket=F8537A18-6766-4DEF-9E59-426B4FEE2844;https://www.dipres.gob.cl/597/w3-multipropertyvalues-15145-37782.html
PUB-CL-EB6D06B0F192668A789D;Servicio Nacional de Pesca VI Región;SERVICIO NACIONAL DE PESCA VI REGION;CHILECOMPRA_MERCADO_PUBLICO;7033;true;false;PUBLIC_SERVICE_OR_AGENCY;false;61951100-K;ENT-RUT-61951100-K;SERVICIO NACIONAL DE PESCA VI REGION;EXACT_NORMALIZED_NAME_UNIQUE;HIGH;https://datos-abiertos.chilecompra.cl/organismos-compradores;https://api.mercadopublico.cl/servicios/v1/Publico/Empresas/BuscarComprador?ticket=F8537A18-6766-4DEF-9E59-426B4FEE2844;https://www.dipres.gob.cl/597/w3-multipropertyvalues-15145-37782.html
PUB-CL-7C289A64E3F8181C02B3;Servicio Nacional del Consumidor - SERNAC;SERVICIO NACIONAL DEL CONSUMIDOR SERNAC;CHILECOMPRA_MERCADO_PUBLICO;7230;true;false;PUBLIC_SERVICE_OR_AGENCY;false;;;;NO_RUT_MATCH;UNMATCHED;https://datos-abiertos.chilecompra.cl/organismos-compradores;https://api.mercadopublico.cl/servicios/v1/Publico/Empresas/BuscarComprador?ticket=F8537A18-6766-4DEF-9E59-426B4FEE2844;https://www.dipres.gob.cl/597/w3-multipropertyvalues-15145-37782.html
PUB-CL-FFA7C7DAA1D2EDF008A6;GOBIERNO REGIONAL DE ANTOFAGASTA;GOBIERNO REGIONAL DE ANTOFAGASTA;CHILECOMPRA_MERCADO_PUBLICO;7199;true;false;REGIONAL_GOVERNMENT;false;72224100-2;ENT-RUT-72224100-2;GOBIERNO REGIONAL DE ANTOFAGASTA;EXACT_NORMALIZED_NAME_UNIQUE;HIGH;https://datos-abiertos.chilecompra.cl/organismos-compradores;https://api.mercadopublico.cl/servicios/v1/Publico/Empresas/BuscarComprador?ticket=F8537A18-6766-4DEF-9E59-426B4FEE2844;https://www.dipres.gob.cl/597/w3-multipropertyvalues-15145-37782.html
PUB-CL-9D15457070CD27DD69E6;GOBIERNO REGIONAL DE ARICA-PARINACOTA;GOBIERNO REGIONAL DE ARICA PARINACOTA;CHILECOMPRA_MERCADO_PUBLICO;267965;true;false;REGIONAL_GOVERNMENT;false;61978890-7;ENT-RUT-61978890-7;GOBIERNO REGIONAL DE ARICA-PARINACOTA;EXACT_NORMALIZED_NAME_UNIQUE;HIGH;https://datos-abiertos.chilecompra.cl/organismos-compradores;https://api.mercadopublico.cl/servicios/v1/Publico/Empresas/BuscarComprador?ticket=F8537A18-6766-4DEF-9E59-426B4FEE2844;https://www.dipres.gob.cl/597/w3-multipropertyvalues-15145-37782.html
PUB-CL-BBF6D0BE137B40794BAC;GOBIERNO REGIONAL DE ATACAMA;GOBIERNO REGIONAL DE ATACAMA;CHILECOMPRA_MERCADO_PUBLICO;7077;true;false;REGIONAL_GOVERNMENT;false;72232200-2;ENT-RUT-72232200-2;GOBIERNO REGIONAL DE ATACAMA;EXACT_NORMALIZED_NAME_UNIQUE;HIGH;https://datos-abiertos.chilecompra.cl/organismos-compradores;https://api.mercadopublico.cl/servicios/v1/Publico/Empresas/BuscarComprador?ticket=F8537A18-6766-4DEF-9E59-426B4FEE2844;https://www.dipres.gob.cl/597/w3-multipropertyvalues-15145-37782.html
PUB-CL-72BE8F918C3514BAB5EE;GOBIERNO REGIONAL DE AYSEN;GOBIERNO REGIONAL DE AYSEN;CHILECOMPRA_MERCADO_PUBLICO;7085;true;false;REGIONAL_GOVERNMENT;false;72222000-5;ENT-RUT-72222000-5;GOBIERNO REGIONAL DE AYSEN;EXACT_NORMALIZED_NAME_UNIQUE;HIGH;https://datos-abiertos.chilecompra.cl/organismos-compradores;https://api.mercadopublico.cl/servicios/v1/Publico/Empresas/BuscarComprador?ticket=F8537A18-6766-4DEF-9E59-426B4FEE2844;https://www.dipres.gob.cl/597/w3-multipropertyvalues-15145-37782.html
PUB-CL-2DF3816A2D22558EA1A5;GOBIERNO REGIONAL DE LA ARAUCANIA;GOBIERNO REGIONAL DE LA ARAUCANIA;CHILECOMPRA_MERCADO_PUBLICO;7013;true;false;REGIONAL_GOVERNMENT;false;72201100-7;ENT-RUT-72201100-7;GOBIERNO REGIONAL DE LA ARAUCANIA;EXACT_NORMALIZED_NAME_UNIQUE;HIGH;https://datos-abiertos.chilecompra.cl/organismos-compradores;https://api.mercadopublico.cl/servicios/v1/Publico/Empresas/BuscarComprador?ticket=F8537A18-6766-4DEF-9E59-426B4FEE2844;https://www.dipres.gob.cl/597/w3-multipropertyvalues-15145-37782.html
PUB-CL-12E45157DADA68E9FA9E;GOBIERNO REGIONAL DE LA REGION DEL BIO BIO;GOBIERNO REGIONAL DE LA REGION DEL BIO BIO;CHILECOMPRA_MERCADO_PUBLICO;7015;true;false;REGIONAL_GOVERNMENT;false;72232500-1;ENT-RUT-72232500-1;GOBIERNO REGIONAL DE LA REGION DEL BIO BIO;EXACT_NORMALIZED_NAME_UNIQUE;HIGH;https://datos-abiertos.chilecompra.cl/organismos-compradores;https://api.mercadopublico.cl/servicios/v1/Publico/Empresas/BuscarComprador?ticket=F8537A18-6766-4DEF-9E59-426B4FEE2844;https://www.dipres.gob.cl/597/w3-multipropertyvalues-15145-37782.html
PUB-CL-094D2EB61FB25BB0D525;GOBIERNO REGIONAL DE LOS RIOS;GOBIERNO REGIONAL DE LOS RIOS;CHILECOMPRA_MERCADO_PUBLICO;267799;true;false;REGIONAL_GOVERNMENT;false;61978900-8;ENT-RUT-61978900-8;GOBIERNO REGIONAL DE LOS RIOS;EXACT_NORMALIZED_NAME_UNIQUE;HIGH;https://datos-abiertos.chilecompra.cl/organismos-compradores;https://api.mercadopublico.cl/servicios/v1/Publico/Empresas/BuscarComprador?ticket=F8537A18-6766-4DEF-9E59-426B4FEE2844;https://www.dipres.gob.cl/597/w3-multipropertyvalues-15145-37782.html
PUB-CL-5A4889A09D3732EC9FCA;GOBIERNO REGIONAL DE TARAPACA;GOBIERNO REGIONAL DE TARAPACA;CHILECOMPRA_MERCADO_PUBLICO;7084;true;false;REGIONAL_GOVERNMENT;false;72223100-7;ENT-RUT-72223100-7;GOBIERNO REGIONAL DE TARAPACA;EXACT_NORMALIZED_NAME_UNIQUE;HIGH;https://datos-abiertos.chilecompra.cl/organismos-compradores;https://api.mercadopublico.cl/servicios/v1/Publico/Empresas/BuscarComprador?ticket=F8537A18-6766-4DEF-9E59-426B4FEE2844;https://www.dipres.gob.cl/597/w3-multipropertyvalues-15145-37782.html
PUB-CL-AD98FCAAA87108CB17A2;GOBIERNO REGIONAL DECIMA REGION LOS LAGOS;GOBIERNO REGIONAL DECIMA REGION LOS LAGOS;CHILECOMPRA_MERCADO_PUBLICO;7207;true;false;REGIONAL_GOVERNMENT;false;72221800-0;ENT-RUT-72221800-0;GOBIERNO REGIONAL DECIMA REGION LOS LAGOS;EXACT_NORMALIZED_NAME_UNIQUE;HIGH;https://datos-abiertos.chilecompra.cl/organismos-compradores;https://api.mercadopublico.cl/servicios/v1/Publico/Empresas/BuscarComprador?ticket=F8537A18-6766-4DEF-9E59-426B4FEE2844;https://www.dipres.gob.cl/597/w3-multipropertyvalues-15145-37782.html
PUB-CL-CFDC172995796BC1EA05;GOBIERNO REGIONAL IV REGION COQUIMBO;GOBIERNO REGIONAL IV REGION COQUIMBO;CHILECOMPRA_MERCADO_PUBLICO;6940;true;false;REGIONAL_GOVERNMENT;false;72225700-6;ENT-RUT-72225700-6;GOBIERNO REGIONAL IV REGION COQUIMBO;EXACT_NORMALIZED_NAME_UNIQUE;HIGH;https://datos-abiertos.chilecompra.cl/organismos-compradores;https://api.mercadopublico.cl/servicios/v1/Publico/Empresas/BuscarComprador?ticket=F8537A18-6766-4DEF-9E59-426B4FEE2844;https://www.dipres.gob.cl/597/w3-multipropertyvalues-15145-37782.html
PUB-CL-0AFC82080A9B4B4A0502;GOBIERNO REGIONAL REGION METROPOLITANA;GOBIERNO REGIONAL REGION METROPOLITANA;CHILECOMPRA_MERCADO_PUBLICO;7222;true;false;REGIONAL_GOVERNMENT;false;61923200-3;ENT-RUT-61923200-3;GOBIERNO REGIONAL REGION METROPOLITANA;EXACT_NORMALIZED_NAME_UNIQUE;HIGH;https://datos-abiertos.chilecompra.cl/organismos-compradores;https://api.mercadopublico.cl/servicios/v1/Publico/Empresas/BuscarComprador?ticket=F8537A18-6766-4DEF-9E59-426B4FEE2844;https://www.dipres.gob.cl/597/w3-multipropertyvalues-15145-37782.html
PUB-CL-8DA7E52E9C145687F2ED;GOBIERNO REGIONAL V REGION;GOBIERNO REGIONAL V REGION;CHILECOMPRA_MERCADO_PUBLICO;7172;true;false;REGIONAL_GOVERNMENT;false;72235100-2;ENT-RUT-72235100-2;GOBIERNO REGIONAL V REGION;EXACT_NORMALIZED_NAME_UNIQUE;HIGH;https://datos-abiertos.chilecompra.cl/organismos-compradores;https://api.mercadopublico.cl/servicios/v1/Publico/Empresas/BuscarComprador?ticket=F8537A18-6766-4DEF-9E59-426B4FEE2844;https://www.dipres.gob.cl/597/w3-multipropertyvalues-15145-37782.html
PUB-CL-A753E5992837951D2399;"GOBIERNO REGIONAL VI REGION DEL LI BERTADOR B O""HIGGINS";GOBIERNO REGIONAL VI REGION DEL LI BERTADOR B O HIGGINS;CHILECOMPRA_MERCADO_PUBLICO;7200;true;false;REGIONAL_GOVERNMENT;false;;;;NO_RUT_MATCH;UNMATCHED;https://datos-abiertos.chilecompra.cl/organismos-compradores;https://api.mercadopublico.cl/servicios/v1/Publico/Empresas/BuscarComprador?ticket=F8537A18-6766-4DEF-9E59-426B4FEE2844;https://www.dipres.gob.cl/597/w3-multipropertyvalues-15145-37782.html
PUB-CL-9E18E82B1C96D03FF77F;GOBIERNO REGIONAL VII REGION;GOBIERNO REGIONAL VII REGION;CHILECOMPRA_MERCADO_PUBLICO;7223;true;false;REGIONAL_GOVERNMENT;false;72227000-2;ENT-RUT-72227000-2;GOBIERNO REGIONAL VII REGION;EXACT_NORMALIZED_NAME_UNIQUE;HIGH;https://datos-abiertos.chilecompra.cl/organismos-compradores;https://api.mercadopublico.cl/servicios/v1/Publico/Empresas/BuscarComprador?ticket=F8537A18-6766-4DEF-9E59-426B4FEE2844;https://www.dipres.gob.cl/597/w3-multipropertyvalues-15145-37782.html
PUB-CL-E4C1B7EAADFB673BE578;GOBIERNO REGIONAL XII REGION MAGALLANES Y ANTARTICA CHILENA;GOBIERNO REGIONAL XII REGION MAGALLANES Y ANTARTICA CHILENA;CHILECOMPRA_MERCADO_PUBLICO;7087;true;false;REGIONAL_GOVERNMENT;false;72229800-4;ENT-RUT-72229800-4;GOBIERNO REGIONAL XII REGION MAGALLANES Y ANTARTICA CHILENA;EXACT_NORMALIZED_NAME_UNIQUE;HIGH;https://datos-abiertos.chilecompra.cl/organismos-compradores;https://api.mercadopublico.cl/servicios/v1/Publico/Empresas/BuscarComprador?ticket=F8537A18-6766-4DEF-9E59-426B4FEE2844;https://www.dipres.gob.cl/597/w3-multipropertyvalues-15145-37782.html
PUB-CL-C3C5ECF248C1CBA4C8EE;Banco del Estado de Chile;BANCO DEL ESTADO DE CHILE;CHILECOMPRA_MERCADO_PUBLICO;6959;true;false;STATE_COMPANY_OR_PUBLIC_CORPORATION;false;;;;NO_RUT_MATCH;UNMATCHED;https://datos-abiertos.chilecompra.cl/organismos-compradores;https://api.mercadopublico.cl/servicios/v1/Publico/Empresas/BuscarComprador?ticket=F8537A18-6766-4DEF-9E59-426B4FEE2844;https://www.dipres.gob.cl/597/w3-multipropertyvalues-15145-37782.html
PUB-CL-9DB2F39C4DA2AA4F4489;EMPRESA DE TRANSPORTE DE PASAJEROS METRO S A;EMPRESA DE TRANSPORTE DE PASAJEROS METRO S A;CHILECOMPRA_MERCADO_PUBLICO;7074;true;false;STATE_COMPANY_OR_PUBLIC_CORPORATION;false;61219000-3;ENT-RUT-61219000-3;EMPRESA DE TRANSPORTE DE PASAJEROS METRO S A;EXACT_NORMALIZED_NAME_UNIQUE;HIGH;https://datos-abiertos.chilecompra.cl/organismos-compradores;https://api.mercadopublico.cl/servicios/v1/Publico/Empresas/BuscarComprador?ticket=F8537A18-6766-4DEF-9E59-426B4FEE2844;https://www.dipres.gob.cl/597/w3-multipropertyvalues-15145-37782.html
PUB-CL-B8BECD5CF18BE120F5D9;EMPRESA PORTUARIA ANTOFAGASTA;EMPRESA PORTUARIA ANTOFAGASTA;CHILECOMPRA_MERCADO_PUBLICO;1069779;true;false;STATE_COMPANY_OR_PUBLIC_CORPORATION;false;73968300-9;ENT-RUT-73968300-9;EMPRESA PORTUARIA ANTOFAGASTA;EXACT_NORMALIZED_NAME_UNIQUE;HIGH;https://datos-abiertos.chilecompra.cl/organismos-compradores;https://api.mercadopublico.cl/servicios/v1/Publico/Empresas/BuscarComprador?ticket=F8537A18-6766-4DEF-9E59-426B4FEE2844;https://www.dipres.gob.cl/597/w3-multipropertyvalues-15145-37782.html
PUB-CL-D322DAC5064DD57893CC;EMPRESA PORTUARIA IQUIQUE;EMPRESA PORTUARIA IQUIQUE;CHILECOMPRA_MERCADO_PUBLICO;7493;true;false;STATE_COMPANY_OR_PUBLIC_CORPORATION;false;61951300-2;ENT-RUT-61951300-2;EMPRESA PORTUARIA IQUIQUE;EXACT_NORMALIZED_NAME_UNIQUE;HIGH;https://datos-abiertos.chilecompra.cl/organismos-compradores;https://api.mercadopublico.cl/servicios/v1/Publico/Empresas/BuscarComprador?ticket=F8537A18-6766-4DEF-9E59-426B4FEE2844;https://www.dipres.gob.cl/597/w3-multipropertyvalues-15145-37782.html
PUB-CL-9FABB90E4D7A2C27BBFC;EMPRESA PORTUARIA SAN ANTONIO;EMPRESA PORTUARIA SAN ANTONIO;CHILECOMPRA_MERCADO_PUBLICO;1076044;true;false;STATE_COMPANY_OR_PUBLIC_CORPORATION;false;61960100-9;ENT-RUT-61960100-9;EMPRESA PORTUARIA SAN ANTONIO;EXACT_NORMALIZED_NAME_UNIQUE;HIGH;https://datos-abiertos.chilecompra.cl/organismos-compradores;https://api.mercadopublico.cl/servicios/v1/Publico/Empresas/BuscarComprador?ticket=F8537A18-6766-4DEF-9E59-426B4FEE2844;https://www.dipres.gob.cl/597/w3-multipropertyvalues-15145-37782.html
PUB-CL-BC0DECAE67EA6377082B;EMPRESA PORTUARIA VALPARAISO;EMPRESA PORTUARIA VALPARAISO;CHILECOMPRA_MERCADO_PUBLICO;1061586;true;false;STATE_COMPANY_OR_PUBLIC_CORPORATION;false;61952700-3;ENT-RUT-61952700-3;EMPRESA PORTUARIA VALPARAISO;EXACT_NORMALIZED_NAME_UNIQUE;HIGH;https://datos-abiertos.chilecompra.cl/organismos-compradores;https://api.mercadopublico.cl/servicios/v1/Publico/Empresas/BuscarComprador?ticket=F8537A18-6766-4DEF-9E59-426B4FEE2844;https://www.dipres.gob.cl/597/w3-multipropertyvalues-15145-37782.html
PUB-CL-5CB5DEB96C030D32545A;Empresa Nacional de Minería;EMPRESA NACIONAL DE MINERIA;CHILECOMPRA_MERCADO_PUBLICO;6961;true;false;STATE_COMPANY_OR_PUBLIC_CORPORATION;false;;;;NO_RUT_MATCH;UNMATCHED;https://datos-abiertos.chilecompra.cl/organismos-compradores;https://api.mercadopublico.cl/servicios/v1/Publico/Empresas/BuscarComprador?ticket=F8537A18-6766-4DEF-9E59-426B4FEE2844;https://www.dipres.gob.cl/597/w3-multipropertyvalues-15145-37782.html
PUB-CL-E7642EFA2C2630D5AFB0;Empresa Nacional del Petróleo;EMPRESA NACIONAL DEL PETROLEO;CHILECOMPRA_MERCADO_PUBLICO;7149;true;false;STATE_COMPANY_OR_PUBLIC_CORPORATION;false;;;;NO_RUT_MATCH;UNMATCHED;https://datos-abiertos.chilecompra.cl/organismos-compradores;https://api.mercadopublico.cl/servicios/v1/Publico/Empresas/BuscarComprador?ticket=F8537A18-6766-4DEF-9E59-426B4FEE2844;https://www.dipres.gob.cl/597/w3-multipropertyvalues-15145-37782.html
PUB-CL-16B451380A8DAEDB3E20;Empresa Portuaria Arica;EMPRESA PORTUARIA ARICA;CHILECOMPRA_MERCADO_PUBLICO;1085179;true;false;STATE_COMPANY_OR_PUBLIC_CORPORATION;false;61945700-5;ENT-RUT-61945700-5;EMPRESA PORTUARIA ARICA;EXACT_NORMALIZED_NAME_UNIQUE;HIGH;https://datos-abiertos.chilecompra.cl/organismos-compradores;https://api.mercadopublico.cl/servicios/v1/Publico/Empresas/BuscarComprador?ticket=F8537A18-6766-4DEF-9E59-426B4FEE2844;https://www.dipres.gob.cl/597/w3-multipropertyvalues-15145-37782.html
PUB-CL-73D6F315069F2FED165F;Empresa Portuaria Puerto Montt;EMPRESA PORTUARIA PUERTO MONTT;CHILECOMPRA_MERCADO_PUBLICO;7463;true;false;STATE_COMPANY_OR_PUBLIC_CORPORATION;false;61950900-5;ENT-RUT-61950900-5;EMPRESA PORTUARIA PUERTO MONTT;EXACT_NORMALIZED_NAME_UNIQUE;HIGH;https://datos-abiertos.chilecompra.cl/organismos-compradores;https://api.mercadopublico.cl/servicios/v1/Publico/Empresas/BuscarComprador?ticket=F8537A18-6766-4DEF-9E59-426B4FEE2844;https://www.dipres.gob.cl/597/w3-multipropertyvalues-15145-37782.html
PUB-CL-FB9A99AD8C10188F9A50;Empresa de Abastecimiento de Zonas Aisladas- EMAZA;EMPRESA DE ABASTECIMIENTO DE ZONAS AISLADAS EMAZA;CHILECOMPRA_MERCADO_PUBLICO;7208;true;false;STATE_COMPANY_OR_PUBLIC_CORPORATION;false;;;;NO_RUT_MATCH;UNMATCHED;https://datos-abiertos.chilecompra.cl/organismos-compradores;https://api.mercadopublico.cl/servicios/v1/Publico/Empresas/BuscarComprador?ticket=F8537A18-6766-4DEF-9E59-426B4FEE2844;https://www.dipres.gob.cl/597/w3-multipropertyvalues-15145-37782.html
PUB-CL-40374F84512E82D51274;Empresa de Servicios Sanitarios de Atacama;EMPRESA DE SERVICIOS SANITARIOS DE ATACAMA;CHILECOMPRA_MERCADO_PUBLICO;7467;true;false;STATE_COMPANY_OR_PUBLIC_CORPORATION;false;;;;NO_RUT_MATCH;UNMATCHED;https://datos-abiertos.chilecompra.cl/organismos-compradores;https://api.mercadopublico.cl/servicios/v1/Publico/Empresas/BuscarComprador?ticket=F8537A18-6766-4DEF-9E59-426B4FEE2844;https://www.dipres.gob.cl/597/w3-multipropertyvalues-15145-37782.html
PUB-CL-EDA999BD6053E6977EF4;Empresa de Servicios Sanitarios de Magallanes S.A.;EMPRESA DE SERVICIOS SANITARIOS DE MAGALLANES S A;CHILECOMPRA_MERCADO_PUBLICO;7358;true;false;STATE_COMPANY_OR_PUBLIC_CORPORATION;false;;;;NO_RUT_MATCH;UNMATCHED;https://datos-abiertos.chilecompra.cl/organismos-compradores;https://api.mercadopublico.cl/servicios/v1/Publico/Empresas/BuscarComprador?ticket=F8537A18-6766-4DEF-9E59-426B4FEE2844;https://www.dipres.gob.cl/597/w3-multipropertyvalues-15145-37782.html
PUB-CL-678A4D430B150119E7D8;Empresa de Servicios Sanitarios de Tarapacá S.A.;EMPRESA DE SERVICIOS SANITARIOS DE TARAPACA S A;CHILECOMPRA_MERCADO_PUBLICO;7138;true;false;STATE_COMPANY_OR_PUBLIC_CORPORATION;false;;;;NO_RUT_MATCH;UNMATCHED;https://datos-abiertos.chilecompra.cl/organismos-compradores;https://api.mercadopublico.cl/servicios/v1/Publico/Empresas/BuscarComprador?ticket=F8537A18-6766-4DEF-9E59-426B4FEE2844;https://www.dipres.gob.cl/597/w3-multipropertyvalues-15145-37782.html
PUB-CL-874AB69BB65E2847B260;Empresa de Servicios Sanitarios de la Araucania;EMPRESA DE SERVICIOS SANITARIOS DE LA ARAUCANIA;CHILECOMPRA_MERCADO_PUBLICO;7128;true;false;STATE_COMPANY_OR_PUBLIC_CORPORATION;false;;;;NO_RUT_MATCH;UNMATCHED;https://datos-abiertos.chilecompra.cl/organismos-compradores;https://api.mercadopublico.cl/servicios/v1/Publico/Empresas/BuscarComprador?ticket=F8537A18-6766-4DEF-9E59-426B4FEE2844;https://www.dipres.gob.cl/597/w3-multipropertyvalues-15145-37782.html
PUB-CL-3DF364545D6FA4F1A97A;CENTRO DE FORMACION TECNICA ESTATAL DE MAGALLANES Y ANTARTICA CHILENA;CENTRO DE FORMACION TECNICA ESTATAL DE MAGALLANES Y ANTARTICA CHILENA;CHILECOMPRA_MERCADO_PUBLICO;1700248;true;false;STATE_HIGHER_EDUCATION;false;62000760-9;ENT-RUT-62000760-9;CENTRO DE FORMACION TECNICA ESTATAL DE MAGALLANES Y ANTARTICA CHILENA;EXACT_NORMALIZED_NAME_UNIQUE;HIGH;https://datos-abiertos.chilecompra.cl/organismos-compradores;https://api.mercadopublico.cl/servicios/v1/Publico/Empresas/BuscarComprador?ticket=F8537A18-6766-4DEF-9E59-426B4FEE2844;https://www.dipres.gob.cl/597/w3-multipropertyvalues-15145-37782.html
PUB-CL-24EE23EA71FD2FFC8FAA;CENTRO DE FORMACIÓN TÉCNICA ESTATAL DE LA REGIÓN DEL BIOBÍO;CENTRO DE FORMACION TECNICA ESTATAL DE LA REGION DEL BIOBIO;CHILECOMPRA_MERCADO_PUBLICO;1796821;true;false;STATE_HIGHER_EDUCATION;false;65201852-1;ENT-RUT-65201852-1;CENTRO DE FORMACIÓN TÉCNICA ESTATAL DE LA REGIÓN DEL BIOBÍO;EXACT_NORMALIZED_NAME_UNIQUE;HIGH;https://datos-abiertos.chilecompra.cl/organismos-compradores;https://api.mercadopublico.cl/servicios/v1/Publico/Empresas/BuscarComprador?ticket=F8537A18-6766-4DEF-9E59-426B4FEE2844;https://www.dipres.gob.cl/597/w3-multipropertyvalues-15145-37782.html
PUB-CL-85436542EB139321BDC7;CENTRO DE FORMACIÓN TÉCNICA ESTATAL DE LA REGIÓN DEL LIBERTADOR GENERA;CENTRO DE FORMACION TECNICA ESTATAL DE LA REGION DEL LIBERTADOR GENERA;CHILECOMPRA_MERCADO_PUBLICO;1772424;true;false;STATE_HIGHER_EDUCATION;false;;;;NO_RUT_MATCH;UNMATCHED;https://datos-abiertos.chilecompra.cl/organismos-compradores;https://api.mercadopublico.cl/servicios/v1/Publico/Empresas/BuscarComprador?ticket=F8537A18-6766-4DEF-9E59-426B4FEE2844;https://www.dipres.gob.cl/597/w3-multipropertyvalues-15145-37782.html
PUB-CL-86FC0D6DA8AAED54D522;CENTRO DE FORMACIÓN TÉCNICA ESTATAL REGIÓN ARICA Y PARINACOTA;CENTRO DE FORMACION TECNICA ESTATAL REGION ARICA Y PARINACOTA;CHILECOMPRA_MERCADO_PUBLICO;1741019;true;false;STATE_HIGHER_EDUCATION;false;53333710-4;ENT-RUT-53333710-4;CENTRO DE FORMACIÓN TÉCNICA ESTATAL REGIÓN ARICA Y PARINACOTA;EXACT_NORMALIZED_NAME_UNIQUE;HIGH;https://datos-abiertos.chilecompra.cl/organismos-compradores;https://api.mercadopublico.cl/servicios/v1/Publico/Empresas/BuscarComprador?ticket=F8537A18-6766-4DEF-9E59-426B4FEE2844;https://www.dipres.gob.cl/597/w3-multipropertyvalues-15145-37782.html
PUB-CL-BCD0E71EA907F47E8514;UNIVERSIDAD ARTURO PRAT;UNIVERSIDAD ARTURO PRAT;CHILECOMPRA_MERCADO_PUBLICO;7254;true;false;STATE_HIGHER_EDUCATION;false;70777500-9;ENT-RUT-70777500-9;UNIVERSIDAD ARTURO PRAT;EXACT_NORMALIZED_NAME_UNIQUE;HIGH;https://datos-abiertos.chilecompra.cl/organismos-compradores;https://api.mercadopublico.cl/servicios/v1/Publico/Empresas/BuscarComprador?ticket=F8537A18-6766-4DEF-9E59-426B4FEE2844;https://www.dipres.gob.cl/597/w3-multipropertyvalues-15145-37782.html
PUB-CL-8E0679163F2CC53BEA42;UNIVERSIDAD DE ANTOFAGASTA;UNIVERSIDAD DE ANTOFAGASTA;CHILECOMPRA_MERCADO_PUBLICO;130585;true;false;STATE_HIGHER_EDUCATION;false;70791800-4;ENT-RUT-70791800-4;UNIVERSIDAD DE ANTOFAGASTA;EXACT_NORMALIZED_NAME_UNIQUE;HIGH;https://datos-abiertos.chilecompra.cl/organismos-compradores;https://api.mercadopublico.cl/servicios/v1/Publico/Empresas/BuscarComprador?ticket=F8537A18-6766-4DEF-9E59-426B4FEE2844;https://www.dipres.gob.cl/597/w3-multipropertyvalues-15145-37782.html
PUB-CL-AADCE01E1133592E8DCC;UNIVERSIDAD DE ATACAMA;UNIVERSIDAD DE ATACAMA;CHILECOMPRA_MERCADO_PUBLICO;103916;true;false;STATE_HIGHER_EDUCATION;false;71236700-8;ENT-RUT-71236700-8;UNIVERSIDAD DE ATACAMA;EXACT_NORMALIZED_NAME_UNIQUE;HIGH;https://datos-abiertos.chilecompra.cl/organismos-compradores;https://api.mercadopublico.cl/servicios/v1/Publico/Empresas/BuscarComprador?ticket=F8537A18-6766-4DEF-9E59-426B4FEE2844;https://www.dipres.gob.cl/597/w3-multipropertyvalues-15145-37782.html
PUB-CL-E1051ECE0EFF86D8FE90;UNIVERSIDAD DE CHILE;UNIVERSIDAD DE CHILE;CHILECOMPRA_MERCADO_PUBLICO;7251;true;false;STATE_HIGHER_EDUCATION;false;60910000-1;ENT-RUT-60910000-1;UNIVERSIDAD DE CHILE;EXACT_NORMALIZED_NAME_UNIQUE;HIGH;https://datos-abiertos.chilecompra.cl/organismos-compradores;https://api.mercadopublico.cl/servicios/v1/Publico/Empresas/BuscarComprador?ticket=F8537A18-6766-4DEF-9E59-426B4FEE2844;https://www.dipres.gob.cl/597/w3-multipropertyvalues-15145-37782.html
PUB-CL-33846A0AB67CC69440DD;UNIVERSIDAD DE LA FRONTERA;UNIVERSIDAD DE LA FRONTERA;CHILECOMPRA_MERCADO_PUBLICO;277559;true;false;STATE_HIGHER_EDUCATION;false;;;;NO_RUT_MATCH;UNMATCHED;https://datos-abiertos.chilecompra.cl/organismos-compradores;https://api.mercadopublico.cl/servicios/v1/Publico/Empresas/BuscarComprador?ticket=F8537A18-6766-4DEF-9E59-426B4FEE2844;https://www.dipres.gob.cl/597/w3-multipropertyvalues-15145-37782.html
PUB-CL-EC2EB6B6BA47B98D53F2;UNIVERSIDAD DE LA SERENA;UNIVERSIDAD DE LA SERENA;CHILECOMPRA_MERCADO_PUBLICO;7319;true;false;STATE_HIGHER_EDUCATION;false;70783100-6;ENT-RUT-70783100-6;UNIVERSIDAD DE LA SERENA;EXACT_NORMALIZED_NAME_UNIQUE;HIGH;https://datos-abiertos.chilecompra.cl/organismos-compradores;https://api.mercadopublico.cl/servicios/v1/Publico/Empresas/BuscarComprador?ticket=F8537A18-6766-4DEF-9E59-426B4FEE2844;https://www.dipres.gob.cl/597/w3-multipropertyvalues-15145-37782.html
PUB-CL-E0BA5FA4FAF6AFDE8718;UNIVERSIDAD DE LOS LAGOS;UNIVERSIDAD DE LOS LAGOS;CHILECOMPRA_MERCADO_PUBLICO;266724;true;false;STATE_HIGHER_EDUCATION;false;70772100-6;ENT-RUT-70772100-6;UNIVERSIDAD DE LOS LAGOS;EXACT_NORMALIZED_NAME_UNIQUE;HIGH;https://datos-abiertos.chilecompra.cl/organismos-compradores;https://api.mercadopublico.cl/servicios/v1/Publico/Empresas/BuscarComprador?ticket=F8537A18-6766-4DEF-9E59-426B4FEE2844;https://www.dipres.gob.cl/597/w3-multipropertyvalues-15145-37782.html
PUB-CL-A8F0265D6A3D7BAA9945;UNIVERSIDAD DE MAGALLANES;UNIVERSIDAD DE MAGALLANES;CHILECOMPRA_MERCADO_PUBLICO;257227;true;false;STATE_HIGHER_EDUCATION;false;;;;NO_RUT_MATCH;UNMATCHED;https://datos-abiertos.chilecompra.cl/organismos-compradores;https://api.mercadopublico.cl/servicios/v1/Publico/Empresas/BuscarComprador?ticket=F8537A18-6766-4DEF-9E59-426B4FEE2844;https://www.dipres.gob.cl/597/w3-multipropertyvalues-15145-37782.html
PUB-CL-DEA1C98DAEB7352B10BF;UNIVERSIDAD DE PLAYA ANCHA DE CIENCIAS DE LA EDUCACION;UNIVERSIDAD DE PLAYA ANCHA DE CIENCIAS DE LA EDUCACION;CHILECOMPRA_MERCADO_PUBLICO;130972;true;false;STATE_HIGHER_EDUCATION;false;70754700-6;ENT-RUT-70754700-6;UNIVERSIDAD DE PLAYA ANCHA DE CIENCIAS DE LA EDUCACION;EXACT_NORMALIZED_NAME_UNIQUE;HIGH;https://datos-abiertos.chilecompra.cl/organismos-compradores;https://api.mercadopublico.cl/servicios/v1/Publico/Empresas/BuscarComprador?ticket=F8537A18-6766-4DEF-9E59-426B4FEE2844;https://www.dipres.gob.cl/597/w3-multipropertyvalues-15145-37782.html
PUB-CL-38FEC915C0884A49542A;UNIVERSIDAD DE SANTIAGO DE CHILE;UNIVERSIDAD DE SANTIAGO DE CHILE;CHILECOMPRA_MERCADO_PUBLICO;212299;true;false;STATE_HIGHER_EDUCATION;false;60911000-7;ENT-RUT-60911000-7;UNIVERSIDAD DE SANTIAGO DE CHILE;EXACT_NORMALIZED_NAME_UNIQUE;HIGH;https://datos-abiertos.chilecompra.cl/organismos-compradores;https://api.mercadopublico.cl/servicios/v1/Publico/Empresas/BuscarComprador?ticket=F8537A18-6766-4DEF-9E59-426B4FEE2844;https://www.dipres.gob.cl/597/w3-multipropertyvalues-15145-37782.html
PUB-CL-5811C90A784A52B90442;UNIVERSIDAD DE TALCA;UNIVERSIDAD DE TALCA;CHILECOMPRA_MERCADO_PUBLICO;7147;true;false;STATE_HIGHER_EDUCATION;false;70885500-6;ENT-RUT-70885500-6;UNIVERSIDAD DE TALCA;EXACT_NORMALIZED_NAME_UNIQUE;HIGH;https://datos-abiertos.chilecompra.cl/organismos-compradores;https://api.mercadopublico.cl/servicios/v1/Publico/Empresas/BuscarComprador?ticket=F8537A18-6766-4DEF-9E59-426B4FEE2844;https://www.dipres.gob.cl/597/w3-multipropertyvalues-15145-37782.html
PUB-CL-42B38DD992F03208D4FA;UNIVERSIDAD DE TARAPACA;UNIVERSIDAD DE TARAPACA;CHILECOMPRA_MERCADO_PUBLICO;204439;true;false;STATE_HIGHER_EDUCATION;false;;;;NO_RUT_MATCH;UNMATCHED;https://datos-abiertos.chilecompra.cl/organismos-compradores;https://api.mercadopublico.cl/servicios/v1/Publico/Empresas/BuscarComprador?ticket=F8537A18-6766-4DEF-9E59-426B4FEE2844;https://www.dipres.gob.cl/597/w3-multipropertyvalues-15145-37782.html
PUB-CL-A2ADE0AC3ADF865374D8;UNIVERSIDAD DE VALPARAISO;UNIVERSIDAD DE VALPARAISO;CHILECOMPRA_MERCADO_PUBLICO;96996;true;false;STATE_HIGHER_EDUCATION;false;60921000-1;ENT-RUT-60921000-1;UNIVERSIDAD DE VALPARAISO;EXACT_NORMALIZED_NAME_UNIQUE;HIGH;https://datos-abiertos.chilecompra.cl/organismos-compradores;https://api.mercadopublico.cl/servicios/v1/Publico/Empresas/BuscarComprador?ticket=F8537A18-6766-4DEF-9E59-426B4FEE2844;https://www.dipres.gob.cl/597/w3-multipropertyvalues-15145-37782.html
PUB-CL-3F8C57CBD3405244A861;UNIVERSIDAD DEL BIO BIO;UNIVERSIDAD DEL BIO BIO;CHILECOMPRA_MERCADO_PUBLICO;99805;true;false;STATE_HIGHER_EDUCATION;false;60911006-6;ENT-RUT-60911006-6;UNIVERSIDAD DEL BIO BIO;EXACT_NORMALIZED_NAME_UNIQUE;HIGH;https://datos-abiertos.chilecompra.cl/organismos-compradores;https://api.mercadopublico.cl/servicios/v1/Publico/Empresas/BuscarComprador?ticket=F8537A18-6766-4DEF-9E59-426B4FEE2844;https://www.dipres.gob.cl/597/w3-multipropertyvalues-15145-37782.html
PUB-CL-E9EA640C19B426CEDBC8;UNIVERSIDAD METROPOLITANA DE CIENCIAS DE LA EDUCACION;UNIVERSIDAD METROPOLITANA DE CIENCIAS DE LA EDUCACION;CHILECOMPRA_MERCADO_PUBLICO;164268;true;false;STATE_HIGHER_EDUCATION;false;60910047-8;ENT-RUT-60910047-8;UNIVERSIDAD METROPOLITANA DE CIENCIAS DE LA EDUCACION;EXACT_NORMALIZED_NAME_UNIQUE;HIGH;https://datos-abiertos.chilecompra.cl/organismos-compradores;https://api.mercadopublico.cl/servicios/v1/Publico/Empresas/BuscarComprador?ticket=F8537A18-6766-4DEF-9E59-426B4FEE2844;https://www.dipres.gob.cl/597/w3-multipropertyvalues-15145-37782.html
PUB-CL-B3C0DF47B60AE0CDD67C;UNIVERSIDAD TECNOLOGICA METROPOLITANA;UNIVERSIDAD TECNOLOGICA METROPOLITANA;CHILECOMPRA_MERCADO_PUBLICO;126109;true;false;STATE_HIGHER_EDUCATION;false;70729100-1;ENT-RUT-70729100-1;UNIVERSIDAD TECNOLOGICA METROPOLITANA;EXACT_NORMALIZED_NAME_UNIQUE;HIGH;https://datos-abiertos.chilecompra.cl/organismos-compradores;https://api.mercadopublico.cl/servicios/v1/Publico/Empresas/BuscarComprador?ticket=F8537A18-6766-4DEF-9E59-426B4FEE2844;https://www.dipres.gob.cl/597/w3-multipropertyvalues-15145-37782.html
PUB-CL-6FCACA17FF69D191836A;COMISION PARA EL MERCADO FINANCIERO;COMISION PARA EL MERCADO FINANCIERO;CHILECOMPRA_MERCADO_PUBLICO;7016;true;false;SUPERVISOR_OR_REGULATOR;false;60810000-8;ENT-RUT-60810000-8;COMISION PARA EL MERCADO FINANCIERO;EXACT_NORMALIZED_NAME_UNIQUE;HIGH;https://datos-abiertos.chilecompra.cl/organismos-compradores;https://api.mercadopublico.cl/servicios/v1/Publico/Empresas/BuscarComprador?ticket=F8537A18-6766-4DEF-9E59-426B4FEE2844;https://www.dipres.gob.cl/597/w3-multipropertyvalues-15145-37782.html
PUB-CL-E0450F84A06B47AE3F9D;SUPERINTENDENCIA DE CASINOS DE JUEGO;SUPERINTENDENCIA DE CASINOS DE JUEGO;CHILECOMPRA_MERCADO_PUBLICO;128260;true;true;SUPERVISOR_OR_REGULATOR;true;61976100-6;ENT-RUT-61976100-6;SUPERINTENDENCIA DE CASINOS DE JUEGO;EXACT_NORMALIZED_NAME_UNIQUE;HIGH;https://datos-abiertos.chilecompra.cl/organismos-compradores;https://api.mercadopublico.cl/servicios/v1/Publico/Empresas/BuscarComprador?ticket=F8537A18-6766-4DEF-9E59-426B4FEE2844;https://www.dipres.gob.cl/597/w3-multipropertyvalues-15145-37782.html
PUB-CL-9ED9E2F56F8083967D2F;SUPERINTENDENCIA DE ELECTRICIDAD Y COMBUSTIBLES;SUPERINTENDENCIA DE ELECTRICIDAD Y COMBUSTIBLES;CHILECOMPRA_MERCADO_PUBLICO;7232;true;true;SUPERVISOR_OR_REGULATOR;true;60510000-7;ENT-RUT-60510000-7;SUPERINTENDENCIA DE ELECTRICIDAD Y COMBUSTIBLES;EXACT_NORMALIZED_NAME_UNIQUE;HIGH;https://datos-abiertos.chilecompra.cl/organismos-compradores;https://api.mercadopublico.cl/servicios/v1/Publico/Empresas/BuscarComprador?ticket=F8537A18-6766-4DEF-9E59-426B4FEE2844;https://www.dipres.gob.cl/597/w3-multipropertyvalues-15145-37782.html
PUB-CL-8724940DE5528E6E24C4;SUPERINTENDENCIA DE INSOLVENCIA Y REEMPRENDIMIENTO;SUPERINTENDENCIA DE INSOLVENCIA Y REEMPRENDIMIENTO;CHILECOMPRA_MERCADO_PUBLICO;7181;true;true;SUPERVISOR_OR_REGULATOR;true;61005000-K;ENT-RUT-61005000-K;SUPERINTENDENCIA DE INSOLVENCIA Y REEMPRENDIMIENTO;EXACT_NORMALIZED_NAME_UNIQUE;HIGH;https://datos-abiertos.chilecompra.cl/organismos-compradores;https://api.mercadopublico.cl/servicios/v1/Publico/Empresas/BuscarComprador?ticket=F8537A18-6766-4DEF-9E59-426B4FEE2844;https://www.dipres.gob.cl/597/w3-multipropertyvalues-15145-37782.html
PUB-CL-0F4B00E58C32A23A0433;SUPERINTENDENCIA DE PENSIONES;SUPERINTENDENCIA DE PENSIONES;CHILECOMPRA_MERCADO_PUBLICO;93096;true;true;SUPERVISOR_OR_REGULATOR;true;60818000-1;ENT-RUT-60818000-1;SUPERINTENDENCIA DE PENSIONES;EXACT_NORMALIZED_NAME_UNIQUE;HIGH;https://datos-abiertos.chilecompra.cl/organismos-compradores;https://api.mercadopublico.cl/servicios/v1/Publico/Empresas/BuscarComprador?ticket=F8537A18-6766-4DEF-9E59-426B4FEE2844;https://www.dipres.gob.cl/597/w3-multipropertyvalues-15145-37782.html
PUB-CL-23D1EA30C3A16340D696;SUPERINTENDENCIA DE SALUD;SUPERINTENDENCIA DE SALUD;CHILECOMPRA_MERCADO_PUBLICO;6930;true;true;SUPERVISOR_OR_REGULATOR;true;60819000-7;ENT-RUT-60819000-7;SUPERINTENDENCIA DE SALUD;EXACT_NORMALIZED_NAME_UNIQUE;HIGH;https://datos-abiertos.chilecompra.cl/organismos-compradores;https://api.mercadopublico.cl/servicios/v1/Publico/Empresas/BuscarComprador?ticket=F8537A18-6766-4DEF-9E59-426B4FEE2844;https://www.dipres.gob.cl/597/w3-multipropertyvalues-15145-37782.html
PUB-CL-CBEE09644CDD540131E6;SUPERINTENDENCIA DE SEGURIDAD SOCIAL;SUPERINTENDENCIA DE SEGURIDAD SOCIAL;CHILECOMPRA_MERCADO_PUBLICO;7114;true;true;SUPERVISOR_OR_REGULATOR;true;61509000-K;ENT-RUT-61509000-K;SUPERINTENDENCIA DE SEGURIDAD SOCIAL;EXACT_NORMALIZED_NAME_UNIQUE;HIGH;https://datos-abiertos.chilecompra.cl/organismos-compradores;https://api.mercadopublico.cl/servicios/v1/Publico/Empresas/BuscarComprador?ticket=F8537A18-6766-4DEF-9E59-426B4FEE2844;https://www.dipres.gob.cl/597/w3-multipropertyvalues-15145-37782.html
PUB-CL-DFC571906B76E10CC035;SUPERINTENDENCIA DE SERVICIOS SANITARIOS;SUPERINTENDENCIA DE SERVICIOS SANITARIOS;CHILECOMPRA_MERCADO_PUBLICO;7192;true;true;SUPERVISOR_OR_REGULATOR;true;61221000-4;ENT-RUT-61221000-4;SUPERINTENDENCIA DE SERVICIOS SANITARIOS;EXACT_NORMALIZED_NAME_UNIQUE;HIGH;https://datos-abiertos.chilecompra.cl/organismos-compradores;https://api.mercadopublico.cl/servicios/v1/Publico/Empresas/BuscarComprador?ticket=F8537A18-6766-4DEF-9E59-426B4FEE2844;https://www.dipres.gob.cl/597/w3-multipropertyvalues-15145-37782.html
